{
"type": "FeatureCollection",
"name": "exp_seg",
"crs": { "type": "name", "properties": { "name": "urn:ogc:def:crs:OGC:1.3:CRS84" } },
"features": [
{ "type": "Feature", "properties": { "id": "0802ffffffffffff047ebf6e7c4f7550", "theme": "transportation", "type": "segment", "subtype": "rail", "class": null, "routes": null, "names": "{primary=東北新幹線, common={en=Tohoku Shinkansen, ja=東北新幹線}, rules=[{variant=common, language=null, value=東北新幹線, between=null, side=null}]}", "connector_ids": "[08f2e292332e6d96047ffe983ea15c7c, 08f2e2923326cc12047ebe388b11d8f3, 08f2e29353c44d08047fbf11a417828f, 08f2e29353824135047ffddf9eb603ce, 08f2e29351c1e468043fbd8e5bc73605, 08f2e74da145b80c047eedbb9780c82b, 08f2e74da1448820043feeae8d1da6dc]" }, "geometry": { "type": "LineString", "coordinates": [ [ 140.016185400000012, 36.9259332 ], [ 140.0157125, 36.9252744 ], [ 140.0148141, 36.9240325 ], [ 140.014026300000012, 36.9229295 ], [ 140.0137355, 36.922525 ], [ 140.013236400000011, 36.9218001 ], [ 140.0127106, 36.9210471 ], [ 140.011572199999989, 36.9194462 ], [ 140.0106098, 36.9181047 ], [ 140.009827800000011, 36.917047 ], [ 140.0088409, 36.9156879 ], [ 140.007627500000012, 36.9139681 ], [ 140.0064108, 36.9122549 ], [ 140.005741, 36.9113222 ], [ 140.0053594, 36.9107974 ], [ 140.005337200000014, 36.9107669 ], [ 140.0051009, 36.9104393 ], [ 140.004347599999988, 36.909378 ], [ 140.0033759, 36.9079787 ], [ 140.0022558, 36.9064021 ], [ 140.001417, 36.905233 ], [ 140.000671, 36.9041824 ], [ 139.999351499999989, 36.9023292 ], [ 139.998795800000011, 36.9015288 ], [ 139.997674600000011, 36.8999534 ], [ 139.9971184, 36.8991982 ], [ 139.99669080000001, 36.8985857 ], [ 139.9959661, 36.8975927 ], [ 139.9949562, 36.8961909 ], [ 139.9939741, 36.8948163 ], [ 139.9922316, 36.8923681 ], [ 139.9897374, 36.8888706 ], [ 139.9883367, 36.886894 ], [ 139.9869251, 36.8848837 ], [ 139.984715099999988, 36.8818006 ], [ 139.9836498, 36.8802948 ], [ 139.9819, 36.8778284 ], [ 139.979851200000013, 36.875049 ], [ 139.9783674, 36.8729366 ], [ 139.977409099999988, 36.8715902 ], [ 139.9751516, 36.8683957 ], [ 139.974404, 36.8673496 ], [ 139.9736671, 36.8663158 ], [ 139.972692, 36.8649536 ], [ 139.971628900000013, 36.8634782 ], [ 139.970469, 36.8617606 ], [ 139.969490400000012, 36.8603323 ], [ 139.9688419, 36.8593328 ], [ 139.967961, 36.857986 ], [ 139.967501, 36.857169 ], [ 139.967422, 36.857001 ], [ 139.966286599999989, 36.8545962 ], [ 139.965827, 36.853441 ], [ 139.9655584, 36.8525375 ], [ 139.9652901, 36.8516396 ], [ 139.9649656, 36.8505407 ], [ 139.9646357, 36.849125 ], [ 139.964423399999987, 36.8483499 ], [ 139.9640109, 36.8461023 ], [ 139.963794400000012, 36.844907 ], [ 139.9633763, 36.8425501 ], [ 139.963163900000012, 36.8413606 ], [ 139.9625404, 36.8378881 ], [ 139.9622774, 36.8363865 ], [ 139.962154700000013, 36.8356803 ], [ 139.9620328, 36.8349843 ], [ 139.9618841, 36.8341961 ], [ 139.9616695, 36.8329782 ], [ 139.9612428, 36.8305925 ], [ 139.9610293, 36.8293903 ], [ 139.960888, 36.8285915 ], [ 139.9607619, 36.8278694 ], [ 139.9605858, 36.8268966 ], [ 139.9604065, 36.8258757 ], [ 139.9603108, 36.8253359 ], [ 139.9601965, 36.8246909 ], [ 139.95987550000001, 36.8229031 ], [ 139.959672, 36.8217389 ], [ 139.959483, 36.8206874 ], [ 139.959180800000013, 36.8190202 ], [ 139.9590302, 36.8181704 ], [ 139.9589809, 36.8178925 ], [ 139.9585545, 36.815484 ], [ 139.9583453, 36.8142998 ], [ 139.9582323, 36.8137138 ], [ 139.957918400000011, 36.811935 ], [ 139.957445299999989, 36.8092764 ], [ 139.9571487, 36.8075894 ], [ 139.9569735, 36.8066266 ], [ 139.956949900000012, 36.8064953 ], [ 139.956828300000012, 36.80582 ], [ 139.9565968, 36.8044909 ], [ 139.955706600000013, 36.7995707 ], [ 139.95541, 36.7978647 ], [ 139.954910399999989, 36.7950426 ], [ 139.954824800000011, 36.7945615 ], [ 139.9545583, 36.793063 ], [ 139.9542452, 36.7912996 ], [ 139.9540295, 36.7900773 ], [ 139.9535134, 36.787356 ], [ 139.9529099, 36.7846595 ], [ 139.9523087, 36.7823693 ], [ 139.9518735, 36.7808519 ], [ 139.9512174, 36.7787909 ], [ 139.9505791, 36.7769434 ], [ 139.9501607, 36.775805 ], [ 139.9494277, 36.7739473 ], [ 139.9489845, 36.772874 ], [ 139.9481054, 36.7708517 ], [ 139.9475359, 36.769577 ], [ 139.946968, 36.7683493 ], [ 139.946238099999988, 36.7667493 ], [ 139.9455317, 36.7651535 ], [ 139.9448002, 36.7635024 ], [ 139.9400116, 36.7528481 ], [ 139.939178, 36.750999 ], [ 139.9384377, 36.7493792 ], [ 139.9379834, 36.7483529 ], [ 139.937357, 36.746949 ], [ 139.9366282, 36.7452846 ], [ 139.9356894, 36.7431858 ], [ 139.9353514, 36.7424327 ], [ 139.9325991, 36.7354637 ], [ 139.930383, 36.729785 ], [ 139.9295626, 36.7276455 ], [ 139.926424200000014, 36.7194316 ], [ 139.923267900000013, 36.7113317 ], [ 139.920506499999988, 36.7042166 ], [ 139.9197906, 36.7023603 ], [ 139.9191267, 36.7003901 ], [ 139.9186655, 36.6990269 ], [ 139.9181948, 36.6972011 ], [ 139.9180536, 36.6966275 ], [ 139.917810300000014, 36.6954258 ], [ 139.9175707, 36.6940385 ], [ 139.917281300000013, 36.6920732 ], [ 139.9171619, 36.690895 ], [ 139.917009, 36.68964 ], [ 139.9166692, 36.6841023 ], [ 139.9164905, 36.6812353 ], [ 139.91617260000001, 36.6766611 ], [ 139.9158625, 36.6738736 ], [ 139.91552440000001, 36.6714911 ], [ 139.9124066, 36.6508793 ], [ 139.9120354, 36.6485122 ], [ 139.9116208, 36.645737 ], [ 139.909714799999989, 36.6328865 ], [ 139.9094768, 36.631099 ], [ 139.9061178, 36.6016585 ], [ 139.9058196, 36.5993207 ], [ 139.905391400000013, 36.5961486 ], [ 139.9048603, 36.593069 ], [ 139.9011606, 36.5714905 ], [ 139.9005457, 36.5685356 ], [ 139.9002494, 36.5673217 ], [ 139.8999742, 36.5662254 ], [ 139.8996809, 36.5650982 ], [ 139.8991312, 36.5629867 ], [ 139.8991255, 36.5629641 ], [ 139.8987917, 36.5616462 ] ] } },
{ "type": "Feature", "properties": { "id": "0802ffffffffffff047ff76ba1a7e700", "theme": "transportation", "type": "segment", "subtype": "rail", "class": null, "routes": null, "names": "{primary=東北新幹線, common={en=Tohoku Shinkansen, ja=東北新幹線}, rules=[{variant=common, language=null, value=東北新幹線, between=null, side=null}]}", "connector_ids": "[08f2e74da1448876043feeacb9c3d6e1, 08f2e74da144a422047ffeb42852a82b, 08f2e29351c1e715043ef58cb25c814c, 08f2e29353824108047ef7ddb80d07d5, 08f2e29233263aee047ebe4233879f14, 08f2e292332e6d4a047fbe92aac7a6d9]" }, "geometry": { "type": "LineString", "coordinates": [ [ 139.8987449, 36.5616486 ], [ 139.8989226, 36.5623313 ], [ 139.898935200000011, 36.5623802 ], [ 139.8996371, 36.5651055 ], [ 139.899930399999988, 36.5662327 ], [ 139.9002055, 36.5673287 ], [ 139.9005017, 36.568542 ], [ 139.901116300000012, 36.5714959 ], [ 139.904816, 36.593074 ], [ 139.9053471, 36.5961532 ], [ 139.9057751, 36.5993243 ], [ 139.9060732, 36.6016617 ], [ 139.9094323, 36.6311023 ], [ 139.909670299999988, 36.6328903 ], [ 139.9115763, 36.6457412 ], [ 139.911991, 36.6485164 ], [ 139.9123622, 36.6508837 ], [ 139.91548, 36.6714995 ], [ 139.915818, 36.6738773 ], [ 139.916128, 36.6766639 ], [ 139.916445900000014, 36.6812371 ], [ 139.916624500000012, 36.6841041 ], [ 139.916964400000012, 36.6896423 ], [ 139.9171093, 36.6908937 ], [ 139.917236800000012, 36.6920769 ], [ 139.9175263, 36.6940475 ], [ 139.9177513, 36.6954565 ], [ 139.918002699999988, 36.6966415 ], [ 139.918141600000013, 36.6972064 ], [ 139.9186219, 36.6990349 ], [ 139.9190795, 36.7004009 ], [ 139.919754, 36.702374 ], [ 139.92045730000001, 36.7042289 ], [ 139.9232144, 36.7113491 ], [ 139.9263651, 36.7194419 ], [ 139.9295189, 36.7276672 ], [ 139.930332, 36.7297979 ], [ 139.932549599999987, 36.7354788 ], [ 139.935316199999988, 36.7424442 ], [ 139.935644700000012, 36.7432072 ], [ 139.936591099999987, 36.745295 ], [ 139.9373123, 36.7469594 ], [ 139.9379385, 36.7483653 ], [ 139.9383915, 36.7493985 ], [ 139.939131, 36.7510115 ], [ 139.9399685, 36.7528661 ], [ 139.9447529, 36.7635153 ], [ 139.9454767, 36.7651443 ], [ 139.9462011, 36.7667599 ], [ 139.9469201, 36.7683586 ], [ 139.947489, 36.7695909 ], [ 139.9480654, 36.7708629 ], [ 139.9489388, 36.7728843 ], [ 139.949384400000014, 36.7739596 ], [ 139.950110099999989, 36.7758159 ], [ 139.9505306, 36.7769572 ], [ 139.951169599999986, 36.7788003 ], [ 139.9518229, 36.7808594 ], [ 139.9522598, 36.7823763 ], [ 139.9528617, 36.7846638 ], [ 139.9534655, 36.7873621 ], [ 139.9539776, 36.7900829 ], [ 139.9542, 36.7913057 ], [ 139.9545095, 36.7930665 ], [ 139.9547739, 36.794563 ], [ 139.9548575, 36.7950452 ], [ 139.9553613, 36.7978694 ], [ 139.9556677, 36.7995752 ], [ 139.9565442, 36.8044954 ], [ 139.956783699999988, 36.8058243 ], [ 139.9569074, 36.8065109 ], [ 139.9569291, 36.8066315 ], [ 139.9571042, 36.8075941 ], [ 139.9574007, 36.8092803 ], [ 139.95787390000001, 36.8119398 ], [ 139.9581905, 36.8137145 ], [ 139.9582948, 36.8143033 ], [ 139.9585045, 36.8154898 ], [ 139.9589308, 36.817898 ], [ 139.958981599999987, 36.8181843 ], [ 139.9591308, 36.8190258 ], [ 139.959433, 36.8206931 ], [ 139.959622, 36.8217443 ], [ 139.959825599999988, 36.8229091 ], [ 139.9601465, 36.8246964 ], [ 139.9603562, 36.8258798 ], [ 139.9605358, 36.826902 ], [ 139.9607119, 36.8278751 ], [ 139.960838, 36.8285973 ], [ 139.9609793, 36.8293957 ], [ 139.9611928, 36.8305984 ], [ 139.961619399999989, 36.8329836 ], [ 139.9618341, 36.8342019 ], [ 139.961982799999987, 36.8349902 ], [ 139.9621047, 36.8356857 ], [ 139.962227399999989, 36.8363922 ], [ 139.9624904, 36.8378939 ], [ 139.963114, 36.8413664 ], [ 139.9633263, 36.8425559 ], [ 139.9637445, 36.8449129 ], [ 139.963961, 36.8461084 ], [ 139.9643735, 36.8483563 ], [ 139.964586, 36.849132 ], [ 139.964916100000011, 36.8505488 ], [ 139.965241099999986, 36.8516494 ], [ 139.9655088, 36.8525496 ], [ 139.965778699999987, 36.8534529 ], [ 139.966239, 36.8546096 ], [ 139.9665536, 36.8553401 ], [ 139.9673747, 36.8570152 ], [ 139.9674547, 36.8571852 ], [ 139.967915799999986, 36.8580039 ], [ 139.968801500000012, 36.8593714 ], [ 139.9694557, 36.8603585 ], [ 139.9704463, 36.8618317 ], [ 139.971585, 36.8634982 ], [ 139.972648, 36.8649734 ], [ 139.9736232, 36.8663357 ], [ 139.974360100000013, 36.8673695 ], [ 139.975107799999989, 36.8684157 ], [ 139.9773653, 36.8716103 ], [ 139.97832360000001, 36.8729567 ], [ 139.9798074, 36.875069 ], [ 139.981861400000014, 36.8778505 ], [ 139.9835979, 36.8803019 ], [ 139.98466590000001, 36.8818141 ], [ 139.986891899999989, 36.8848994 ], [ 139.9882905, 36.8869115 ], [ 139.9896982, 36.8888964 ], [ 139.992187800000011, 36.8923919 ], [ 139.993930400000011, 36.8948365 ], [ 139.99491230000001, 36.8962109 ], [ 139.995932, 36.8976167 ], [ 139.996641399999987, 36.8986009 ], [ 139.99707380000001, 36.8992171 ], [ 139.9976356, 36.8999735 ], [ 139.99876660000001, 36.9015606 ], [ 139.9993182, 36.9023435 ], [ 140.0006294, 36.9042079 ], [ 140.001379, 36.905263 ], [ 140.0022113, 36.9064256 ], [ 140.0033387, 36.9080021 ], [ 140.0043129, 36.9093943 ], [ 140.0050645, 36.9104543 ], [ 140.0052992, 36.9107801 ], [ 140.0057071, 36.9113399 ], [ 140.0063769, 36.9122725 ], [ 140.0075929, 36.9139841 ], [ 140.00881, 36.9157045 ], [ 140.0097963, 36.9170659 ], [ 140.010579299999989, 36.9181261 ], [ 140.011542100000014, 36.9194668 ], [ 140.012675, 36.9210529 ], [ 140.0131935, 36.9218087 ], [ 140.0136884, 36.9225503 ], [ 140.013982700000014, 36.9229464 ], [ 140.01478560000001, 36.9240749 ], [ 140.015636, 36.9252597 ], [ 140.0160426, 36.9258428 ] ] } },
{ "type": "Feature", "properties": { "id": "0812e3ffffffffff047f5f1da75455dd", "theme": "transportation", "type": "segment", "subtype": "rail", "class": null, "routes": null, "names": "{primary=東北新幹線, common={en=Tohoku Shinkansen, ja=東北新幹線}, rules=[{variant=common, language=null, value=東北新幹線, between=null, side=null}]}", "connector_ids": "[08f2e2b40a2ae2eb047fef596ffa13eb, 08f2e0cb11905a5c043fefa60bda7de5]" }, "geometry": { "type": "LineString", "coordinates": [ [ 140.9582959, 38.3032491 ], [ 140.958579899999989, 38.3036484 ], [ 140.958857599999988, 38.3040079 ], [ 140.959157800000014, 38.3043915 ], [ 140.9608639, 38.3066278 ], [ 140.9617245, 38.3077604 ], [ 140.9622403, 38.3084587 ], [ 140.9630012, 38.3095147 ], [ 140.9637486, 38.310583 ], [ 140.9639655, 38.3109143 ], [ 140.9641868, 38.3112752 ], [ 140.964615400000014, 38.3119769 ], [ 140.9652159, 38.3130197 ], [ 140.965822800000012, 38.3142085 ], [ 140.9665089, 38.3157264 ], [ 140.9671008, 38.3172335 ], [ 140.9675047, 38.3184234 ], [ 140.968054, 38.3203503 ], [ 140.9682339, 38.3211458 ], [ 140.968395, 38.3219727 ], [ 140.9685881, 38.3231518 ], [ 140.9687815, 38.3247367 ], [ 140.9688243, 38.3255672 ], [ 140.9688769, 38.3271148 ], [ 140.968859900000012, 38.3281474 ], [ 140.968808200000012, 38.3290959 ], [ 140.9686533, 38.331914 ], [ 140.9685179, 38.3342429 ], [ 140.968501800000013, 38.3346052 ], [ 140.968187199999988, 38.339525 ], [ 140.968167099999988, 38.3400058 ], [ 140.967109, 38.3574454 ], [ 140.9670736, 38.3581726 ], [ 140.9667757, 38.3630871 ], [ 140.9667456, 38.3635968 ], [ 140.9666732, 38.3650543 ], [ 140.966616, 38.3661773 ], [ 140.966551, 38.3669024 ], [ 140.9665341, 38.3672286 ], [ 140.966496400000011, 38.3679978 ], [ 140.9664407, 38.3687177 ], [ 140.966329699999989, 38.3705925 ], [ 140.9662801, 38.3714882 ], [ 140.9661869, 38.3729619 ], [ 140.9661768, 38.3733474 ], [ 140.965968800000013, 38.3764477 ], [ 140.9659413, 38.3769052 ], [ 140.9659012, 38.3777124 ], [ 140.965812699999987, 38.379502 ], [ 140.964345900000012, 38.403024 ], [ 140.964316599999989, 38.403705 ], [ 140.96417790000001, 38.40605 ], [ 140.9640956, 38.4084943 ], [ 140.9640891, 38.4098331 ], [ 140.9640493, 38.4104309 ], [ 140.964005500000013, 38.4112843 ], [ 140.963915899999989, 38.4127356 ], [ 140.9637918, 38.4140724 ], [ 140.96341240000001, 38.4182696 ], [ 140.963153299999988, 38.4226038 ], [ 140.96303, 38.4269129 ], [ 140.962214499999988, 38.4402692 ], [ 140.9611075, 38.4584959 ], [ 140.961049, 38.459177 ], [ 140.960925, 38.460943 ], [ 140.9607207, 38.4642358 ], [ 140.960616, 38.4660273 ], [ 140.960521, 38.46758 ], [ 140.960358899999989, 38.4699742 ], [ 140.959101, 38.488557 ], [ 140.9588599, 38.4914838 ], [ 140.958841, 38.492891 ], [ 140.958849, 38.4940762 ], [ 140.958857, 38.494594 ], [ 140.958891, 38.495461 ], [ 140.958931, 38.496419 ], [ 140.958949, 38.496845 ], [ 140.95896, 38.497333 ], [ 140.958985, 38.497965 ], [ 140.959168, 38.501296 ], [ 140.9597719, 38.5123401 ], [ 140.9598336, 38.5137925 ], [ 140.960123900000013, 38.5193633 ], [ 140.9601485, 38.5198522 ], [ 140.9603328, 38.5228684 ], [ 140.9604478, 38.5260479 ], [ 140.9609279, 38.5351595 ], [ 140.9612498, 38.541786 ], [ 140.9614081, 38.5445467 ], [ 140.961504, 38.5456227 ], [ 140.961644799999988, 38.5466934 ], [ 140.961851, 38.5478805 ], [ 140.9624594, 38.5505106 ], [ 140.9633853, 38.5540752 ], [ 140.9644467, 38.558097 ], [ 140.9668107, 38.5674464 ] ] } },
{ "type": "Feature", "properties": { "id": "0812e3ffffffffff047fef1ff6b9ea23", "theme": "transportation", "type": "segment", "subtype": "rail", "class": null, "routes": null, "names": "{primary=東北新幹線, common={en=Tohoku Shinkansen, ja=東北新幹線}, rules=[{variant=common, language=null, value=東北新幹線, between=null, side=null}]}", "connector_ids": "[08f2e0cb11905a08043fdfa7e223954f, 08f2e2b40a2ae2e5047f4f5aaffb3585]" }, "geometry": { "type": "LineString", "coordinates": [ [ 140.966857800000014, 38.567445 ], [ 140.964508599999988, 38.558087 ], [ 140.9634472, 38.5540653 ], [ 140.9625215, 38.5505013 ], [ 140.961913399999986, 38.5478727 ], [ 140.961707499999989, 38.5466875 ], [ 140.9615669, 38.5456184 ], [ 140.9614712, 38.5445445 ], [ 140.9613129, 38.5417839 ], [ 140.960991, 38.5351575 ], [ 140.9605109, 38.5260462 ], [ 140.9603959, 38.5228665 ], [ 140.9602116, 38.51985 ], [ 140.9601869, 38.5193613 ], [ 140.959911299999987, 38.5137841 ], [ 140.959836200000012, 38.5123443 ], [ 140.959231100000011, 38.501294 ], [ 140.9590481, 38.4979634 ], [ 140.9590231, 38.4973318 ], [ 140.9590121, 38.4968437 ], [ 140.958994100000012, 38.4964174 ], [ 140.9589541, 38.4954594 ], [ 140.9589201, 38.4945929 ], [ 140.9589121, 38.4940756 ], [ 140.9589099, 38.4928908 ], [ 140.9589288, 38.4914859 ], [ 140.959167799999989, 38.4885598 ], [ 140.9603449, 38.4711505 ], [ 140.960422200000011, 38.4699723 ], [ 140.9605785, 38.4675823 ], [ 140.9606736, 38.4660294 ], [ 140.9607782, 38.464238 ], [ 140.9609825, 38.4609453 ], [ 140.9611065, 38.4591798 ], [ 140.961165, 38.4584985 ], [ 140.9622723, 38.4402715 ], [ 140.9630905, 38.4269152 ], [ 140.9632168, 38.4225872 ], [ 140.9634829, 38.4182729 ], [ 140.9638587, 38.4140742 ], [ 140.9639693, 38.4127312 ], [ 140.9640643, 38.4112857 ], [ 140.9641081, 38.4104302 ], [ 140.9641479, 38.40983 ], [ 140.9641546, 38.4085048 ], [ 140.964238099999989, 38.406051 ], [ 140.9643567, 38.4037063 ], [ 140.964386, 38.4030253 ], [ 140.9658528, 38.3795035 ], [ 140.9659584, 38.3777144 ], [ 140.9660001, 38.3769044 ], [ 140.966034400000012, 38.376445 ], [ 140.966233100000011, 38.3733555 ], [ 140.9662472, 38.3729636 ], [ 140.966343, 38.3714907 ], [ 140.9663926, 38.3705947 ], [ 140.96650360000001, 38.3687203 ], [ 140.9665593, 38.3680003 ], [ 140.966597, 38.3672306 ], [ 140.9666139, 38.3669051 ], [ 140.9666789, 38.36618 ], [ 140.966736200000014, 38.3650562 ], [ 140.9668086, 38.3635989 ], [ 140.966838700000011, 38.3630894 ], [ 140.9671366, 38.3581745 ], [ 140.967171900000011, 38.3574476 ], [ 140.96823, 38.3400075 ], [ 140.9682502, 38.3395271 ], [ 140.9685647, 38.3346077 ], [ 140.968580800000012, 38.3342449 ], [ 140.968716199999989, 38.3319162 ], [ 140.9688712, 38.329098 ], [ 140.9689148, 38.3281474 ], [ 140.9689209, 38.3271141 ], [ 140.968885, 38.3255536 ], [ 140.968829199999988, 38.3247321 ], [ 140.968652600000013, 38.3231737 ], [ 140.9684579, 38.3219628 ], [ 140.9682903, 38.321137 ], [ 140.9681105, 38.3203451 ], [ 140.9675579, 38.318412 ], [ 140.9671511, 38.317214 ], [ 140.966562900000014, 38.3157069 ], [ 140.965870099999989, 38.3141871 ], [ 140.965260300000011, 38.3130086 ], [ 140.9646569, 38.3119518 ], [ 140.9642374, 38.3112513 ], [ 140.964008400000012, 38.3108953 ], [ 140.963794400000012, 38.310557 ], [ 140.963044200000013, 38.3094957 ], [ 140.9622899, 38.3084358 ], [ 140.961762099999987, 38.3077425 ], [ 140.960905200000013, 38.3066055 ], [ 140.959212400000013, 38.3043734 ], [ 140.9588918, 38.3039915 ], [ 140.95861450000001, 38.3036326 ], [ 140.9583279, 38.3032329 ] ] } },
{ "type": "Feature", "properties": { "id": "0822e0ffffffffff047f6dec854c31f2", "theme": "transportation", "type": "segment", "subtype": "rail", "class": null, "routes": null, "names": "{primary=東北新幹線, common={en=Tohoku Shinkansen, ja=東北新幹線}, rules=[{variant=common, language=null, value=東北新幹線, between=null, side=null}]}", "connector_ids": "[08f2e0ea003a5a0e043fff29b1a3a1e0, 08f2e0c44c6d54c9047f6fce52f57909]" }, "geometry": { "type": "LineString", "coordinates": [ [ 141.140574500000014, 39.6975319 ], [ 141.1408693, 39.6972193 ], [ 141.1411254, 39.696948 ], [ 141.141388299999988, 39.6966643 ], [ 141.1416398, 39.6963504 ], [ 141.141868499999987, 39.6960306 ], [ 141.142093100000011, 39.6957282 ], [ 141.1429493, 39.6944456 ], [ 141.1435636, 39.6935612 ], [ 141.144387200000011, 39.6923982 ], [ 141.14490330000001, 39.6916428 ], [ 141.145556, 39.6906896 ], [ 141.1462636, 39.6895156 ], [ 141.1467174, 39.6886814 ], [ 141.147327100000012, 39.6873916 ], [ 141.147636299999988, 39.6866082 ], [ 141.147795300000013, 39.6861711 ], [ 141.1480804, 39.6852959 ], [ 141.148196399999989, 39.6848555 ], [ 141.1483958, 39.6840385 ], [ 141.1485432, 39.6832273 ], [ 141.148658899999987, 39.6825009 ], [ 141.1487, 39.6821429 ], [ 141.1487416, 39.6816888 ], [ 141.1487644, 39.6813563 ], [ 141.1487818, 39.6809374 ], [ 141.1487894, 39.6806 ], [ 141.1487737, 39.6798165 ], [ 141.1487339, 39.6788956 ], [ 141.1486611, 39.6779895 ], [ 141.1483504, 39.6737149 ], [ 141.1480455, 39.6691061 ], [ 141.147532, 39.6618659 ], [ 141.14718, 39.6569662 ], [ 141.1466663, 39.6497169 ], [ 141.1464518, 39.6466826 ], [ 141.1460338, 39.64094 ], [ 141.145512200000013, 39.6335432 ], [ 141.1454719, 39.6328399 ], [ 141.1454349, 39.6320438 ], [ 141.1454191, 39.6308731 ], [ 141.1454344, 39.6304498 ], [ 141.145458499999989, 39.6297113 ], [ 141.145534199999986, 39.6287098 ], [ 141.1456873, 39.6273932 ], [ 141.1460735, 39.6251593 ], [ 141.146887099999987, 39.6212224 ], [ 141.1477256, 39.6169491 ], [ 141.1484427, 39.6134736 ], [ 141.1495703, 39.607985 ], [ 141.1500049, 39.6059362 ], [ 141.1506719, 39.6025011 ], [ 141.1514458, 39.5982768 ], [ 141.152138, 39.5949621 ], [ 141.152401, 39.5936391 ], [ 141.15331470000001, 39.5890157 ], [ 141.1543058, 39.5841559 ], [ 141.1550623, 39.5804317 ], [ 141.156905099999989, 39.5710257 ], [ 141.1578691, 39.5665049 ], [ 141.1587729, 39.5621355 ], [ 141.1591291, 39.5602665 ], [ 141.159987300000012, 39.5559991 ], [ 141.1602369, 39.5547591 ], [ 141.160626400000012, 39.5528977 ], [ 141.1608785, 39.5517375 ], [ 141.160966800000011, 39.5513779 ], [ 141.161278, 39.5502694 ], [ 141.1615062, 39.5495923 ], [ 141.1618817, 39.5484967 ], [ 141.162363199999987, 39.54726 ], [ 141.1646014, 39.5419567 ], [ 141.1658138, 39.5390692 ], [ 141.1670313, 39.5360746 ], [ 141.1700571, 39.5288604 ], [ 141.170858900000013, 39.5268889 ], [ 141.1712723, 39.5257659 ], [ 141.1717716, 39.5241973 ], [ 141.1721407, 39.5227417 ], [ 141.1722833, 39.5220289 ], [ 141.172431499999988, 39.5212653 ], [ 141.172541, 39.520578 ], [ 141.172691, 39.5193702 ], [ 141.1727607, 39.5186005 ], [ 141.1729432, 39.5155613 ], [ 141.1732542, 39.5092185 ], [ 141.1733884, 39.5067373 ], [ 141.173412500000012, 39.5062903 ], [ 141.1736866, 39.5010095 ], [ 141.1737382, 39.5 ], [ 141.1740754, 39.4929931 ], [ 141.1743085, 39.4883265 ], [ 141.174748, 39.4796881 ], [ 141.174886, 39.4772121 ], [ 141.174968, 39.4753091 ], [ 141.175071, 39.4730831 ], [ 141.1759803, 39.4548784 ], [ 141.1764794, 39.4448789 ], [ 141.1766673, 39.4410247 ], [ 141.177132699999987, 39.4316754 ], [ 141.1774632, 39.4250135 ], [ 141.1775428, 39.4232294 ], [ 141.177557799999988, 39.4222596 ], [ 141.1775475, 39.4212483 ], [ 141.1774772, 39.4199526 ], [ 141.1773638, 39.4187957 ], [ 141.177271100000013, 39.4180666 ], [ 141.177072399999986, 39.4168602 ], [ 141.1766843, 39.4151634 ], [ 141.1765055, 39.4144691 ], [ 141.1762851, 39.4137358 ], [ 141.176100100000014, 39.4131307 ], [ 141.1757997, 39.4122458 ], [ 141.1742549, 39.4077615 ], [ 141.1738265, 39.4065289 ], [ 141.1733069, 39.4050338 ], [ 141.1714469, 39.3996799 ], [ 141.1700361, 39.3956068 ], [ 141.168455200000011, 39.3910488 ], [ 141.168263200000013, 39.3904545 ], [ 141.167931, 39.3894814 ], [ 141.1666658, 39.3858364 ], [ 141.1621337, 39.3727393 ], [ 141.1617673, 39.3716799 ], [ 141.1615426, 39.3710305 ], [ 141.1562678, 39.3557779 ], [ 141.1516466, 39.3423789 ], [ 141.14898070000001, 39.3347431 ], [ 141.148143299999987, 39.3322883 ], [ 141.146468, 39.327545 ], [ 141.1444581, 39.3216932 ], [ 141.143817, 39.3198506 ], [ 141.1430508, 39.3176185 ], [ 141.1411057, 39.3121527 ], [ 141.140278200000012, 39.3102097 ], [ 141.1395552, 39.3087287 ], [ 141.1390212, 39.3077564 ], [ 141.1379066, 39.3059801 ], [ 141.13743070000001, 39.305241 ], [ 141.1365054, 39.3038029 ], [ 141.135796699999986, 39.3026833 ], [ 141.1344268, 39.3005605 ], [ 141.1321735, 39.2970757 ], [ 141.1310363, 39.2953259 ], [ 141.1303639, 39.2942759 ], [ 141.129293600000011, 39.2926262 ], [ 141.1270265, 39.2891301 ], [ 141.1254707, 39.2867464 ], [ 141.1251282, 39.2861801 ] ] } },
{ "type": "Feature", "properties": { "id": "0822e0ffffffffff047f6fea6016e829", "theme": "transportation", "type": "segment", "subtype": "rail", "class": null, "routes": null, "names": "{primary=東北新幹線, common={en=Tohoku Shinkansen, ja=東北新幹線}, rules=[{variant=common, language=null, value=東北新幹線, between=null, side=null}]}", "connector_ids": "[08f2e0c44c6d56b4047f77cc5490640d, 08f2e0ea003a5a71043f6e28181d0f0c]" }, "geometry": { "type": "LineString", "coordinates": [ [ 141.1250772, 39.2861975 ], [ 141.1254305, 39.2867671 ], [ 141.1269948, 39.2891474 ], [ 141.129240900000013, 39.2926316 ], [ 141.1303122, 39.294285 ], [ 141.130996, 39.2953425 ], [ 141.1321145, 39.2970799 ], [ 141.1343795, 39.3005784 ], [ 141.1357492, 39.3026925 ], [ 141.1364707, 39.3038196 ], [ 141.1373877, 39.3052638 ], [ 141.137869, 39.3059985 ], [ 141.1389729, 39.3077751 ], [ 141.139506, 39.3087558 ], [ 141.1402225, 39.3102305 ], [ 141.1410591, 39.3121616 ], [ 141.1429986, 39.3176248 ], [ 141.1437607, 39.3198548 ], [ 141.144404400000013, 39.321716 ], [ 141.146408, 39.327558 ], [ 141.1480885, 39.3323052 ], [ 141.148936600000013, 39.3347493 ], [ 141.151599800000014, 39.3423934 ], [ 141.156212900000014, 39.3557799 ], [ 141.161707, 39.3716923 ], [ 141.1620735, 39.3727537 ], [ 141.1666619, 39.3859918 ], [ 141.1678708, 39.3894937 ], [ 141.1682166, 39.3904849 ], [ 141.168404, 39.3910517 ], [ 141.1699896, 39.3956372 ], [ 141.171397500000012, 39.3996883 ], [ 141.1732651, 39.4050425 ], [ 141.1737791, 39.4065399 ], [ 141.1742023, 39.4077724 ], [ 141.1757567, 39.4122541 ], [ 141.1760437, 39.4131348 ], [ 141.1762395, 39.4137441 ], [ 141.176445300000012, 39.4144731 ], [ 141.176631500000013, 39.415172 ], [ 141.1770085, 39.4168524 ], [ 141.1772177, 39.4180451 ], [ 141.177309900000012, 39.4187841 ], [ 141.1774311, 39.4199473 ], [ 141.1774959, 39.4212354 ], [ 141.17750620000001, 39.4222221 ], [ 141.177491300000014, 39.4232403 ], [ 141.177417100000014, 39.4250036 ], [ 141.1770838, 39.4316761 ], [ 141.176618499999989, 39.4410209 ], [ 141.1764306, 39.4448793 ], [ 141.1759288, 39.4548821 ], [ 141.1750087, 39.4730817 ], [ 141.1749058, 39.4753074 ], [ 141.174823800000013, 39.47721 ], [ 141.1746858, 39.4796866 ], [ 141.1742596, 39.4883127 ], [ 141.1740213, 39.4929983 ], [ 141.173676, 39.5000067 ], [ 141.173626, 39.5010077 ], [ 141.1733481, 39.5062841 ], [ 141.1733267, 39.5067393 ], [ 141.1732006, 39.5092226 ], [ 141.17289980000001, 39.5155617 ], [ 141.1727017, 39.5185901 ], [ 141.172629300000011, 39.5193639 ], [ 141.172484200000014, 39.5205707 ], [ 141.172367, 39.521247 ], [ 141.172227, 39.5220227 ], [ 141.1720874, 39.5227416 ], [ 141.171713399999987, 39.5241913 ], [ 141.171217399999989, 39.5257558 ], [ 141.1708017, 39.5268841 ], [ 141.1699873, 39.5288542 ], [ 141.166984899999989, 39.5360618 ], [ 141.1657548, 39.5390526 ], [ 141.164529, 39.5419671 ], [ 141.162302, 39.5472496 ], [ 141.1618253, 39.5484913 ], [ 141.161446, 39.5495799 ], [ 141.1612174, 39.5502583 ], [ 141.1609058, 39.5513684 ], [ 141.1608172, 39.5517291 ], [ 141.1605649, 39.5528899 ], [ 141.160175400000014, 39.5547516 ], [ 141.1599258, 39.5559917 ], [ 141.1590675, 39.5602593 ], [ 141.1587113, 39.5621282 ], [ 141.157807600000012, 39.5664972 ], [ 141.1568436, 39.5710181 ], [ 141.1550061, 39.5804265 ], [ 141.15424680000001, 39.5841466 ], [ 141.153269099999989, 39.5889909 ], [ 141.152339399999988, 39.5936319 ], [ 141.1520765, 39.5949547 ], [ 141.151389599999987, 39.5982736 ], [ 141.150618400000013, 39.6024918 ], [ 141.1499485, 39.605932 ], [ 141.1495276, 39.6079795 ], [ 141.1483705, 39.6134786 ], [ 141.147672199999988, 39.6169438 ], [ 141.146820100000014, 39.621213 ], [ 141.1460092, 39.6251521 ], [ 141.1456225, 39.6273823 ], [ 141.145478700000012, 39.6287075 ], [ 141.145410199999986, 39.6297113 ], [ 141.14537, 39.6304508 ], [ 141.145366, 39.6308753 ], [ 141.1453673, 39.6320456 ], [ 141.145404899999988, 39.6328347 ], [ 141.1454424, 39.6335453 ], [ 141.145970799999986, 39.6409524 ], [ 141.1464, 39.6466786 ], [ 141.1466105, 39.6497145 ], [ 141.1471248, 39.6569558 ], [ 141.1474777, 39.6618695 ], [ 141.14798780000001, 39.6691092 ], [ 141.148286500000012, 39.6737115 ], [ 141.1486021, 39.6779833 ], [ 141.148668, 39.6788962 ], [ 141.1487201, 39.6798113 ], [ 141.1487319, 39.6805835 ], [ 141.1487281, 39.6809229 ], [ 141.1487062, 39.6813477 ], [ 141.1486864, 39.6816834 ], [ 141.148643600000014, 39.6821325 ], [ 141.1485988, 39.6825003 ], [ 141.1484883, 39.6832121 ], [ 141.1483374, 39.6840103 ], [ 141.1481408, 39.6848324 ], [ 141.1480187, 39.6852722 ], [ 141.1477333, 39.6861462 ], [ 141.147581800000012, 39.6865932 ], [ 141.14726970000001, 39.6873711 ], [ 141.1466687, 39.6886544 ], [ 141.1462076, 39.6894914 ], [ 141.145490700000011, 39.6906645 ], [ 141.1448497, 39.6916201 ], [ 141.1443371, 39.6923764 ], [ 141.143507199999988, 39.6935364 ], [ 141.1428963, 39.6944188 ], [ 141.142027500000012, 39.6956999 ], [ 141.1418094, 39.6960141 ], [ 141.141593699999987, 39.6963304 ], [ 141.1413561, 39.6966456 ], [ 141.1411034, 39.6969271 ], [ 141.1408333, 39.6972019 ], [ 141.1405336, 39.6975118 ] ] } },
{ "type": "Feature", "properties": { "id": "0822e0ffffffffff047faf3942f3b065", "theme": "transportation", "type": "segment", "subtype": "rail", "class": null, "routes": null, "names": "{primary=東北新幹線, common={en=Tohoku Shinkansen, ja=東北新幹線}, rules=[{variant=common, language=null, value=東北新幹線, between=null, side=null}]}", "connector_ids": "[08f2e0e7904d07b4047fb6c8d20d6850, 08f2e0e792b20a28047fb6e2a138bea5, 08f2e0ad1392ca31047feb76d5bad7e6]" }, "geometry": { "type": "LineString", "coordinates": [ [ 141.4330066, 40.5115188 ], [ 141.4336673, 40.5121974 ], [ 141.4341822, 40.5127174 ], [ 141.4363186, 40.5149013 ], [ 141.437193, 40.5157995 ], [ 141.4380004, 40.5166447 ], [ 141.438565, 40.5172727 ], [ 141.4390907, 40.5178641 ], [ 141.439570800000013, 40.5184625 ], [ 141.4397626, 40.5187041 ], [ 141.440166299999987, 40.5192006 ], [ 141.4410392, 40.520372 ], [ 141.441554200000013, 40.521104 ], [ 141.4423294, 40.5223254 ], [ 141.443053600000013, 40.5235425 ], [ 141.4439428, 40.5252817 ], [ 141.4443291, 40.5261308 ], [ 141.4447166, 40.5270472 ], [ 141.445046499999989, 40.5279167 ], [ 141.4456097, 40.5296599 ], [ 141.4458297, 40.5304406 ], [ 141.4459933, 40.5310991 ], [ 141.446216, 40.5320797 ], [ 141.446393, 40.5330306 ], [ 141.4465056, 40.5338919 ], [ 141.4466746, 40.5353536 ], [ 141.446747, 40.5364849 ], [ 141.4467658, 40.537392 ], [ 141.4467363, 40.5386711 ], [ 141.446665200000012, 40.5398116 ], [ 141.4466062, 40.5405546 ], [ 141.4465472, 40.5409684 ], [ 141.446253500000012, 40.5427733 ], [ 141.445977199999987, 40.544038 ], [ 141.445908800000012, 40.5443213 ], [ 141.4455266, 40.5457175 ], [ 141.445085400000011, 40.5470565 ], [ 141.4445905, 40.5483467 ], [ 141.444007199999987, 40.5496673 ], [ 141.4436799, 40.550345 ], [ 141.4433688, 40.5509146 ], [ 141.443004, 40.5516137 ], [ 141.4426365, 40.552276 ], [ 141.44179840000001, 40.5536282 ], [ 141.4410527, 40.5547154 ], [ 141.440236, 40.5558108 ], [ 141.4384899, 40.5580891 ], [ 141.4373526, 40.5595339 ], [ 141.4358211, 40.5614392 ], [ 141.4343365, 40.563216 ], [ 141.43391, 40.5637621 ], [ 141.4333159, 40.5643958 ], [ 141.4328478, 40.5649134 ], [ 141.4319078, 40.56587 ], [ 141.431443699999988, 40.5663294 ], [ 141.4308657, 40.5668765 ], [ 141.42988, 40.5677547 ], [ 141.4294548, 40.5681245 ], [ 141.428379299999989, 40.5690047 ], [ 141.4274713, 40.5696964 ], [ 141.4264602, 40.5704269 ], [ 141.4256139, 40.5710126 ], [ 141.4243868, 40.5718174 ], [ 141.4231033, 40.5725987 ], [ 141.4220909, 40.5731773 ], [ 141.4205097, 40.5740686 ], [ 141.415976699999987, 40.5765806 ], [ 141.4138256, 40.5777571 ], [ 141.403193, 40.5837198 ], [ 141.4027594, 40.5839835 ], [ 141.4000323, 40.585662 ], [ 141.396697, 40.5877559 ], [ 141.395199, 40.588698 ], [ 141.393592399999989, 40.5897062 ], [ 141.392815899999988, 40.5901951 ], [ 141.391983, 40.5907094 ], [ 141.390310699999986, 40.5917492 ], [ 141.388413, 40.5929447 ], [ 141.3867688, 40.5939774 ], [ 141.3855149, 40.5947584 ], [ 141.383963200000011, 40.595735 ], [ 141.382675799999987, 40.5965405 ], [ 141.3813709, 40.5973552 ], [ 141.3800204, 40.5982126 ], [ 141.3771906, 40.5999875 ], [ 141.371091299999989, 40.6038119 ], [ 141.367411299999986, 40.6061273 ], [ 141.3637421, 40.608414 ], [ 141.3631184, 40.6087958 ], [ 141.3505628, 40.616677 ], [ 141.3494221, 40.6174141 ], [ 141.3463178, 40.6193538 ], [ 141.345485700000012, 40.6198503 ], [ 141.3380957, 40.6244751 ], [ 141.3369279, 40.6252427 ], [ 141.3286783, 40.6309299 ], [ 141.328078, 40.6313617 ], [ 141.327935200000013, 40.6314655 ], [ 141.3273977, 40.6318524 ], [ 141.2939318, 40.6552776 ], [ 141.2922609, 40.6564428 ], [ 141.2910128, 40.6573115 ], [ 141.289625199999989, 40.6582799 ], [ 141.2735937, 40.6694717 ], [ 141.2715969, 40.6708164 ], [ 141.2704871, 40.6715352 ], [ 141.269854, 40.6719423 ], [ 141.2690867, 40.6724121 ], [ 141.267859499999986, 40.6731725 ], [ 141.266041800000011, 40.6741791 ], [ 141.2644764, 40.675074 ], [ 141.2624535, 40.6761326 ], [ 141.260317, 40.6772028 ], [ 141.258107599999988, 40.6782351 ], [ 141.2565957, 40.6789264 ], [ 141.2551243, 40.6795558 ], [ 141.249388900000014, 40.6820602 ], [ 141.243283, 40.6846963 ], [ 141.2375203, 40.6871819 ], [ 141.2158963, 40.6963786 ], [ 141.2100389, 40.6988923 ], [ 141.2097255, 40.6990283 ], [ 141.206896, 40.7002302 ], [ 141.2042564, 40.7013518 ], [ 141.197519699999987, 40.704245 ], [ 141.1960311, 40.704874 ], [ 141.193365199999988, 40.7060247 ], [ 141.1904099, 40.7072461 ], [ 141.188419900000014, 40.7080241 ], [ 141.1869864, 40.7085502 ], [ 141.1818946, 40.7102867 ], [ 141.1785284, 40.7114512 ], [ 141.1761525, 40.7122579 ], [ 141.1737473, 40.7131231 ], [ 141.1709716, 40.714074 ], [ 141.1706153, 40.7141967 ], [ 141.1684075, 40.7149405 ], [ 141.1653681, 40.7159767 ], [ 141.161901300000011, 40.7171698 ], [ 141.157323100000013, 40.7187397 ], [ 141.155211400000013, 40.7194451 ], [ 141.15352390000001, 40.7200323 ], [ 141.1523886, 40.7204285 ], [ 141.151496400000013, 40.7207333 ], [ 141.1491029, 40.7215051 ] ] } },
{ "type": "Feature", "properties": { "id": "0822e0ffffffffff047fe5cb7917e1e2", "theme": "transportation", "type": "segment", "subtype": "rail", "class": null, "routes": null, "names": "{primary=東北新幹線, common={en=Tohoku Shinkansen, ja=東北新幹線}, rules=[{variant=common, language=null, value=東北新幹線, between=null, side=null}]}", "connector_ids": "[08f2e0a1841832cb043f25f5946baab4, 08f2e0a18418139d043f2df614fb35a0, 08f2e0a1841a84a5043f67f6e1cb3374, 08f2e0e792b26689043fd7f874aef4aa, 08f2e0e7904d0470047fbfca67bbc948]" }, "geometry": { "type": "LineString", "coordinates": [ [ 140.6935956, 40.8250404 ], [ 140.693608399999988, 40.8245805 ], [ 140.6936289, 40.8238438 ], [ 140.6936703, 40.8223596 ], [ 140.6936346, 40.8213162 ], [ 140.6935373, 40.8203218 ], [ 140.693414, 40.8194109 ], [ 140.693105800000012, 40.8175864 ], [ 140.6928398, 40.816305 ], [ 140.6925737, 40.8149324 ], [ 140.692349900000011, 40.8135942 ], [ 140.69223310000001, 40.8128527 ], [ 140.692113, 40.811814 ], [ 140.692031899999989, 40.8105273 ], [ 140.6920125, 40.8096212 ], [ 140.6920204, 40.8087823 ], [ 140.6920222, 40.8085947 ], [ 140.692095200000011, 40.8077169 ], [ 140.69213, 40.8072987 ], [ 140.692132500000014, 40.8072687 ], [ 140.6922233, 40.8065246 ], [ 140.6923758, 40.8054465 ], [ 140.6926588, 40.804173 ], [ 140.6927406, 40.8038699 ], [ 140.6927657, 40.8037768 ], [ 140.692906, 40.8032565 ], [ 140.6929983, 40.8029145 ], [ 140.693335100000013, 40.8017163 ], [ 140.6937089, 40.8006875 ], [ 140.694116900000012, 40.799755 ], [ 140.695028900000011, 40.7977652 ], [ 140.696852799999988, 40.7948006 ], [ 140.7010263, 40.7897564 ], [ 140.7033813, 40.7871368 ], [ 140.7058811, 40.7846997 ], [ 140.7086223, 40.782421 ], [ 140.7101458, 40.7813121 ], [ 140.71166, 40.7803376 ], [ 140.7130602, 40.7794928 ], [ 140.713884400000012, 40.7790441 ], [ 140.715546100000012, 40.7781275 ], [ 140.7176575, 40.7770949 ], [ 140.719950399999988, 40.7761205 ], [ 140.7227067, 40.7750838 ], [ 140.724886700000013, 40.7744142 ], [ 140.7269722, 40.7738254 ], [ 140.7296265, 40.7731118 ], [ 140.7325611, 40.7722895 ], [ 140.7343778, 40.7717888 ], [ 140.7365959, 40.771192 ], [ 140.7386074, 40.7706186 ], [ 140.7414616, 40.7698273 ], [ 140.7436974, 40.7692193 ], [ 140.7460882, 40.7685655 ], [ 140.7477092, 40.7681323 ], [ 140.749944699999986, 40.7674975 ], [ 140.7522009, 40.76689 ], [ 140.754200700000013, 40.766321 ], [ 140.75726370000001, 40.7654955 ], [ 140.7584778, 40.7651917 ], [ 140.759492200000011, 40.7649708 ], [ 140.7611123, 40.7646357 ], [ 140.7625, 40.7643873 ], [ 140.7636598, 40.7641967 ], [ 140.7657139, 40.7639385 ], [ 140.76721520000001, 40.7637949 ], [ 140.7678903, 40.7637333 ], [ 140.7704158, 40.7636424 ], [ 140.773113099999989, 40.7636162 ], [ 140.775813, 40.7636383 ], [ 140.7758834, 40.7636426 ], [ 140.77704, 40.763713 ], [ 140.778188699999987, 40.7638072 ], [ 140.7782719, 40.763814 ], [ 140.7843337, 40.764637 ], [ 140.789977099999987, 40.7660509 ], [ 140.798401399999989, 40.7689127 ], [ 140.802966, 40.770445 ], [ 140.8046584, 40.7710222 ], [ 140.8048899, 40.7711041 ], [ 140.805036, 40.7711519 ], [ 140.8102438, 40.7729535 ], [ 140.816337800000014, 40.7749522 ], [ 140.8237407, 40.7775195 ], [ 140.831869899999987, 40.7805005 ], [ 140.8414161, 40.7834247 ], [ 140.8458334, 40.7845281 ], [ 140.8521283, 40.7858836 ], [ 140.8550684, 40.786397 ], [ 140.8617121, 40.787023 ], [ 140.8660437, 40.7872449 ], [ 140.872009, 40.7874561 ], [ 140.8772017, 40.7874561 ], [ 140.8824775, 40.7869915 ], [ 140.885432, 40.7867847 ], [ 140.8891731, 40.7863616 ], [ 140.9065666, 40.7839452 ], [ 140.946749899999986, 40.777823 ], [ 140.9844985, 40.772029 ], [ 140.9873872, 40.7716153 ], [ 141.060055, 40.7605335 ], [ 141.0666898, 40.7592972 ], [ 141.07124, 40.7583862 ], [ 141.0773542, 40.7569567 ], [ 141.0817276, 40.7558219 ], [ 141.0864656, 40.754427 ], [ 141.0923847, 40.7521854 ], [ 141.0969043, 40.7501453 ], [ 141.1008023, 40.748257 ], [ 141.1030771, 40.747001 ], [ 141.106313300000011, 40.745077 ], [ 141.1147078, 40.7395908 ], [ 141.1193351, 40.7365654 ], [ 141.1223671, 40.7345943 ], [ 141.1240123, 40.7335158 ], [ 141.1254734, 40.7325617 ], [ 141.1276206, 40.7311779 ], [ 141.129599899999988, 40.7299816 ], [ 141.1305787, 40.729407 ], [ 141.132587, 40.7282808 ], [ 141.134566, 40.7272532 ], [ 141.1366839, 40.7262343 ], [ 141.1389462, 40.7252543 ], [ 141.1399767, 40.7248457 ], [ 141.1413518, 40.7243104 ], [ 141.1440475, 40.7232941 ], [ 141.1464651, 40.7224519 ], [ 141.149119899999988, 40.7215338 ], [ 141.1515214, 40.7207772 ], [ 141.1524121, 40.7204745 ], [ 141.1535427, 40.7200791 ], [ 141.155239599999987, 40.7194925 ], [ 141.1573536, 40.7187826 ], [ 141.161937200000011, 40.7172127 ], [ 141.1653852, 40.7160357 ], [ 141.168440800000013, 40.7149854 ], [ 141.170629600000012, 40.7142376 ], [ 141.170982400000014, 40.7141172 ], [ 141.173763799999989, 40.7131581 ], [ 141.1761696, 40.7122866 ], [ 141.178545500000013, 40.7114798 ], [ 141.1819117, 40.7103153 ], [ 141.1870039, 40.7085787 ], [ 141.1884385, 40.7080522 ], [ 141.19042970000001, 40.7072737 ], [ 141.193385400000011, 40.7060522 ], [ 141.196051399999988, 40.7049014 ], [ 141.197534499999989, 40.7042765 ], [ 141.2042877, 40.7013892 ], [ 141.20693270000001, 40.7002635 ], [ 141.2097384, 40.6990676 ], [ 141.210062599999986, 40.6989234 ], [ 141.2159196, 40.6964099 ], [ 141.2375494, 40.687221 ], [ 141.243312, 40.6847354 ], [ 141.2494179, 40.6820993 ], [ 141.255156199999988, 40.6795989 ], [ 141.2566285, 40.6789691 ], [ 141.2581415, 40.6782773 ], [ 141.260352, 40.6772444 ], [ 141.2624899, 40.6761735 ], [ 141.2645145, 40.6751141 ], [ 141.2660806, 40.6742188 ], [ 141.26789930000001, 40.6732116 ], [ 141.2691278, 40.6724504 ], [ 141.2698955, 40.6719804 ], [ 141.2705293, 40.6715728 ], [ 141.2716397, 40.6708537 ], [ 141.273637400000013, 40.6695083 ], [ 141.2896694, 40.6583161 ], [ 141.291053, 40.6573407 ], [ 141.2923021, 40.6564701 ], [ 141.2939759, 40.6553139 ], [ 141.3274422, 40.6318885 ], [ 141.327980200000013, 40.6315013 ], [ 141.328122900000011, 40.6313975 ], [ 141.3287231, 40.6309658 ], [ 141.3369711, 40.6252797 ], [ 141.3381377, 40.6245128 ], [ 141.345527299999986, 40.6198883 ], [ 141.346359299999989, 40.6193918 ], [ 141.349463500000013, 40.6174523 ], [ 141.3506042, 40.6167152 ], [ 141.3631605, 40.6088267 ], [ 141.3637689, 40.6084507 ], [ 141.3674489, 40.6061639 ], [ 141.371153, 40.6038323 ], [ 141.377281399999987, 40.5999879 ], [ 141.3800537, 40.5982392 ], [ 141.3814054, 40.5973853 ], [ 141.3827134, 40.5965677 ], [ 141.3839963, 40.5957634 ], [ 141.3855462, 40.5947883 ], [ 141.38680020000001, 40.5940074 ], [ 141.3884482, 40.5929692 ], [ 141.390341, 40.5917777 ], [ 141.3920086, 40.5907385 ], [ 141.392844, 40.5902236 ], [ 141.393618, 40.5897289 ], [ 141.395234499999987, 40.5887181 ], [ 141.3967179, 40.5877809 ], [ 141.4000604, 40.5856876 ], [ 141.402796599999988, 40.5840131 ], [ 141.4032211, 40.583754 ], [ 141.41386, 40.5777961 ], [ 141.4160023, 40.5766136 ], [ 141.4205298, 40.5741022 ], [ 141.4221201, 40.5732154 ], [ 141.4231302, 40.5726326 ], [ 141.424422, 40.5718478 ], [ 141.425664899999987, 40.5710411 ], [ 141.4264837, 40.5704736 ], [ 141.427507600000013, 40.5697297 ], [ 141.428410500000012, 40.5690405 ], [ 141.429483, 40.5681561 ], [ 141.4299282, 40.5677781 ], [ 141.4308977, 40.5669119 ], [ 141.4314934, 40.5663509 ], [ 141.431952, 40.5659025 ], [ 141.432893400000012, 40.5649408 ], [ 141.4333302, 40.5644654 ], [ 141.43394760000001, 40.5637786 ], [ 141.434395200000012, 40.5632404 ], [ 141.4359069, 40.561486 ], [ 141.4374733, 40.5595665 ], [ 141.440288399999986, 40.5558234 ], [ 141.441092200000014, 40.5547265 ], [ 141.441841899999986, 40.553641 ], [ 141.4426865, 40.5522856 ], [ 141.443053600000013, 40.5516239 ], [ 141.443420800000013, 40.5509243 ], [ 141.4437376, 40.5503267 ], [ 141.4440554, 40.5496769 ], [ 141.444632399999989, 40.5483555 ], [ 141.4451335, 40.5470578 ], [ 141.4455734, 40.5457207 ], [ 141.4460302, 40.544042 ], [ 141.4463046, 40.5427916 ], [ 141.446605799999986, 40.5409703 ], [ 141.4466558, 40.5405536 ], [ 141.4467261, 40.5398172 ], [ 141.4467841, 40.5386691 ], [ 141.446809, 40.5373895 ], [ 141.446806400000014, 40.5364796 ], [ 141.4467189, 40.5353505 ], [ 141.4466052, 40.53425 ], [ 141.4465745, 40.5338994 ], [ 141.4464453, 40.5330204 ], [ 141.446271, 40.5320725 ], [ 141.4460542, 40.5311005 ], [ 141.44588730000001, 40.5304396 ], [ 141.4456621, 40.5296475 ], [ 141.4450934, 40.5279076 ], [ 141.444767399999989, 40.527029 ], [ 141.4443837, 40.5261157 ], [ 141.4439865, 40.5252686 ], [ 141.4431064, 40.5235255 ], [ 141.4423851, 40.5223004 ], [ 141.4416009, 40.5210809 ], [ 141.441087, 40.520359 ], [ 141.4402201, 40.5191764 ], [ 141.439828, 40.5186734 ], [ 141.439632499999988, 40.5184279 ], [ 141.439134599999988, 40.5178349 ], [ 141.4386132, 40.5172503 ], [ 141.4380463, 40.5166164 ], [ 141.4372386, 40.515772 ], [ 141.4363629, 40.5148713 ], [ 141.434226, 40.5126979 ], [ 141.4337155, 40.5121739 ], [ 141.43304710000001, 40.5114815 ] ] } },
{ "type": "Feature", "properties": { "id": "0832e0afffffffff047ff7ad59b3cd45", "theme": "transportation", "type": "segment", "subtype": "rail", "class": null, "routes": null, "names": "{primary=東北新幹線, common={en=Tohoku Shinkansen, ja=東北新幹線}, rules=[{variant=common, language=null, value=東北新幹線, between=null, side=null}]}", "connector_ids": "[08f2e0ad1392ca31047feb76d5bad7e6, 08f2e0a1841a84f4043f77f4dbcb02ec, 08f2e0a1841812ad043f3df3bbae5253, 08f2e0a18418e599043fe5f30bc541a8]" }, "geometry": { "type": "LineString", "coordinates": [ [ 141.1491029, 40.7215051 ], [ 141.1464478, 40.7224233 ], [ 141.14402960000001, 40.7232657 ], [ 141.1413331, 40.7242823 ], [ 141.1399576, 40.7248178 ], [ 141.1389263, 40.7252267 ], [ 141.1366625, 40.7262074 ], [ 141.1345433, 40.7272269 ], [ 141.1325809, 40.7282357 ], [ 141.1305399, 40.7293842 ], [ 141.12955740000001, 40.7299554 ], [ 141.127603099999988, 40.7311491 ], [ 141.1254425, 40.7325341 ], [ 141.1239878, 40.7334778 ], [ 141.1223401, 40.7345623 ], [ 141.1193002, 40.7365353 ], [ 141.114673, 40.7395601 ], [ 141.106267, 40.7450513 ], [ 141.1030443, 40.7469685 ], [ 141.10077050000001, 40.7482245 ], [ 141.0968742, 40.7501119 ], [ 141.0923577, 40.7521505 ], [ 141.0864421, 40.7543907 ], [ 141.0817066, 40.7557847 ], [ 141.0773362, 40.7569186 ], [ 141.0712255, 40.7583473 ], [ 141.0666785, 40.7592577 ], [ 141.0600445, 40.7604939 ], [ 140.987377, 40.7715756 ], [ 140.98448830000001, 40.7719893 ], [ 140.946739799999989, 40.7777833 ], [ 140.906556599999988, 40.7839055 ], [ 140.8891602, 40.7863222 ], [ 140.88543150000001, 40.7867441 ], [ 140.882469500000013, 40.7869515 ], [ 140.8771988, 40.7874157 ], [ 140.8720102, 40.7874157 ], [ 140.8660471, 40.7872046 ], [ 140.8617189, 40.7869829 ], [ 140.85506860000001, 40.7863561 ], [ 140.852139200000011, 40.785844 ], [ 140.845849500000014, 40.7844895 ], [ 140.8414259, 40.7833843 ], [ 140.8318907, 40.7804633 ], [ 140.8237629, 40.7774827 ], [ 140.8163595, 40.7749153 ], [ 140.8102658, 40.7729167 ], [ 140.805058, 40.7711151 ], [ 140.8046938, 40.7709898 ], [ 140.8029831, 40.7704066 ], [ 140.7984224, 40.7688755 ], [ 140.7899959, 40.766013 ], [ 140.784348099999988, 40.764598 ], [ 140.778276299999987, 40.7637832 ], [ 140.7781957, 40.7637766 ], [ 140.7770439, 40.7636821 ], [ 140.7758873, 40.7636116 ], [ 140.7758143, 40.7636072 ], [ 140.7731061, 40.7635846 ], [ 140.7704019, 40.7636083 ], [ 140.7678875, 40.7637023 ], [ 140.767210299999988, 40.7637641 ], [ 140.765708, 40.7639028 ], [ 140.763652, 40.7641662 ], [ 140.762491, 40.764357 ], [ 140.76110220000001, 40.7646056 ], [ 140.759481099999988, 40.7649409 ], [ 140.758465699999988, 40.7651621 ], [ 140.7572504, 40.7654661 ], [ 140.754182, 40.7662931 ], [ 140.7521869, 40.7668608 ], [ 140.7499286, 40.7674594 ], [ 140.7476859, 40.7680879 ], [ 140.7460774, 40.768543 ], [ 140.743686700000012, 40.7691968 ], [ 140.7414508, 40.7698048 ], [ 140.7385964, 40.7705962 ], [ 140.736585, 40.7711695 ], [ 140.734367099999986, 40.7717663 ], [ 140.7325502, 40.772267 ], [ 140.729615599999988, 40.7730893 ], [ 140.7269612, 40.7738029 ], [ 140.724875200000014, 40.7743919 ], [ 140.7226937, 40.775062 ], [ 140.719935600000014, 40.7760993 ], [ 140.7176413, 40.7770743 ], [ 140.715528400000011, 40.7781077 ], [ 140.713865700000014, 40.7790248 ], [ 140.713034599999986, 40.7794705 ], [ 140.7116268, 40.7803085 ], [ 140.7101219, 40.7812921 ], [ 140.7085968, 40.7824022 ], [ 140.7058538, 40.7846823 ], [ 140.7033525, 40.7871209 ], [ 140.7009965, 40.7897417 ], [ 140.6968215, 40.7947877 ], [ 140.6949959, 40.7977551 ], [ 140.6940832, 40.7997463 ], [ 140.6936748, 40.8006797 ], [ 140.6933005, 40.8017099 ], [ 140.6929553, 40.802906 ], [ 140.69273, 40.8037728 ], [ 140.6927014, 40.803879 ], [ 140.6926238, 40.8041681 ], [ 140.6923405, 40.8054428 ], [ 140.6921879, 40.8065219 ], [ 140.692097, 40.8072666 ], [ 140.692092699999989, 40.8073177 ], [ 140.6920586, 40.8077285 ], [ 140.6919866, 40.8085938 ], [ 140.6919848, 40.8087823 ], [ 140.691976899999986, 40.8096213 ], [ 140.6919963, 40.8105282 ], [ 140.692077500000011, 40.8118158 ], [ 140.6921977, 40.8128555 ], [ 140.6923146, 40.8135975 ], [ 140.692538399999989, 40.814936 ], [ 140.692804599999988, 40.816309 ], [ 140.6930705, 40.8175902 ], [ 140.693378599999988, 40.819414 ], [ 140.6935018, 40.8203242 ], [ 140.693599, 40.8213175 ], [ 140.6936347, 40.8223597 ], [ 140.6935771, 40.8238418 ], [ 140.6935483, 40.8245816 ], [ 140.6935307, 40.8250336 ] ] } },
{ "type": "Feature", "properties": { "id": "0832e0cfffffffff043f7f9f35f06e28", "theme": "transportation", "type": "segment", "subtype": "rail", "class": null, "routes": null, "names": "{primary=東北新幹線, common={en=Tohoku Shinkansen, ja=東北新幹線}, rules=[{variant=common, language=null, value=東北新幹線, between=null, side=null}, {variant=common, language=ja-Latn, value=Tōhoku Shinkansen, between=[0.867090526, 1.0], side=null}]}", "connector_ids": "[08f2e0c44c20952c047f7efc328141d7, 08f2e0c026b2e01b047f6e26023ade79]" }, "geometry": { "type": "LineString", "coordinates": [ [ 141.119749, 39.2762234 ], [ 141.119137099999989, 39.2749218 ], [ 141.1175007, 39.2714805 ], [ 141.116907, 39.270276 ], [ 141.116649, 39.269734 ], [ 141.115709, 39.267753 ], [ 141.114946, 39.266151 ], [ 141.114205, 39.264554 ], [ 141.113704, 39.263277 ], [ 141.113294200000013, 39.2618521 ], [ 141.1130781, 39.2611217 ], [ 141.112663199999986, 39.2594003 ], [ 141.11245550000001, 39.2583633 ], [ 141.11231, 39.257421 ], [ 141.112042, 39.255999 ], [ 141.111993, 39.255159 ], [ 141.111953, 39.253695 ], [ 141.111949, 39.252865 ], [ 141.112367, 39.24933 ], [ 141.112449, 39.248878 ], [ 141.112699, 39.24711 ], [ 141.113111, 39.2457 ], [ 141.113702, 39.243988 ], [ 141.113755, 39.243835 ], [ 141.114184, 39.242531 ], [ 141.114738, 39.241263 ], [ 141.115777, 39.239274 ], [ 141.116992, 39.237149 ], [ 141.117276, 39.236732 ], [ 141.118139, 39.235463 ], [ 141.119444, 39.233803 ], [ 141.120649, 39.23248 ], [ 141.1215, 39.231672 ], [ 141.12266, 39.230435 ], [ 141.1230674, 39.2299882 ], [ 141.125566, 39.22743 ], [ 141.127652899999987, 39.2252292 ], [ 141.128235, 39.224623 ], [ 141.128302, 39.224554 ], [ 141.131314, 39.22147 ], [ 141.133877, 39.218817 ], [ 141.13517, 39.217478 ], [ 141.1367755, 39.2158539 ], [ 141.139919, 39.212529 ], [ 141.142011, 39.210385 ], [ 141.142539, 39.209844 ], [ 141.1448, 39.207495 ], [ 141.147092, 39.205137 ], [ 141.148861, 39.203298 ], [ 141.148951, 39.203204 ], [ 141.1513266, 39.2007679 ], [ 141.151817, 39.200265 ], [ 141.153633, 39.198343 ], [ 141.155385, 39.196558 ], [ 141.155714, 39.196212 ], [ 141.157138, 39.194715 ], [ 141.159742, 39.192013 ], [ 141.162124, 39.189562 ], [ 141.162553, 39.189117 ], [ 141.164278, 39.187329 ], [ 141.166685, 39.184824 ], [ 141.169313, 39.182139 ], [ 141.169413, 39.182036 ], [ 141.171041, 39.180354 ], [ 141.173899, 39.177382 ], [ 141.175233, 39.175894 ], [ 141.176098, 39.174849 ], [ 141.17611, 39.174834 ], [ 141.176789, 39.174001 ], [ 141.178042, 39.172231 ], [ 141.179154, 39.170453 ], [ 141.17968, 39.169543 ], [ 141.179952, 39.168974 ], [ 141.180465, 39.167888 ], [ 141.181008, 39.166662 ], [ 141.181271, 39.165953 ], [ 141.181884, 39.164284 ], [ 141.182328, 39.163053 ], [ 141.182841, 39.161616 ], [ 141.1835697, 39.1598014 ], [ 141.1845126, 39.1572479 ], [ 141.1862281, 39.1524311 ], [ 141.1883608, 39.1465263 ], [ 141.1888583, 39.1451607 ], [ 141.1896626, 39.1428799 ], [ 141.192212899999987, 39.1357562 ], [ 141.192982199999989, 39.132639 ], [ 141.193072699999988, 39.1320625 ], [ 141.1938092, 39.1252956 ], [ 141.1941682, 39.1207592 ], [ 141.1951733, 39.1096138 ], [ 141.1954981, 39.1057551 ], [ 141.1957481, 39.1029765 ], [ 141.1958678, 39.1023186 ], [ 141.19662, 39.0934896 ], [ 141.1966774, 39.092938 ], [ 141.1970809, 39.0880713 ], [ 141.197098, 39.085846 ], [ 141.1970011, 39.0847918 ], [ 141.196944, 39.083899 ], [ 141.196874, 39.083062 ], [ 141.196781, 39.082096 ], [ 141.196572, 39.08113 ], [ 141.196222, 39.079571 ], [ 141.1955, 39.077189 ], [ 141.195411, 39.076963 ], [ 141.195198, 39.076421 ], [ 141.19493, 39.075712 ], [ 141.19486, 39.075537 ], [ 141.194673, 39.075084 ], [ 141.194452, 39.074537 ], [ 141.193495, 39.072024 ], [ 141.192466, 39.069421 ], [ 141.192004, 39.068254 ], [ 141.191526, 39.066991 ], [ 141.191235, 39.066189 ], [ 141.190314, 39.063774 ], [ 141.1899176, 39.0627943 ], [ 141.18972, 39.0622915 ], [ 141.189440100000013, 39.0615844 ], [ 141.188625, 39.059518 ], [ 141.187996, 39.057866 ], [ 141.187191, 39.055696 ], [ 141.186713, 39.054474 ], [ 141.185934, 39.052505 ], [ 141.185721, 39.051966 ], [ 141.185174, 39.050466 ], [ 141.183741, 39.046815 ], [ 141.183298, 39.045651 ], [ 141.182617, 39.043903 ], [ 141.181771, 39.041732 ], [ 141.179766, 39.036616 ], [ 141.179268, 39.035309 ], [ 141.177878, 39.031663 ], [ 141.176259, 39.027536 ], [ 141.175938, 39.026709 ], [ 141.174731, 39.023596 ], [ 141.172592, 39.018114 ], [ 141.1721801, 39.0170228 ], [ 141.171106, 39.014176 ], [ 141.169265, 39.009432 ], [ 141.168934, 39.008584 ], [ 141.167480399999988, 39.0048396 ], [ 141.1667401, 39.002895 ], [ 141.166434, 39.002116 ], [ 141.166151, 39.001391 ], [ 141.165794, 39.00047 ], [ 141.165473, 38.999688 ], [ 141.16513, 38.998803 ], [ 141.164911, 38.998181 ], [ 141.16456, 38.997283 ], [ 141.164337, 38.996724 ], [ 141.164004, 38.995893 ], [ 141.163811, 38.995367 ], [ 141.163454, 38.994425 ], [ 141.163399, 38.994281 ], [ 141.163091, 38.993488 ], [ 141.162823, 38.99278 ], [ 141.162588, 38.992177 ], [ 141.162343, 38.991563 ], [ 141.162109, 38.990942 ], [ 141.161828, 38.990199 ], [ 141.161406, 38.989099 ], [ 141.161031, 38.988139 ], [ 141.160645, 38.987145 ], [ 141.160253, 38.986109 ], [ 141.160087, 38.985677 ], [ 141.159808, 38.984951 ], [ 141.159252, 38.983476 ], [ 141.158942, 38.982649 ], [ 141.158801, 38.982305 ], [ 141.158527, 38.981586 ], [ 141.158216, 38.980766 ], [ 141.157865, 38.979893 ], [ 141.157579, 38.979163 ], [ 141.1574709, 38.9788619 ], [ 141.157362, 38.978558 ], [ 141.157046, 38.9777 ], [ 141.1568818, 38.9771968 ], [ 141.1566489, 38.9765353 ], [ 141.1551058, 38.9717031 ], [ 141.1523043, 38.9629238 ], [ 141.1504219, 38.9570172 ], [ 141.147822, 38.9484814 ], [ 141.147509899999989, 38.9474704 ], [ 141.1460922, 38.9431023 ], [ 141.1457804, 38.9420686 ], [ 141.1455595, 38.9414028 ], [ 141.1451984, 38.9403541 ], [ 141.1449547, 38.9396967 ], [ 141.1447329, 38.9391006 ], [ 141.1441362, 38.9376624 ], [ 141.1435461, 38.9363313 ], [ 141.1430432, 38.9352285 ], [ 141.140984800000012, 38.9304353 ], [ 141.1405781, 38.9294491 ] ] } },
{ "type": "Feature", "properties": { "id": "0832e0cfffffffff047f7e2682248171", "theme": "transportation", "type": "segment", "subtype": "rail", "class": null, "routes": null, "names": "{primary=東北新幹線, common={en=Tohoku Shinkansen, ja=東北新幹線}, rules=[{variant=common, language=null, value=東北新幹線, between=null, side=null}, {variant=common, language=ja-Latn, value=Tōhoku Shinkansen, between=[0.0, 0.006658514], side=null}, {variant=common, language=ja-Latn, value=Tōhoku Shinkansen, between=[0.074707805, 0.145754268], side=null}]}", "connector_ids": "[08f2e0c02446b893043f69bcb7975f16, 08f2e0c0240f6d64043f7d85e4122365, 08f2e0cb11d41569047fffebcb52a734]" }, "geometry": { "type": "LineString", "coordinates": [ [ 141.137882600000012, 38.9233896 ], [ 141.1367632, 38.9210479 ], [ 141.136381199999988, 38.9201981 ], [ 141.136304700000011, 38.9200169 ], [ 141.1350971, 38.9173139 ], [ 141.13409, 38.9150058 ], [ 141.1335736, 38.9138537 ], [ 141.1330632, 38.9126193 ], [ 141.1322326, 38.9104193 ], [ 141.132153, 38.9101774 ], [ 141.131731300000013, 38.9088777 ], [ 141.130926, 38.9059733 ], [ 141.1301977, 38.9032013 ], [ 141.128724, 38.8979121 ], [ 141.128500800000012, 38.8971599 ], [ 141.12826, 38.8964188 ], [ 141.1279796, 38.895596 ], [ 141.1272663, 38.8936662 ], [ 141.126620800000012, 38.8921008 ], [ 141.124594699999989, 38.8874378 ], [ 141.1215267, 38.8798138 ], [ 141.1206923, 38.8775012 ], [ 141.11842390000001, 38.8708873 ], [ 141.1183728, 38.870745 ], [ 141.1174555, 38.8681107 ], [ 141.1160178, 38.8638758 ], [ 141.112245, 38.8525392 ], [ 141.1112679, 38.8495664 ], [ 141.11098770000001, 38.8487561 ], [ 141.1109409, 38.8486175 ], [ 141.1102814, 38.8466298 ], [ 141.110238399999986, 38.8464772 ], [ 141.1098576, 38.8453591 ], [ 141.1097847, 38.8451496 ], [ 141.108424899999989, 38.8410979 ], [ 141.10736270000001, 38.8380221 ], [ 141.10723680000001, 38.8376473 ], [ 141.106728, 38.8361269 ], [ 141.106538199999989, 38.8354978 ], [ 141.106225200000011, 38.8344057 ], [ 141.1058641, 38.8332202 ], [ 141.1055489, 38.8322163 ], [ 141.1054336, 38.8316779 ], [ 141.105071, 38.8305151 ], [ 141.1047642, 38.8295367 ], [ 141.104543299999989, 38.8287409 ], [ 141.1043412, 38.8280696 ], [ 141.103985200000011, 38.8268766 ], [ 141.1037507, 38.8260904 ], [ 141.103466200000014, 38.8251765 ], [ 141.10301530000001, 38.8236339 ], [ 141.102625100000012, 38.8222912 ], [ 141.1019719, 38.8200273 ], [ 141.1015071, 38.8184308 ], [ 141.1007021, 38.8156736 ], [ 141.1005288, 38.8150831 ], [ 141.10021, 38.8140233 ], [ 141.1000948, 38.813619 ], [ 141.0994284, 38.8113158 ], [ 141.099245, 38.8106951 ], [ 141.0985447, 38.8083596 ], [ 141.0981668, 38.807132 ], [ 141.097837, 38.8059416 ], [ 141.097601, 38.8050828 ], [ 141.0972777, 38.8039466 ], [ 141.0970987, 38.8033425 ], [ 141.0968698, 38.8025361 ], [ 141.096469899999988, 38.8011813 ], [ 141.096093, 38.7998008 ], [ 141.095621, 38.7980325 ], [ 141.095261099999988, 38.7968196 ], [ 141.0947902, 38.795276 ], [ 141.0945903, 38.7945614 ], [ 141.094401299999987, 38.7938853 ], [ 141.0940592, 38.7927061 ], [ 141.0925837, 38.7876852 ], [ 141.0921461, 38.7862916 ], [ 141.0916014, 38.7848126 ], [ 141.09107, 38.7835198 ], [ 141.08999080000001, 38.7812187 ], [ 141.088601399999988, 38.7786025 ], [ 141.0862679, 38.7744822 ], [ 141.085185599999988, 38.7725817 ], [ 141.0822599, 38.7674054 ], [ 141.081076, 38.7653492 ], [ 141.0760644, 38.7565115 ], [ 141.0742626, 38.7533301 ], [ 141.0716129, 38.7486652 ], [ 141.0686354, 38.7434112 ], [ 141.0676966, 38.7417569 ], [ 141.0640162, 38.7352703 ], [ 141.0633842, 38.7341296 ], [ 141.061343599999987, 38.730551 ], [ 141.0604372, 38.7289556 ], [ 141.0572594, 38.7232935 ], [ 141.056820499999986, 38.722396 ], [ 141.056299700000011, 38.7214957 ], [ 141.055572399999988, 38.7202573 ], [ 141.055205, 38.7195782 ], [ 141.054703499999988, 38.718695 ], [ 141.053784, 38.7170915 ], [ 141.0528378, 38.7154698 ], [ 141.0514408, 38.7129843 ], [ 141.0509691, 38.7121324 ], [ 141.050531, 38.7113443 ], [ 141.04961, 38.7097011 ], [ 141.0491369, 38.7088661 ], [ 141.0486789, 38.708053 ], [ 141.047898800000013, 38.7066836 ], [ 141.045434, 38.7023312 ], [ 141.0448509, 38.7013519 ], [ 141.044090899999986, 38.7000004 ], [ 141.0431135, 38.698243 ], [ 141.042458399999987, 38.6971053 ], [ 141.0423371, 38.696888 ], [ 141.0397817, 38.6923666 ], [ 141.0395749, 38.6920064 ], [ 141.0383402, 38.689834 ], [ 141.03822790000001, 38.6896342 ], [ 141.0355975, 38.6850065 ], [ 141.0351243, 38.6841887 ], [ 141.0346061, 38.6832838 ], [ 141.034256, 38.6826499 ], [ 141.033574, 38.681447 ], [ 141.033275, 38.680896 ], [ 141.0330159, 38.6804414 ], [ 141.031789, 38.6782736 ], [ 141.031647099999986, 38.6780151 ], [ 141.030617, 38.6761666 ], [ 141.0305239, 38.6759931 ], [ 141.029900199999986, 38.6748511 ], [ 141.0291992, 38.6736573 ], [ 141.0289038, 38.6731935 ], [ 141.027673600000014, 38.6711366 ], [ 141.0267938, 38.6695007 ], [ 141.0260384, 38.6681513 ], [ 141.0253832, 38.6670142 ], [ 141.0251543, 38.6666441 ], [ 141.025031399999989, 38.6664508 ], [ 141.0246502, 38.6657511 ], [ 141.0239354, 38.6645208 ], [ 141.0236105, 38.66393 ], [ 141.022509500000012, 38.6619966 ], [ 141.0217575, 38.6606827 ], [ 141.021672700000011, 38.6605398 ], [ 141.0208945, 38.6591183 ], [ 141.0200614, 38.6576269 ], [ 141.016692, 38.6516702 ], [ 141.014656, 38.6480918 ], [ 141.0108157, 38.6412778 ], [ 141.0094475, 38.6388635 ], [ 141.008334, 38.6369014 ], [ 141.0076585, 38.6357547 ], [ 141.0054434, 38.6323597 ], [ 141.0041647, 38.6306124 ], [ 141.003017699999987, 38.6289897 ], [ 141.001491499999986, 38.6268582 ], [ 140.999510500000014, 38.6240588 ], [ 140.9978395, 38.6217642 ], [ 140.9975454, 38.6213619 ], [ 140.9970102, 38.620628 ], [ 140.9950868, 38.6179131 ], [ 140.993574599999988, 38.6157634 ], [ 140.9924009, 38.6140828 ], [ 140.99171, 38.6130993 ], [ 140.9899891, 38.6106698 ], [ 140.9882916, 38.6082388 ], [ 140.985790900000012, 38.6047302 ], [ 140.9844108, 38.6027886 ], [ 140.9827371, 38.600435 ], [ 140.9808303, 38.5977622 ], [ 140.979959799999989, 38.5965258 ], [ 140.978557, 38.5945552 ], [ 140.9775401, 38.5931052 ], [ 140.9763415, 38.5914442 ], [ 140.9744701, 38.5887555 ], [ 140.9736476, 38.5874571 ], [ 140.9732096, 38.586711 ], [ 140.972529, 38.5854681 ], [ 140.972155500000014, 38.5847305 ], [ 140.9717297, 38.5838264 ], [ 140.9713564, 38.5829653 ], [ 140.971084499999989, 38.5823042 ], [ 140.9707449, 38.5814106 ], [ 140.9702618, 38.5799931 ], [ 140.970008799999988, 38.579065 ], [ 140.9689586, 38.5755212 ], [ 140.9685963, 38.5741042 ] ] } },
{ "type": "Feature", "properties": { "id": "0832e0cfffffffff047f7f98724deb64", "theme": "transportation", "type": "segment", "subtype": "rail", "class": null, "routes": null, "names": "{primary=東北新幹線, common={en=Tohoku Shinkansen, ja=東北新幹線}, rules=[{variant=common, language=null, value=東北新幹線, between=null, side=null}, {variant=common, language=ja-Latn, value=Tōhoku Shinkansen, between=[0.0, 0.13244121], side=null}]}", "connector_ids": "[08f2e0c026b2e0cc047f6e23e7a95b4f, 08f2e0c44c2e4c96043f7f0a980d4102]" }, "geometry": { "type": "LineString", "coordinates": [ [ 141.140524199999987, 38.9294651 ], [ 141.1409433, 38.9304442 ], [ 141.1429896, 38.9352419 ], [ 141.1435032, 38.9363564 ], [ 141.1440825, 38.9376729 ], [ 141.1446793, 38.939114 ], [ 141.1449024, 38.9397091 ], [ 141.1451501, 38.9403644 ], [ 141.145504499999987, 38.9414183 ], [ 141.145721400000014, 38.942079 ], [ 141.146037299999989, 38.9431136 ], [ 141.147459, 38.9474776 ], [ 141.147765600000014, 38.9484895 ], [ 141.150375, 38.9570296 ], [ 141.152244, 38.9629309 ], [ 141.1550522, 38.9717165 ], [ 141.1565952, 38.9765486 ], [ 141.1568019, 38.9771653 ], [ 141.15698660000001, 38.9777147 ], [ 141.15730210000001, 38.9785712 ], [ 141.1574109, 38.9788749 ], [ 141.1575192, 38.9791766 ], [ 141.1578055, 38.9799073 ], [ 141.1581564, 38.9807801 ], [ 141.158467300000012, 38.9815997 ], [ 141.1587415, 38.9823192 ], [ 141.15888240000001, 38.9826631 ], [ 141.1591922, 38.9834896 ], [ 141.1597483, 38.9849647 ], [ 141.1600273, 38.9856909 ], [ 141.1601933, 38.9861228 ], [ 141.1605853, 38.9871588 ], [ 141.1609714, 38.988153 ], [ 141.161346400000014, 38.9891129 ], [ 141.1617683, 38.9902127 ], [ 141.162049200000013, 38.9909556 ], [ 141.1622834, 38.991577 ], [ 141.1625285, 38.9921912 ], [ 141.1627633, 38.9927938 ], [ 141.1630313, 38.9935018 ], [ 141.1633393, 38.9942949 ], [ 141.1633943, 38.9944387 ], [ 141.1637512, 38.9953805 ], [ 141.1639443, 38.9959068 ], [ 141.1642775, 38.9967384 ], [ 141.1645005, 38.9972972 ], [ 141.164851199999987, 38.9981944 ], [ 141.1650701, 38.9988164 ], [ 141.1654135, 38.9997023 ], [ 141.165734500000013, 39.0004843 ], [ 141.1660914, 39.001405 ], [ 141.1663744, 39.0021301 ], [ 141.166680500000012, 39.0029089 ], [ 141.1674207, 39.0048535 ], [ 141.1688744, 39.008598 ], [ 141.16920540000001, 39.009446 ], [ 141.1710463, 39.0141898 ], [ 141.172120299999989, 39.0170364 ], [ 141.1725323, 39.0181278 ], [ 141.1746714, 39.02361 ], [ 141.175878399999988, 39.026723 ], [ 141.1761994, 39.02755 ], [ 141.1778184, 39.0316769 ], [ 141.1792083, 39.0353227 ], [ 141.179706399999986, 39.0366299 ], [ 141.181711400000012, 39.041746 ], [ 141.1825574, 39.043917 ], [ 141.1832383, 39.0456649 ], [ 141.183681400000012, 39.0468289 ], [ 141.185114199999987, 39.0504796 ], [ 141.1856613, 39.0519797 ], [ 141.185874500000011, 39.0525192 ], [ 141.186653400000012, 39.0544881 ], [ 141.1871313, 39.0557097 ], [ 141.1879362, 39.0578795 ], [ 141.188565399999987, 39.0595319 ], [ 141.1893806, 39.0615986 ], [ 141.1896605, 39.0623057 ], [ 141.1898581, 39.0628086 ], [ 141.190254399999986, 39.0637881 ], [ 141.1911752, 39.0662024 ], [ 141.191466100000014, 39.0670044 ], [ 141.191944400000011, 39.0682679 ], [ 141.1924065, 39.0694352 ], [ 141.1934354, 39.0720379 ], [ 141.1943924, 39.0745511 ], [ 141.1946136, 39.0750986 ], [ 141.1948006, 39.0755515 ], [ 141.194870400000013, 39.075726 ], [ 141.1951383, 39.0764349 ], [ 141.1953514, 39.0769771 ], [ 141.1954398, 39.0772016 ], [ 141.196161, 39.0795807 ], [ 141.196510600000011, 39.0811382 ], [ 141.1967191, 39.0821018 ], [ 141.1968119, 39.0830654 ], [ 141.1968818, 39.0839018 ], [ 141.1969389, 39.0847938 ], [ 141.1970277, 39.085847 ], [ 141.1970241, 39.0880688 ], [ 141.196607199999988, 39.0929369 ], [ 141.196557899999988, 39.0934821 ], [ 141.1957923, 39.1023066 ], [ 141.1956887, 39.1029687 ], [ 141.1954628, 39.1057568 ], [ 141.1951111, 39.1096107 ], [ 141.194111600000014, 39.1207611 ], [ 141.193757799999986, 39.1252985 ], [ 141.193003, 39.1320643 ], [ 141.1929074, 39.1326267 ], [ 141.192165499999987, 39.1357435 ], [ 141.18962, 39.1428652 ], [ 141.1887983, 39.1451477 ], [ 141.1883051, 39.1465115 ], [ 141.1861816, 39.1524221 ], [ 141.184463599999987, 39.1572354 ], [ 141.183515, 39.1597904 ], [ 141.1827811, 39.1616027 ], [ 141.182268, 39.1630401 ], [ 141.1818241, 39.1642709 ], [ 141.181211100000013, 39.1659397 ], [ 141.1809486, 39.1666475 ], [ 141.180406299999987, 39.1678719 ], [ 141.179893600000014, 39.1689573 ], [ 141.1796223, 39.1695247 ], [ 141.1790976, 39.1704326 ], [ 141.1779866, 39.1722088 ], [ 141.1767353, 39.1739765 ], [ 141.1760572, 39.1748084 ], [ 141.1760453, 39.1748232 ], [ 141.1751812, 39.1758672 ], [ 141.1738484, 39.1773538 ], [ 141.1709911, 39.1803251 ], [ 141.1693632, 39.182007 ], [ 141.169263300000011, 39.1821099 ], [ 141.1666352, 39.184795 ], [ 141.1642281, 39.1873001 ], [ 141.1625031, 39.1890881 ], [ 141.1620742, 39.189533 ], [ 141.1596922, 39.191984 ], [ 141.157088, 39.1946862 ], [ 141.1556639, 39.1961834 ], [ 141.1553351, 39.1965291 ], [ 141.1535831, 39.1983141 ], [ 141.151767, 39.2002362 ], [ 141.1512769, 39.2007388 ], [ 141.148901099999989, 39.2031751 ], [ 141.148811, 39.2032692 ], [ 141.147042199999987, 39.2051081 ], [ 141.1447502, 39.2074661 ], [ 141.1424892, 39.209815 ], [ 141.1419613, 39.2103559 ], [ 141.139869, 39.2125002 ], [ 141.1367257, 39.215825 ], [ 141.135120300000011, 39.2174489 ], [ 141.1338271, 39.2187881 ], [ 141.1312642, 39.221441 ], [ 141.128252300000014, 39.2245249 ], [ 141.128185, 39.2245942 ], [ 141.127641399999987, 39.225166 ], [ 141.1255161, 39.2274011 ], [ 141.1230171, 39.2299597 ], [ 141.122609399999988, 39.2304069 ], [ 141.1214506, 39.2316426 ], [ 141.1205994, 39.2324508 ], [ 141.119391900000011, 39.2337765 ], [ 141.1180848, 39.2354392 ], [ 141.1172209, 39.2367095 ], [ 141.116935899999987, 39.237128 ], [ 141.1157196, 39.2392552 ], [ 141.114679599999988, 39.2412462 ], [ 141.1141242, 39.2425173 ], [ 141.1136947, 39.2438228 ], [ 141.113641800000011, 39.2439755 ], [ 141.113050500000014, 39.2456884 ], [ 141.1126375, 39.247102 ], [ 141.1123872, 39.248872 ], [ 141.112305099999986, 39.2493244 ], [ 141.111886700000014, 39.2528629 ], [ 141.1118907, 39.2536956 ], [ 141.11193080000001, 39.2551606 ], [ 141.1119798, 39.2560019 ], [ 141.1122507, 39.2574109 ], [ 141.1124098, 39.2583819 ], [ 141.1126018, 39.2594071 ], [ 141.1130233, 39.2611245 ], [ 141.1132499, 39.2618634 ], [ 141.1136444, 39.2632909 ], [ 141.114145900000011, 39.2645692 ], [ 141.1148875, 39.2661675 ], [ 141.1156506, 39.2677697 ], [ 141.1165906, 39.2697506 ], [ 141.1168486, 39.2702927 ], [ 141.1174475, 39.271493 ], [ 141.1190947, 39.2749404 ], [ 141.120117599999986, 39.2771102 ] ] } },
{ "type": "Feature", "properties": { "id": "0832e0cfffffffff047fdf2601c9c53e", "theme": "transportation", "type": "segment", "subtype": "rail", "class": null, "routes": null, "names": "{primary=東北新幹線, common={en=Tohoku Shinkansen, ja=東北新幹線}, rules=[{variant=common, language=null, value=東北新幹線, between=null, side=null}, {variant=common, language=ja-Latn, value=Tōhoku Shinkansen, between=[0.854257703, 0.925260625], side=null}, {variant=common, language=ja-Latn, value=Tōhoku Shinkansen, between=[0.993334746, 1.0], side=null}]}", "connector_ids": "[08f2e0cb11d41082047f6fea16d7a427, 08f2e0c0240f45a3043ff9803c27e4d2, 08f2e0c02446b58d043ff9be3ceede59]" }, "geometry": { "type": "LineString", "coordinates": [ [ 140.96855260000001, 38.5741161 ], [ 140.9689128, 38.5755291 ], [ 140.969947, 38.5790751 ], [ 140.970200299999988, 38.5800046 ], [ 140.9706841, 38.581424 ], [ 140.9710241, 38.5823188 ], [ 140.9712964, 38.5829808 ], [ 140.971670100000011, 38.5838429 ], [ 140.9720965, 38.5847481 ], [ 140.9724706, 38.5854869 ], [ 140.973151800000011, 38.586731 ], [ 140.9735906, 38.5874784 ], [ 140.974414, 38.5887783 ], [ 140.9762862, 38.5914681 ], [ 140.9774849, 38.5931292 ], [ 140.97850170000001, 38.5945791 ], [ 140.9799045, 38.5965497 ], [ 140.980775, 38.5977861 ], [ 140.982681899999989, 38.600459 ], [ 140.984355599999986, 38.6028126 ], [ 140.9857357, 38.6047542 ], [ 140.988236300000011, 38.6082626 ], [ 140.9899337, 38.6106936 ], [ 140.9916547, 38.6131231 ], [ 140.9923455, 38.6141065 ], [ 140.9935192, 38.6157871 ], [ 140.99503150000001, 38.6179369 ], [ 140.9969551, 38.6206522 ], [ 140.9974905, 38.6213864 ], [ 140.997784599999989, 38.6217887 ], [ 140.9994553, 38.624083 ], [ 141.0014362, 38.6268822 ], [ 141.0029624, 38.6290137 ], [ 141.0041096, 38.6306366 ], [ 141.0053877, 38.6323832 ], [ 141.007601599999987, 38.6357762 ], [ 141.0082764, 38.6369217 ], [ 141.009389700000014, 38.6388835 ], [ 141.0107578, 38.6412977 ], [ 141.0145982, 38.6481118 ], [ 141.0166342, 38.6516902 ], [ 141.0200035, 38.6576467 ], [ 141.0208364, 38.6591379 ], [ 141.0216146, 38.6605592 ], [ 141.021700900000013, 38.6607129 ], [ 141.0224677, 38.6620071 ], [ 141.023555499999986, 38.6639398 ], [ 141.0238771, 38.664541 ], [ 141.024576, 38.6657632 ], [ 141.0249847, 38.6664682 ], [ 141.0251078, 38.6666619 ], [ 141.025336, 38.6670308 ], [ 141.0259912, 38.668168 ], [ 141.0267194, 38.6695209 ], [ 141.0276279, 38.6711544 ], [ 141.0288558, 38.6732115 ], [ 141.0291487, 38.6736772 ], [ 141.0298474, 38.674869 ], [ 141.030470799999989, 38.6760105 ], [ 141.0305641, 38.6761843 ], [ 141.0315943, 38.6780329 ], [ 141.031736200000012, 38.6782915 ], [ 141.0329633, 38.6804596 ], [ 141.033222200000012, 38.6809139 ], [ 141.0335212, 38.6814648 ], [ 141.0342033, 38.6826679 ], [ 141.0345534, 38.6833019 ], [ 141.0350718, 38.6842071 ], [ 141.035545, 38.6850249 ], [ 141.038175200000012, 38.6896522 ], [ 141.0382875, 38.6898521 ], [ 141.039522299999987, 38.6920247 ], [ 141.039729099999988, 38.6923848 ], [ 141.0422845, 38.6969061 ], [ 141.0424051, 38.6971237 ], [ 141.043060200000014, 38.6982614 ], [ 141.0440375, 38.7000186 ], [ 141.0447978, 38.7013706 ], [ 141.0453809, 38.70235 ], [ 141.047840900000011, 38.7067037 ], [ 141.048621, 38.708073 ], [ 141.049079, 38.708886 ], [ 141.049552, 38.709721 ], [ 141.050473, 38.711364 ], [ 141.050911, 38.712152 ], [ 141.0513827, 38.713004 ], [ 141.05278, 38.71549 ], [ 141.0537263, 38.7171118 ], [ 141.0546457, 38.7187151 ], [ 141.055147, 38.719598 ], [ 141.055518299999989, 38.7202801 ], [ 141.056242, 38.721516 ], [ 141.056762, 38.722415 ], [ 141.0572008, 38.7233123 ], [ 141.0603951, 38.7289702 ], [ 141.061301500000013, 38.7305656 ], [ 141.063342, 38.734144 ], [ 141.063974, 38.7352846 ], [ 141.0676537, 38.7417695 ], [ 141.068589, 38.7434258 ], [ 141.071557899999988, 38.7486773 ], [ 141.0742151, 38.7533459 ], [ 141.076016900000013, 38.7565263 ], [ 141.0810337, 38.765363 ], [ 141.082209, 38.7674292 ], [ 141.0851447, 38.7725973 ], [ 141.0862249, 38.7744993 ], [ 141.0885596, 38.7786185 ], [ 141.089906899999988, 38.7812451 ], [ 141.0909694, 38.7835492 ], [ 141.0915005, 38.7848371 ], [ 141.092079899999987, 38.7863048 ], [ 141.0925466, 38.7876931 ], [ 141.094003, 38.792716 ], [ 141.094345, 38.793895 ], [ 141.094534, 38.794571 ], [ 141.094734, 38.795286 ], [ 141.095205, 38.79683 ], [ 141.095559, 38.798043 ], [ 141.096031, 38.799811 ], [ 141.096408, 38.801192 ], [ 141.096808, 38.802547 ], [ 141.097037, 38.803354 ], [ 141.0972213, 38.803962 ], [ 141.097539, 38.805093 ], [ 141.097775, 38.805952 ], [ 141.098105, 38.807143 ], [ 141.098483, 38.808371 ], [ 141.0991832, 38.8107063 ], [ 141.0993665, 38.8113267 ], [ 141.1000329, 38.8136298 ], [ 141.1001482, 38.8140345 ], [ 141.1004764, 38.8150941 ], [ 141.1006401, 38.815684 ], [ 141.1014453, 38.8184418 ], [ 141.101918, 38.8200485 ], [ 141.1025632, 38.822302 ], [ 141.1029534, 38.8236448 ], [ 141.103404399999988, 38.8251878 ], [ 141.103689, 38.8261018 ], [ 141.103923400000014, 38.8268878 ], [ 141.1042794, 38.8280808 ], [ 141.1044814, 38.8287518 ], [ 141.1047024, 38.8295478 ], [ 141.1050094, 38.8305268 ], [ 141.1053714, 38.8316878 ], [ 141.1054867, 38.8322262 ], [ 141.105802399999988, 38.8332318 ], [ 141.106163400000014, 38.8344168 ], [ 141.1064764, 38.8355088 ], [ 141.1066664, 38.8361388 ], [ 141.107175399999988, 38.8376598 ], [ 141.107301400000011, 38.8380348 ], [ 141.1083635, 38.8411104 ], [ 141.1097234, 38.8451623 ], [ 141.1097963, 38.8453719 ], [ 141.110176700000011, 38.8464888 ], [ 141.110219699999988, 38.8466413 ], [ 141.11087950000001, 38.84863 ], [ 141.110926400000011, 38.8487688 ], [ 141.1112065, 38.8495767 ], [ 141.1121836, 38.8525516 ], [ 141.115956399999988, 38.8638882 ], [ 141.1174053, 38.8681211 ], [ 141.1183173, 38.8707576 ], [ 141.118368299999986, 38.8709062 ], [ 141.120642299999986, 38.8775119 ], [ 141.1214769, 38.8798253 ], [ 141.1245453, 38.8874503 ], [ 141.1265775, 38.8921153 ], [ 141.127223, 38.8936933 ], [ 141.127914299999986, 38.8956149 ], [ 141.1282019, 38.8964213 ], [ 141.128439899999989, 38.8971745 ], [ 141.128658800000011, 38.8979164 ], [ 141.1301243, 38.9032134 ], [ 141.1308646, 38.9059853 ], [ 141.1316579, 38.9088898 ], [ 141.1320802, 38.9101917 ], [ 141.1321599, 38.9104338 ], [ 141.1330131, 38.9126349 ], [ 141.133514600000012, 38.9138808 ], [ 141.1340296, 38.9150203 ], [ 141.135054200000013, 38.9173285 ], [ 141.1362364, 38.9200088 ], [ 141.1367223, 38.9210543 ], [ 141.1378303, 38.9234021 ] ] } },
{ "type": "Feature", "properties": { "id": "0832e0efffffffff047ffd4bc4e16dad", "theme": "transportation", "type": "segment", "subtype": "rail", "class": null, "routes": null, "names": "{primary=東北新幹線, common={en=Tohoku Shinkansen, ja=東北新幹線}, rules=[{variant=common, language=null, value=東北新幹線, between=null, side=null}]}", "connector_ids": "[08f2e0e790714523043fbf25029276a9, 08f2e0e790706d5b043f960a2f9296dd, 08f2e0e790704aee043fbdf6dd7cc450, 08f2e0e7900cd31a043f9582d7c9a9e7, 08f2e0e72b884d52047f8e86f50a02f6, 08f2e0e72b941392043f9709549b96fd, 08f2e0e06a985643047f7ff6aa327a81, 08f2e0ea1e3a38b0043feb5fba6dd828, 08f2e0ea1dd52918043f77ddf4a4878c]" }, "geometry": { "type": "LineString", "coordinates": [ [ 141.428813, 40.5071787 ], [ 141.4281263, 40.5064848 ], [ 141.4276317, 40.5059757 ], [ 141.427337200000011, 40.5056767 ], [ 141.424661500000013, 40.5029509 ], [ 141.4217904, 40.5000131 ], [ 141.419924900000012, 40.498001 ], [ 141.4188076, 40.4967044 ], [ 141.4181922, 40.4959451 ], [ 141.418137300000012, 40.4958738 ], [ 141.4178886, 40.4955505 ], [ 141.4148291, 40.4913532 ], [ 141.4145548, 40.4909364 ], [ 141.4134675, 40.4891288 ], [ 141.412560899999988, 40.4876424 ], [ 141.411361, 40.4854265 ], [ 141.4109934, 40.4846938 ], [ 141.4105884, 40.4838431 ], [ 141.4097648, 40.4820027 ], [ 141.4086562, 40.4791351 ], [ 141.4076484, 40.4763526 ], [ 141.4072576, 40.4753574 ], [ 141.406465, 40.4731747 ], [ 141.4052321, 40.4697163 ], [ 141.404423400000013, 40.4674851 ], [ 141.402568, 40.4624915 ], [ 141.4017744, 40.4605333 ], [ 141.4017528, 40.46048 ], [ 141.4009524, 40.458631 ], [ 141.3994357, 40.4554035 ], [ 141.398291699999987, 40.4532376 ], [ 141.3964464, 40.4501514 ], [ 141.394529, 40.4473284 ], [ 141.3899393, 40.4412035 ], [ 141.3850373, 40.4347084 ], [ 141.3824653, 40.4312964 ], [ 141.3791493, 40.4268934 ], [ 141.3765534, 40.4234606 ], [ 141.3752642, 40.4217053 ], [ 141.3733139, 40.4192129 ], [ 141.3698212, 40.4146603 ], [ 141.36772830000001, 40.4118585 ], [ 141.364330200000012, 40.4073703 ], [ 141.361288300000012, 40.4033525 ], [ 141.3568639, 40.3973872 ], [ 141.356058600000011, 40.3963009 ], [ 141.3493413, 40.3872665 ], [ 141.3459072, 40.3826995 ], [ 141.3414152, 40.3767334 ], [ 141.3370102, 40.3708984 ], [ 141.330174199999988, 40.3618284 ], [ 141.326200199999988, 40.3565834 ], [ 141.3224641, 40.3516263 ], [ 141.319853, 40.3481902 ], [ 141.316623099999987, 40.3439713 ], [ 141.3129083, 40.3390105 ], [ 141.3115942, 40.3372613 ], [ 141.309251100000012, 40.3341792 ], [ 141.306736199999989, 40.3308785 ], [ 141.3047264, 40.3282813 ], [ 141.3027467, 40.3255829 ], [ 141.30187, 40.3243522 ], [ 141.297782, 40.3189422 ], [ 141.2962824, 40.3169987 ], [ 141.2940571, 40.3138752 ], [ 141.2927917, 40.3117008 ], [ 141.291947, 40.3100982 ], [ 141.2911774, 40.3082656 ], [ 141.2902646, 40.3054053 ], [ 141.2897353, 40.3028448 ], [ 141.2894666, 40.3007334 ], [ 141.2892828, 40.2977785 ], [ 141.2893537, 40.29591 ], [ 141.2895789, 40.2940311 ], [ 141.2901823, 40.2897047 ], [ 141.2905407, 40.2875386 ], [ 141.2908502, 40.2854745 ], [ 141.2911014, 40.2834939 ], [ 141.2912522, 40.2825122 ], [ 141.2914173, 40.2812658 ], [ 141.2915322, 40.2800135 ], [ 141.2915851, 40.277392 ], [ 141.2914139, 40.2750498 ], [ 141.291075400000011, 40.2727067 ], [ 141.2907569, 40.2713504 ], [ 141.2904365, 40.2701568 ], [ 141.29025, 40.2695752 ], [ 141.290127500000011, 40.2692292 ], [ 141.2899368, 40.2686679 ], [ 141.2894633, 40.2673276 ], [ 141.2889571, 40.2662276 ], [ 141.2883941, 40.2650676 ], [ 141.2877715, 40.2637242 ], [ 141.2871413, 40.2625678 ], [ 141.2863725, 40.2611569 ], [ 141.2858373, 40.2601571 ], [ 141.2849958, 40.2585711 ], [ 141.2839252, 40.2567063 ], [ 141.2812438, 40.2520355 ], [ 141.28013, 40.2502681 ], [ 141.2800535, 40.250158 ], [ 141.2762086, 40.2443886 ], [ 141.2749379, 40.2422649 ], [ 141.2748311, 40.2420988 ], [ 141.273834099999988, 40.2404406 ], [ 141.2735045, 40.2398632 ], [ 141.2728466, 40.2386475 ], [ 141.2726615, 40.2382566 ], [ 141.2716513, 40.2362071 ], [ 141.271133099999986, 40.2350127 ], [ 141.270106700000014, 40.2324453 ], [ 141.2693184, 40.2301715 ], [ 141.268681, 40.2279064 ], [ 141.2682663, 40.2262349 ], [ 141.2679276, 40.2245753 ], [ 141.2675559, 40.2224299 ], [ 141.2673011, 40.2203956 ], [ 141.2671343, 40.2185792 ], [ 141.2670474, 40.216569 ], [ 141.2670374, 40.2142766 ], [ 141.267077300000011, 40.2130711 ], [ 141.2672382, 40.2107818 ], [ 141.267393, 40.2094633 ], [ 141.2690829, 40.1975589 ], [ 141.270629, 40.1870548 ], [ 141.2709859, 40.1844328 ], [ 141.2716589, 40.179877 ], [ 141.2724599, 40.1744072 ], [ 141.2732609, 40.1693514 ], [ 141.275691, 40.1536387 ], [ 141.2762912, 40.1488439 ], [ 141.276607399999989, 40.1440917 ], [ 141.2764693, 40.1398528 ], [ 141.2762401, 40.1367111 ], [ 141.2755607, 40.1325709 ], [ 141.2753439, 40.131407 ], [ 141.2751035, 40.1302516 ], [ 141.2741294, 40.125532 ], [ 141.273390400000011, 40.1224351 ], [ 141.2725955, 40.1184745 ], [ 141.270529399999987, 40.1090423 ], [ 141.2689674, 40.1016444 ], [ 141.267804399999989, 40.0962162 ], [ 141.2661864, 40.0887531 ], [ 141.2656826, 40.0864979 ], [ 141.2655476, 40.0857329 ], [ 141.264654400000012, 40.0816682 ], [ 141.264001400000012, 40.0785753 ], [ 141.2631504, 40.0746091 ], [ 141.2623844, 40.0711671 ], [ 141.2615204, 40.0671903 ], [ 141.2607544, 40.0635733 ], [ 141.2601024, 40.0605681 ], [ 141.2595494, 40.0580881 ], [ 141.2592095, 40.0565034 ], [ 141.2585574, 40.0533673 ], [ 141.2571544, 40.0469752 ], [ 141.256176399999987, 40.0424083 ], [ 141.254859399999987, 40.0362123 ], [ 141.253003400000011, 40.0276023 ], [ 141.252224500000011, 40.0238974 ], [ 141.251530300000013, 40.0206406 ], [ 141.2508498, 40.0178955 ], [ 141.2497716, 40.0145698 ], [ 141.248663, 40.0120743 ], [ 141.2479485, 40.0107125 ], [ 141.246786500000013, 40.0088127 ], [ 141.246124400000014, 40.0077781 ], [ 141.2454252, 40.0068113 ], [ 141.24466480000001, 40.0058146 ], [ 141.243659900000011, 40.0046441 ], [ 141.2426905, 40.0035949 ], [ 141.242248100000012, 40.0031405 ], [ 141.2410357, 40.001933 ], [ 141.239918499999987, 40.000931 ], [ 141.2383815, 39.999556 ], [ 141.237029799999988, 39.9983433 ], [ 141.2351773, 39.9966549 ], [ 141.234180400000014, 39.9957861 ], [ 141.2310455, 39.9931471 ], [ 141.2302024, 39.9924068 ], [ 141.230135600000011, 39.9923481 ], [ 141.229682200000013, 39.9919296 ], [ 141.2267651, 39.989047 ], [ 141.226126, 39.9883847 ], [ 141.2254393, 39.9875649 ], [ 141.2244201, 39.9862289 ], [ 141.224044600000013, 39.9856514 ], [ 141.2235641, 39.9848483 ], [ 141.223137799999989, 39.9841543 ], [ 141.2224206, 39.9829496 ], [ 141.221731299999988, 39.981656 ], [ 141.221179, 39.9805754 ], [ 141.2207156, 39.9795407 ], [ 141.2202614, 39.9785007 ], [ 141.2200195, 39.9778295 ], [ 141.219681, 39.9768551 ], [ 141.2194335, 39.9760337 ], [ 141.2192652, 39.9753984 ], [ 141.219101, 39.9747104 ], [ 141.2187797, 39.9730029 ], [ 141.2185992, 39.9718792 ], [ 141.218417499999987, 39.9703696 ], [ 141.2181713, 39.9680363 ], [ 141.2181181, 39.9673609 ], [ 141.2179114, 39.9648334 ], [ 141.217875600000013, 39.9643893 ], [ 141.2177873, 39.963238 ], [ 141.217687399999988, 39.9620523 ], [ 141.2176236, 39.9606114 ], [ 141.217606, 39.9603736 ], [ 141.217580700000013, 39.9599394 ], [ 141.217570599999988, 39.9592734 ], [ 141.2175762, 39.9580356 ], [ 141.2176756, 39.9560856 ], [ 141.2180046, 39.9525649 ], [ 141.2184253, 39.9485086 ], [ 141.2187382, 39.9463499 ], [ 141.218833600000011, 39.9455123 ], [ 141.2189027, 39.9446495 ], [ 141.2193438, 39.9393264 ], [ 141.2195078, 39.9373862 ], [ 141.2196893, 39.9341699 ], [ 141.219715400000013, 39.9303181 ], [ 141.2196174, 39.928482 ], [ 141.2191006, 39.9245888 ], [ 141.2183723, 39.9212463 ], [ 141.217944, 39.9196931 ], [ 141.2170492, 39.916653 ], [ 141.216747700000013, 39.9158605 ], [ 141.21269430000001, 39.906228 ], [ 141.209369400000014, 39.8979903 ], [ 141.207864300000011, 39.8940791 ], [ 141.207040299999989, 39.8921119 ], [ 141.2053333, 39.8878101 ], [ 141.2039983, 39.8845122 ], [ 141.202626, 39.8810309 ], [ 141.2014304, 39.8780997 ], [ 141.1990151, 39.8724756 ], [ 141.1961203, 39.8653651 ], [ 141.1912678, 39.8530409 ], [ 141.191246799999988, 39.852984 ], [ 141.1906234, 39.8514274 ], [ 141.1904271, 39.8509419 ], [ 141.185951100000011, 39.8403655 ], [ 141.1842047, 39.8362776 ], [ 141.183255800000012, 39.8343318 ], [ 141.181990899999988, 39.8321233 ], [ 141.18087220000001, 39.8302861 ], [ 141.1793104, 39.827981 ], [ 141.1780068, 39.8261541 ], [ 141.176841700000011, 39.8246257 ], [ 141.1756828, 39.8232678 ], [ 141.174099899999987, 39.8214333 ], [ 141.1724624, 39.8195958 ], [ 141.1702075, 39.8170532 ], [ 141.1686494, 39.8153112 ], [ 141.1655604, 39.8118351 ], [ 141.165515199999987, 39.8117848 ], [ 141.1627112, 39.8087222 ], [ 141.1615021, 39.8073822 ], [ 141.1590999, 39.8046703 ], [ 141.1574221, 39.8026574 ], [ 141.156221, 39.8010024 ], [ 141.1547677, 39.7989874 ], [ 141.1537753, 39.7974144 ], [ 141.1527859, 39.7958422 ], [ 141.1514407, 39.7934278 ], [ 141.1502956, 39.7911454 ], [ 141.1488813, 39.7878252 ], [ 141.14858670000001, 39.7870222 ], [ 141.1482718, 39.7861374 ], [ 141.147841, 39.7849029 ], [ 141.14742720000001, 39.7836086 ], [ 141.1469188, 39.7819197 ], [ 141.145698900000014, 39.7775864 ], [ 141.14512830000001, 39.7757779 ], [ 141.14483580000001, 39.7749645 ], [ 141.1445201, 39.7741404 ], [ 141.144178, 39.7733219 ], [ 141.1438092, 39.7725053 ], [ 141.1426315, 39.7701654 ], [ 141.1358816, 39.7577882 ], [ 141.135725400000013, 39.7575057 ], [ 141.135404200000011, 39.7569155 ], [ 141.1341937, 39.7546914 ], [ 141.1326774, 39.7517378 ], [ 141.1324557, 39.7512975 ], [ 141.1312676, 39.7489713 ], [ 141.1299167, 39.7463759 ], [ 141.129054200000013, 39.7447923 ], [ 141.127982800000012, 39.7428529 ], [ 141.125331499999987, 39.73827 ], [ 141.1236657, 39.7353027 ], [ 141.122642, 39.733425 ], [ 141.1216972, 39.7315492 ], [ 141.120572399999986, 39.7295071 ], [ 141.1190243, 39.7266403 ], [ 141.1189748, 39.7265459 ] ] } },
{ "type": "Feature", "properties": { "id": "0832e0efffffffff047fff4969172a4f", "theme": "transportation", "type": "segment", "subtype": "rail", "class": null, "routes": null, "names": "{primary=東北新幹線, common={en=Tohoku Shinkansen, ja=東北新幹線}, rules=[{variant=common, language=null, value=東北新幹線, between=null, side=null}]}", "connector_ids": "[08f2e0ea1dd52801043ff6dc138d474a, 08f2e0eaaa95e598043ffff640bd1694, 08f2e0ea82aa84d1047f7aa17cba9ae4, 08f2e0e0c52a335b047f7eb76787fb6d, 08f2e0e72b969400047ffff222c9b598, 08f2e0e790705d96043f9ff53128458d, 08f2e0e790706c43043ff60867e52355, 08f2e0e790714556043f9722aeadfdfd]" }, "geometry": { "type": "LineString", "coordinates": [ [ 141.1189267, 39.7265622 ], [ 141.1189757, 39.7266556 ], [ 141.1205239, 39.7295227 ], [ 141.1216485, 39.7315644 ], [ 141.122593200000011, 39.7334401 ], [ 141.1236173, 39.7353185 ], [ 141.1252834, 39.7382862 ], [ 141.1279346, 39.742869 ], [ 141.129005799999987, 39.744808 ], [ 141.12986810000001, 39.7463912 ], [ 141.1312187, 39.7489862 ], [ 141.1324067, 39.7513121 ], [ 141.132628399999987, 39.7517525 ], [ 141.134145, 39.7547066 ], [ 141.1356769, 39.7575213 ], [ 141.1358332, 39.7578039 ], [ 141.1425827, 39.7701805 ], [ 141.1437598, 39.7725192 ], [ 141.144128099999989, 39.7733347 ], [ 141.1444698, 39.7741523 ], [ 141.1447853, 39.7749756 ], [ 141.1450774, 39.775788 ], [ 141.1456476, 39.7775954 ], [ 141.1468674, 39.7819283 ], [ 141.147376, 39.783618 ], [ 141.14779, 39.784913 ], [ 141.148221, 39.786148 ], [ 141.148536, 39.787033 ], [ 141.148831, 39.787837 ], [ 141.150246, 39.791159 ], [ 141.151392, 39.793443 ], [ 141.152738, 39.795859 ], [ 141.153728, 39.797432 ], [ 141.154721, 39.799006 ], [ 141.156175, 39.801022 ], [ 141.1573761, 39.802677 ], [ 141.1590559, 39.8046926 ], [ 141.1614588, 39.8074051 ], [ 141.1626681, 39.8087454 ], [ 141.165472, 39.8118079 ], [ 141.165517, 39.811858 ], [ 141.168606, 39.815334 ], [ 141.170164, 39.817076 ], [ 141.1724189, 39.8196185 ], [ 141.1740562, 39.8214559 ], [ 141.1756389, 39.82329 ], [ 141.176797, 39.824647 ], [ 141.177961, 39.826174 ], [ 141.179264, 39.828 ], [ 141.180825, 39.830304 ], [ 141.181943, 39.83214 ], [ 141.183207, 39.834347 ], [ 141.184155, 39.836291 ], [ 141.185901, 39.840378 ], [ 141.19037560000001, 39.8509572 ], [ 141.190573199999989, 39.8514394 ], [ 141.1911963, 39.8529954 ], [ 141.191217200000011, 39.8530522 ], [ 141.19607, 39.865377 ], [ 141.198965, 39.872488 ], [ 141.201380300000011, 39.878112 ], [ 141.202575700000011, 39.8810428 ], [ 141.203948, 39.884524 ], [ 141.205283, 39.887822 ], [ 141.20699, 39.892124 ], [ 141.207814, 39.894091 ], [ 141.209319, 39.898002 ], [ 141.212644, 39.90624 ], [ 141.2166947, 39.9158725 ], [ 141.2169903, 39.9166632 ], [ 141.217885, 39.919703 ], [ 141.218312, 39.921254 ], [ 141.21904, 39.924595 ], [ 141.219553, 39.928484 ], [ 141.219651, 39.930319 ], [ 141.219624900000014, 39.9341687 ], [ 141.2194423, 39.9373832 ], [ 141.219275, 39.939323 ], [ 141.2188339, 39.9446462 ], [ 141.2187648, 39.9455084 ], [ 141.2186696, 39.9463447 ], [ 141.2183568, 39.9485028 ], [ 141.217934500000013, 39.9525608 ], [ 141.2176054, 39.9560825 ], [ 141.2175287, 39.9580358 ], [ 141.217516, 39.9592738 ], [ 141.2175183, 39.9599466 ], [ 141.217545699999988, 39.9603419 ], [ 141.2175626, 39.960626 ], [ 141.2176427, 39.9620541 ], [ 141.21773, 39.9632404 ], [ 141.217827199999988, 39.9644303 ], [ 141.217858799999988, 39.9647956 ], [ 141.218062300000014, 39.9673676 ], [ 141.2181109, 39.9680436 ], [ 141.2183474, 39.9703739 ], [ 141.2185293, 39.971885 ], [ 141.21871, 39.97301 ], [ 141.2190316, 39.9747191 ], [ 141.2191962, 39.9754086 ], [ 141.2193648, 39.9760451 ], [ 141.2196128, 39.9768681 ], [ 141.2199516, 39.9778436 ], [ 141.220194099999986, 39.9785164 ], [ 141.220649, 39.979558 ], [ 141.221113, 39.980594 ], [ 141.221666, 39.981676 ], [ 141.222356, 39.982971 ], [ 141.223074, 39.984177 ], [ 141.223503, 39.984875 ], [ 141.2239735, 39.9856741 ], [ 141.22436110000001, 39.9862639 ], [ 141.2253901, 39.9876137 ], [ 141.2260589, 39.9884155 ], [ 141.226713, 39.9891028 ], [ 141.229627, 39.991963 ], [ 141.230082, 39.992383 ], [ 141.230149399999988, 39.9924422 ], [ 141.230993, 39.993183 ], [ 141.234128, 39.995822 ], [ 141.235124, 39.99669 ], [ 141.236976, 39.998378 ], [ 141.238328, 39.999591 ], [ 141.239865, 40.000966 ], [ 141.240981, 40.001967 ], [ 141.242192, 40.003173 ], [ 141.2426336, 40.0036266 ], [ 141.2436018, 40.0046745 ], [ 141.244605, 40.005843 ], [ 141.245364, 40.006838 ], [ 141.246062, 40.007803 ], [ 141.246723, 40.008836 ], [ 141.247884, 40.010734 ], [ 141.248597, 40.012093 ], [ 141.249704, 40.014585 ], [ 141.250781, 40.017907 ], [ 141.251461, 40.02065 ], [ 141.252155, 40.023906 ], [ 141.252934, 40.027611 ], [ 141.25479, 40.036221 ], [ 141.256107, 40.042417 ], [ 141.257085, 40.046984 ], [ 141.258488, 40.053376 ], [ 141.25914, 40.056512 ], [ 141.25948, 40.058097 ], [ 141.260033, 40.060577 ], [ 141.260685, 40.063582 ], [ 141.261451, 40.067199 ], [ 141.262315, 40.071176 ], [ 141.263081, 40.074618 ], [ 141.263932, 40.078584 ], [ 141.264585, 40.081677 ], [ 141.265478, 40.085741 ], [ 141.265613, 40.086506 ], [ 141.266117, 40.088762 ], [ 141.267735, 40.096225 ], [ 141.268898, 40.101653 ], [ 141.27046, 40.109051 ], [ 141.272526, 40.118483 ], [ 141.273321, 40.122444 ], [ 141.27406, 40.125541 ], [ 141.275034, 40.13026 ], [ 141.2752743, 40.131415 ], [ 141.275491, 40.132578 ], [ 141.27617, 40.136716 ], [ 141.276399, 40.139855 ], [ 141.276537, 40.144091 ], [ 141.276221, 40.14884 ], [ 141.275621, 40.153633 ], [ 141.273191, 40.169345 ], [ 141.27239, 40.174401 ], [ 141.271589, 40.179871 ], [ 141.270916, 40.184427 ], [ 141.270559, 40.187049 ], [ 141.269013, 40.197553 ], [ 141.267323, 40.209458 ], [ 141.267168, 40.210778 ], [ 141.267007, 40.213069 ], [ 141.266967, 40.214276 ], [ 141.266977, 40.21657 ], [ 141.267064, 40.218582 ], [ 141.267231, 40.2204 ], [ 141.267486, 40.222436 ], [ 141.267858, 40.224583 ], [ 141.268197, 40.226244 ], [ 141.268612, 40.227917 ], [ 141.26925, 40.230184 ], [ 141.270039, 40.23246 ], [ 141.271066, 40.235029 ], [ 141.271585, 40.236225 ], [ 141.272595599999988, 40.2382759 ], [ 141.2727774, 40.2386647 ], [ 141.2730488, 40.2391736 ], [ 141.273271099999988, 40.2395906 ], [ 141.273478899999986, 40.2399581 ], [ 141.273762299999987, 40.2404651 ], [ 141.274511, 40.2417498 ], [ 141.2746761, 40.2420049 ], [ 141.276145, 40.244412 ], [ 141.2799908, 40.2501829 ], [ 141.2800669, 40.2502924 ], [ 141.2811796, 40.2520581 ], [ 141.2833314, 40.2557892 ], [ 141.284945099999987, 40.2585871 ], [ 141.2857971, 40.2601776 ], [ 141.2863232, 40.2611722 ], [ 141.2877087, 40.2637422 ], [ 141.288331, 40.265085 ], [ 141.288894, 40.266245 ], [ 141.2893992, 40.2673428 ], [ 141.289872, 40.268681 ], [ 141.2900627, 40.2692423 ], [ 141.290185, 40.269588 ], [ 141.290371, 40.270168 ], [ 141.290691, 40.27136 ], [ 141.291009, 40.272714 ], [ 141.291347, 40.275054 ], [ 141.291518, 40.277393 ], [ 141.291465100000011, 40.2800127 ], [ 141.2913528, 40.2812616 ], [ 141.291187799999989, 40.2825068 ], [ 141.291037, 40.2834886 ], [ 141.2907858, 40.2854693 ], [ 141.290476399999989, 40.2875327 ], [ 141.290118, 40.289699 ], [ 141.2895144, 40.2940262 ], [ 141.289289, 40.295907 ], [ 141.289218, 40.297779 ], [ 141.289402, 40.300737 ], [ 141.289671, 40.302851 ], [ 141.290201, 40.305415 ], [ 141.291115, 40.308279 ], [ 141.291886, 40.310115 ], [ 141.292732, 40.31172 ], [ 141.293999, 40.313897 ], [ 141.296226, 40.317023 ], [ 141.297726, 40.318967 ], [ 141.301814, 40.324377 ], [ 141.302695, 40.3256072 ], [ 141.304688700000014, 40.3283005 ], [ 141.30668, 40.330903 ], [ 141.309195, 40.334204 ], [ 141.311538, 40.337286 ], [ 141.312852, 40.339035 ], [ 141.316567, 40.343996 ], [ 141.319797, 40.348215 ], [ 141.322408, 40.351651 ], [ 141.326144, 40.356608 ], [ 141.330118, 40.361853 ], [ 141.336954, 40.370923 ], [ 141.341359, 40.376758 ], [ 141.345851, 40.382724 ], [ 141.349285, 40.387291 ], [ 141.355993399999988, 40.3963344 ], [ 141.356807, 40.397411 ], [ 141.361232, 40.403377 ], [ 141.364274, 40.407395 ], [ 141.367672, 40.411883 ], [ 141.369765, 40.414685 ], [ 141.373258, 40.419238 ], [ 141.375208, 40.42173 ], [ 141.376497, 40.423485 ], [ 141.379093, 40.426918 ], [ 141.382409, 40.431321 ], [ 141.384981, 40.434733 ], [ 141.389883, 40.441228 ], [ 141.394472, 40.447352 ], [ 141.396388, 40.450173 ], [ 141.398232, 40.453257 ], [ 141.399375, 40.455421 ], [ 141.400891, 40.458647 ], [ 141.401691, 40.460495 ], [ 141.4017124, 40.4605478 ], [ 141.402506, 40.462506 ], [ 141.4043584, 40.4674989 ], [ 141.4051671, 40.4697301 ], [ 141.406383299999987, 40.4731767 ], [ 141.407181900000012, 40.4753612 ], [ 141.4075683, 40.4763302 ], [ 141.4085888, 40.4791394 ], [ 141.409700500000014, 40.4820183 ], [ 141.4105294, 40.4838615 ], [ 141.4109236, 40.4846999 ], [ 141.4112977, 40.4854443 ], [ 141.4124991, 40.487663 ], [ 141.4134062, 40.4891503 ], [ 141.4144939, 40.4909586 ], [ 141.4147688, 40.4913762 ], [ 141.4178315, 40.4955769 ], [ 141.4180835, 40.4959023 ], [ 141.4181332, 40.4959665 ], [ 141.418756800000011, 40.4967262 ], [ 141.4198767, 40.4980224 ], [ 141.4217448, 40.5000325 ], [ 141.4246067, 40.5029745 ], [ 141.4272916, 40.5056971 ], [ 141.427588899999989, 40.5059998 ], [ 141.42808070000001, 40.5065058 ], [ 141.4287534, 40.5072001 ] ] } },
{ "type": "Feature", "properties": { "id": "0832e29fffffffff047fdd590c3ea3a6", "theme": "transportation", "type": "segment", "subtype": "rail", "class": null, "routes": null, "names": "{primary=東北新幹線, common={ja=東北新幹線}, rules=[{variant=common, language=null, value=東北新幹線, between=null, side=null}, {variant=common, language=en, value=Tohoku Shinkansen, between=[0.0, 0.74312859], side=null}, {variant=common, language=en, value=Tōhoku Shinkansen, between=[0.74312859, 1.0], side=null}]}", "connector_ids": "[08f2e2974234dca9043ef9a3fdc14d27, 08f2e29214a29b6b047eed29f67a2395, 08f2e29233696c0a047fffed22667d18]" }, "geometry": { "type": "LineString", "coordinates": [ [ 140.1868797, 37.1211937 ], [ 140.1837298, 37.1178676 ], [ 140.1818001, 37.1157764 ], [ 140.1807093, 37.114609 ], [ 140.178860500000013, 37.1125606 ], [ 140.1787118, 37.1124058 ], [ 140.1780157, 37.1116812 ], [ 140.1579595, 37.0903806 ], [ 140.1540508, 37.0860707 ], [ 140.1534303, 37.0853679 ], [ 140.152102899999988, 37.0838579 ], [ 140.1493616, 37.0807845 ], [ 140.14711, 37.0782546 ], [ 140.1433467, 37.0740408 ], [ 140.1417051, 37.0721476 ], [ 140.1402263, 37.0704179 ], [ 140.1393744, 37.069481 ], [ 140.1384019, 37.0684333 ], [ 140.134604200000012, 37.0643215 ], [ 140.129723899999988, 37.0590182 ], [ 140.1265774, 37.0556056 ], [ 140.1250375, 37.0538598 ], [ 140.1240521, 37.0526914 ], [ 140.1228705, 37.0512055 ], [ 140.12209150000001, 37.0501896 ], [ 140.12136430000001, 37.0492035 ], [ 140.120387099999988, 37.0478731 ], [ 140.117940299999987, 37.0445394 ], [ 140.11561, 37.0413878 ], [ 140.1135502, 37.038578 ], [ 140.111279599999989, 37.0355151 ], [ 140.1103559, 37.0342668 ], [ 140.1092562, 37.0327738 ], [ 140.1073422, 37.0302027 ], [ 140.1042339, 37.0259808 ], [ 140.103680700000012, 37.0252311 ], [ 140.1027918, 37.0240298 ], [ 140.1021484, 37.023151 ], [ 140.1016798, 37.0225134 ], [ 140.101161100000013, 37.0218104 ], [ 140.1005602, 37.0210014 ], [ 140.0993991, 37.0194266 ], [ 140.0983936, 37.0180741 ], [ 140.0974555, 37.0167984 ], [ 140.096794100000011, 37.0159002 ], [ 140.0961083, 37.0149672 ], [ 140.0944419, 37.0127121 ], [ 140.0935159, 37.0114492 ], [ 140.0929841, 37.0107282 ], [ 140.0924559, 37.0100071 ], [ 140.0916782, 37.0089481 ], [ 140.0912801, 37.0084121 ], [ 140.090593500000011, 37.0074764 ], [ 140.0899383, 37.0065885 ], [ 140.089443499999987, 37.0059191 ], [ 140.088724899999988, 37.0049442 ], [ 140.08786, 37.0037761 ], [ 140.0873316, 37.0030621 ], [ 140.086324, 37.0016886 ], [ 140.0850758, 36.9999959 ], [ 140.084031900000014, 36.9985813 ], [ 140.0833921, 36.9977141 ], [ 140.0828299, 36.9969688 ], [ 140.0817926, 36.9956133 ], [ 140.0812009, 36.9948567 ], [ 140.0805511, 36.9940633 ], [ 140.079886499999986, 36.993264 ], [ 140.0790733, 36.9923 ], [ 140.0778416, 36.9908832 ], [ 140.076037, 36.9888067 ], [ 140.07567, 36.9883885 ], [ 140.075369, 36.9880414 ], [ 140.0743816, 36.9869119 ], [ 140.0738499, 36.9862958 ], [ 140.0721531, 36.9843507 ], [ 140.0710833, 36.9831197 ], [ 140.0696676, 36.981493 ], [ 140.0671466, 36.978603 ], [ 140.066149200000012, 36.9774542 ], [ 140.0656299, 36.9768546 ], [ 140.0651207, 36.9762668 ], [ 140.063889, 36.9748432 ], [ 140.0629353, 36.9737511 ], [ 140.0615578, 36.9721703 ], [ 140.060731, 36.9712474 ], [ 140.0594661, 36.9697804 ], [ 140.0575593, 36.9675851 ], [ 140.057121200000012, 36.9670874 ], [ 140.0551682, 36.9648484 ], [ 140.054135699999989, 36.9636875 ], [ 140.0536798, 36.9631382 ], [ 140.052824500000014, 36.9621878 ], [ 140.050568, 36.9596043 ], [ 140.0496812, 36.9586099 ], [ 140.048721699999987, 36.9576155 ], [ 140.0474551, 36.9563798 ], [ 140.046136, 36.9551708 ], [ 140.0455652, 36.9546505 ], [ 140.0449898, 36.9541174 ], [ 140.0434012, 36.9526669 ], [ 140.041833200000013, 36.9512486 ], [ 140.0393516, 36.9489829 ], [ 140.0376086, 36.9473644 ], [ 140.0369111, 36.9467423 ], [ 140.034643100000011, 36.9446725 ], [ 140.033144, 36.9432944 ], [ 140.0316456, 36.9419092 ], [ 140.0309087, 36.9412298 ], [ 140.0289769, 36.9394682 ], [ 140.0264694, 36.9371757 ], [ 140.02547770000001, 36.9362675 ], [ 140.024912199999989, 36.9357273 ] ] } },
{ "type": "Feature", "properties": { "id": "0832e29fffffffff047fec57b69ae852", "theme": "transportation", "type": "segment", "subtype": "rail", "class": null, "routes": null, "names": "{primary=東北新幹線, common={ja=東北新幹線}, rules=[{variant=common, language=null, value=東北新幹線, between=null, side=null}, {variant=common, language=en, value=Tōhoku Shinkansen, between=[0.0, 0.256730213], side=null}, {variant=common, language=en, value=Tohoku Shinkansen, between=[0.256730213, 1.0], side=null}]}", "connector_ids": "[08f2e2923369652c047ebfec649473a6, 08f2e29214b5b021047edd17857c25f9, 08f2e2974234dcd3043ffda29af6f2e6]" }, "geometry": { "type": "LineString", "coordinates": [ [ 140.0248932, 36.9357952 ], [ 140.025431, 36.9362987 ], [ 140.0259973, 36.9368157 ], [ 140.028934099999987, 36.9394966 ], [ 140.0308627, 36.9412589 ], [ 140.03161, 36.9419349 ], [ 140.0331016, 36.9433218 ], [ 140.034598499999987, 36.9446996 ], [ 140.036869200000012, 36.9467727 ], [ 140.0375713, 36.9473982 ], [ 140.039309, 36.9490134 ], [ 140.0417936, 36.9512783 ], [ 140.043362, 36.9527021 ], [ 140.0449472, 36.9541538 ], [ 140.0455179, 36.9546753 ], [ 140.046101599999986, 36.9552111 ], [ 140.0474159, 36.9564137 ], [ 140.0486859, 36.9576467 ], [ 140.049653400000011, 36.9586568 ], [ 140.050526100000013, 36.9596302 ], [ 140.052793799999989, 36.9622135 ], [ 140.0536429, 36.9631638 ], [ 140.054101800000012, 36.9637121 ], [ 140.055141099999986, 36.9648836 ], [ 140.0570803, 36.9671032 ], [ 140.0575174, 36.9675998 ], [ 140.058478799999989, 36.968698 ], [ 140.0606937, 36.9712587 ], [ 140.0615268, 36.9722006 ], [ 140.0629, 36.9737722 ], [ 140.063855600000011, 36.9748717 ], [ 140.0650827, 36.976297 ], [ 140.0655903, 36.9768848 ], [ 140.0661073, 36.9774752 ], [ 140.067127199999987, 36.9786503 ], [ 140.0696228, 36.9815236 ], [ 140.0710372, 36.9831409 ], [ 140.072118, 36.9843745 ], [ 140.073809, 36.98632 ], [ 140.0743402, 36.9869353 ], [ 140.0753387, 36.9880799 ], [ 140.0756266, 36.9884087 ], [ 140.075999599999989, 36.9888293 ], [ 140.0777998, 36.9909047 ], [ 140.0790318, 36.9923203 ], [ 140.0798556, 36.9932952 ], [ 140.0805224, 36.994101 ], [ 140.0811573, 36.9948767 ], [ 140.08176, 36.9956443 ], [ 140.082792899999987, 36.9969859 ], [ 140.0833467, 36.9977365 ], [ 140.083996500000012, 36.9986075 ], [ 140.085035299999987, 37.0000168 ], [ 140.0862841, 37.0017108 ], [ 140.0872866, 37.0030806 ], [ 140.0878167, 37.0038001 ], [ 140.0886837, 37.0049743 ], [ 140.0893963, 37.0059384 ], [ 140.0898895, 37.0066079 ], [ 140.0905445, 37.0074943 ], [ 140.091240199999987, 37.0084329 ], [ 140.091633699999988, 37.0089687 ], [ 140.0924106, 37.0100264 ], [ 140.0929424, 37.0107475 ], [ 140.0934723, 37.0114656 ], [ 140.0944024, 37.0127327 ], [ 140.0960665, 37.0149922 ], [ 140.0967493, 37.0159231 ], [ 140.0974142, 37.0168182 ], [ 140.0983592, 37.0181044 ], [ 140.0993608, 37.019453 ], [ 140.100511399999988, 37.0210101 ], [ 140.1011227, 37.0218326 ], [ 140.1016347, 37.0225302 ], [ 140.1021083, 37.0231706 ], [ 140.1027478, 37.0240514 ], [ 140.1036408, 37.0252578 ], [ 140.1041989, 37.0260083 ], [ 140.107303699999989, 37.0302273 ], [ 140.1092075, 37.0328017 ], [ 140.1102886, 37.0342898 ], [ 140.111216899999988, 37.0355484 ], [ 140.1134998, 37.0386545 ], [ 140.117877600000014, 37.0445978 ], [ 140.120325400000013, 37.0479278 ], [ 140.1213458, 37.0493114 ], [ 140.122052700000012, 37.0502633 ], [ 140.1228207, 37.0512587 ], [ 140.1241364, 37.0529165 ], [ 140.124992099999986, 37.0539186 ], [ 140.126519800000011, 37.0556525 ], [ 140.1296659, 37.0590733 ], [ 140.1345445, 37.064382 ], [ 140.1383519, 37.0685037 ], [ 140.139332700000011, 37.0695693 ], [ 140.1401788, 37.0705155 ], [ 140.141674599999988, 37.0722507 ], [ 140.1432864, 37.074087 ], [ 140.1470481, 37.0783031 ], [ 140.149314299999986, 37.0808429 ], [ 140.1520449, 37.0839016 ], [ 140.1533844, 37.0854021 ], [ 140.1540119, 37.0860979 ], [ 140.1548545, 37.087036 ], [ 140.155452200000013, 37.0876796 ], [ 140.1562999, 37.0886465 ], [ 140.1569356, 37.0893288 ], [ 140.157899, 37.0904134 ], [ 140.1779574, 37.1117473 ], [ 140.1788114, 37.1126484 ], [ 140.180665800000014, 37.1146387 ], [ 140.181753500000013, 37.1158062 ], [ 140.1837028, 37.1178838 ], [ 140.1868442, 37.1212221 ] ] } },
{ "type": "Feature", "properties": { "id": "0832e2bfffffffff043f734b61531e0c", "theme": "transportation", "type": "segment", "subtype": "rail", "class": null, "routes": null, "names": "{primary=東北新幹線, common={en=Tohoku Shinkansen, ja=東北新幹線}, rules=[{variant=common, language=null, value=東北新幹線, between=null, side=null}]}", "connector_ids": "[08f2e2b45586aaa1043fef468bf8a929, 08f2e2b0e3a43099047f7f1ddb02c54b, 08f2e2b0e3a6b4d3047fdf024be37adb]" }, "geometry": { "type": "LineString", "coordinates": [ [ 140.8857227, 38.2523822 ], [ 140.885886199999987, 38.2522557 ], [ 140.886373600000013, 38.2518807 ], [ 140.8867898, 38.2515665 ], [ 140.887592500000011, 38.2509507 ], [ 140.888170800000012, 38.2504987 ], [ 140.8885731, 38.2501985 ], [ 140.889196, 38.2497187 ], [ 140.8897143, 38.2493111 ], [ 140.890401700000012, 38.2487822 ], [ 140.8908749, 38.2483909 ], [ 140.8912412, 38.2480472 ], [ 140.891597499999989, 38.2476618 ], [ 140.8918103, 38.2473851 ], [ 140.892003, 38.2470911 ], [ 140.8921726, 38.2468089 ], [ 140.89231, 38.246531 ], [ 140.892515300000014, 38.2460125 ], [ 140.892625, 38.2456919 ], [ 140.89290410000001, 38.2447681 ], [ 140.8931542, 38.2438889 ], [ 140.8933448, 38.2432548 ], [ 140.8936337, 38.242277 ], [ 140.8938608, 38.2415327 ], [ 140.8939928, 38.2410573 ], [ 140.8941423, 38.2405315 ], [ 140.8942429, 38.2400488 ], [ 140.8942626, 38.2398209 ], [ 140.8942769, 38.2394663 ], [ 140.894252099999989, 38.2390548 ], [ 140.894185, 38.2387054 ], [ 140.8940834, 38.2383289 ], [ 140.89398030000001, 38.2380647 ], [ 140.8938871, 38.2378679 ], [ 140.8937965, 38.2376853 ], [ 140.8935646, 38.2373103 ], [ 140.893291799999986, 38.2369633 ], [ 140.8929162, 38.2365704 ], [ 140.8925644, 38.2362762 ], [ 140.8922401, 38.2360418 ], [ 140.891639199999986, 38.2356308 ], [ 140.8907175, 38.2350502 ], [ 140.8896203, 38.2343463 ], [ 140.8892655, 38.234103 ], [ 140.8888633, 38.2338216 ], [ 140.8885749, 38.2335941 ], [ 140.888245899999987, 38.2332968 ], [ 140.8879282, 38.2329853 ], [ 140.8876037, 38.2326119 ], [ 140.8873807, 38.2323499 ], [ 140.8871689, 38.2320517 ], [ 140.8869541, 38.2317118 ], [ 140.886793, 38.2314251 ], [ 140.886608200000012, 38.2310587 ], [ 140.886455, 38.2306755 ], [ 140.8863752, 38.2304522 ], [ 140.8862298, 38.2299698 ], [ 140.88593370000001, 38.2288191 ], [ 140.8858311, 38.2284378 ], [ 140.885681799999986, 38.2278573 ], [ 140.885480300000012, 38.227067 ], [ 140.8852473, 38.2261662 ], [ 140.8851488, 38.2257722 ], [ 140.8848968, 38.2247529 ], [ 140.8845025, 38.2231964 ], [ 140.8842048, 38.2220285 ], [ 140.884051199999988, 38.2213975 ], [ 140.8837627, 38.2202587 ], [ 140.8835307, 38.2191664 ], [ 140.8835091, 38.2190528 ], [ 140.883476699999989, 38.2188933 ], [ 140.883444200000014, 38.218717 ], [ 140.883232600000014, 38.2174836 ], [ 140.883121, 38.2166129 ], [ 140.883055399999989, 38.2158224 ], [ 140.8830051, 38.2150113 ], [ 140.882963499999988, 38.2142156 ], [ 140.8829294, 38.212568 ], [ 140.8829326, 38.2101281 ], [ 140.882906, 38.2092082 ], [ 140.8828732, 38.207842 ], [ 140.8827857, 38.2065826 ], [ 140.8826779, 38.2056037 ], [ 140.882594, 38.2049705 ], [ 140.882446, 38.2040469 ], [ 140.8822461, 38.2030605 ], [ 140.8820031, 38.2020107 ], [ 140.8817028, 38.2009029 ], [ 140.8811052, 38.1988834 ], [ 140.879590799999988, 38.1940629 ], [ 140.879360600000012, 38.1933489 ], [ 140.8790803, 38.1925086 ], [ 140.8785757, 38.1909792 ], [ 140.8783015, 38.1902094 ], [ 140.8779031, 38.1891686 ], [ 140.8777706, 38.1888475 ], [ 140.877501, 38.1882208 ], [ 140.8771219, 38.1874312 ], [ 140.8767813, 38.1867462 ], [ 140.8762121, 38.1856856 ], [ 140.8757297, 38.1848618 ], [ 140.8751748, 38.1839518 ], [ 140.8747289, 38.1832804 ], [ 140.8741765, 38.1824747 ], [ 140.87287760000001, 38.1807893 ], [ 140.8720457, 38.179794 ], [ 140.8714881, 38.1791556 ], [ 140.8709048, 38.1785331 ], [ 140.8699805, 38.1776014 ], [ 140.8696673, 38.1773015 ], [ 140.8683437, 38.17608 ], [ 140.8670136, 38.1749619 ], [ 140.866521299999988, 38.1745802 ], [ 140.8647001, 38.1731969 ], [ 140.8621043, 38.1712788 ], [ 140.8559717, 38.1666774 ], [ 140.8526843, 38.1642143 ], [ 140.845899, 38.1592152 ], [ 140.843313099999989, 38.1573199 ], [ 140.8319649, 38.1488289 ], [ 140.8299415, 38.1473148 ], [ 140.8200257, 38.1399597 ], [ 140.813594599999988, 38.1352057 ], [ 140.8118371, 38.1339104 ], [ 140.8098478, 38.1323547 ], [ 140.807442900000012, 38.1306063 ], [ 140.7879843, 38.1161576 ], [ 140.7865032, 38.1150604 ], [ 140.7740872, 38.1057498 ], [ 140.772104, 38.1042933 ], [ 140.7717231, 38.104002 ], [ 140.7697493, 38.1025493 ], [ 140.767918900000012, 38.1011594 ], [ 140.765545800000012, 38.0994062 ], [ 140.764108099999987, 38.0983009 ], [ 140.7616282, 38.096469 ], [ 140.7606156, 38.0957169 ], [ 140.7592334, 38.0947152 ], [ 140.758575799999988, 38.0942451 ], [ 140.757054, 38.093065 ], [ 140.7424495, 38.0822983 ], [ 140.7408465, 38.0811326 ], [ 140.7381421, 38.0791138 ], [ 140.7339088, 38.0758697 ], [ 140.732981099999989, 38.0751701 ], [ 140.731056200000012, 38.0738225 ], [ 140.725387500000011, 38.0695625 ], [ 140.7249069, 38.0691982 ], [ 140.7203092, 38.0657784 ], [ 140.7191748, 38.0649371 ], [ 140.7187793, 38.0646438 ], [ 140.7185055, 38.0644408 ], [ 140.7161456, 38.062707 ], [ 140.7155622, 38.062258 ], [ 140.7138127, 38.0609852 ], [ 140.7120904, 38.0596773 ], [ 140.71139, 38.0591448 ], [ 140.7100998, 38.0582126 ], [ 140.7068897, 38.0558024 ], [ 140.70337, 38.0531744 ], [ 140.7021226, 38.0522666 ], [ 140.701516, 38.0518149 ], [ 140.7013507, 38.0516837 ], [ 140.7012674, 38.0516245 ], [ 140.700528600000013, 38.0510726 ], [ 140.6996227, 38.0503876 ], [ 140.69830060000001, 38.0493953 ], [ 140.6966062, 38.0480837 ], [ 140.69563740000001, 38.0472911 ], [ 140.686542800000012, 38.0405382 ], [ 140.6859677, 38.0401172 ], [ 140.6850872, 38.0394702 ], [ 140.6839971, 38.0387314 ], [ 140.6808574, 38.0363095 ], [ 140.6751365, 38.0320098 ], [ 140.6742036, 38.0313373 ], [ 140.6732209, 38.0306619 ], [ 140.671519, 38.0293285 ], [ 140.6500972, 38.012953 ], [ 140.6469509, 38.0104958 ], [ 140.6465805, 38.01019 ], [ 140.6446928, 38.0084405 ], [ 140.6415663, 38.0053968 ], [ 140.6394513, 38.002917 ], [ 140.6375765, 38.0006574 ], [ 140.6367229, 37.9996195 ], [ 140.636385499999989, 37.9992217 ], [ 140.6356443, 37.9983482 ], [ 140.6354081, 37.9980604 ] ] } },
{ "type": "Feature", "properties": { "id": "0832e2bfffffffff043fb747a9fe8015", "theme": "transportation", "type": "segment", "subtype": "rail", "class": null, "routes": null, "names": "{primary=東北新幹線, common={en=Tohoku Shinkansen, ja=東北新幹線}, rules=[{variant=common, language=null, value=東北新幹線, between=null, side=null}]}", "connector_ids": "[08f2e2b0e3a6b781047f3cfe93bdc235, 08f2e2b0e3a5346d043f3d3d2bac12e3, 08f2e2b45586aa1d043fc344df33a1cc]" }, "geometry": { "type": "LineString", "coordinates": [ [ 140.6353183, 37.9980271 ], [ 140.6355974, 37.998362 ], [ 140.6363427, 37.9992445 ], [ 140.636445900000012, 37.9993644 ], [ 140.636687, 37.9996472 ], [ 140.6375419, 38.000676 ], [ 140.6393924, 38.0029328 ], [ 140.6415184, 38.0054233 ], [ 140.644653, 38.008464 ], [ 140.646545300000014, 38.0102151 ], [ 140.64692070000001, 38.0105248 ], [ 140.650064500000013, 38.0129797 ], [ 140.6714885, 38.0293584 ], [ 140.6731773, 38.0306977 ], [ 140.6741639, 38.0313761 ], [ 140.6750977, 38.0320463 ], [ 140.6808159, 38.0363535 ], [ 140.6839625, 38.0387666 ], [ 140.6850473, 38.0395023 ], [ 140.6859264, 38.0401523 ], [ 140.6864996, 38.040576 ], [ 140.6956003, 38.0473222 ], [ 140.6965611, 38.0481064 ], [ 140.698255, 38.0494185 ], [ 140.6995899, 38.0504099 ], [ 140.700509, 38.051089 ], [ 140.701248, 38.051641 ], [ 140.701331, 38.0517 ], [ 140.701496, 38.051831 ], [ 140.702103, 38.052283 ], [ 140.703323399999988, 38.0532059 ], [ 140.7068553, 38.0558408 ], [ 140.7100619, 38.0582376 ], [ 140.7113491, 38.0591792 ], [ 140.7120587, 38.0597145 ], [ 140.713773, 38.061018 ], [ 140.7155224, 38.0622886 ], [ 140.7161069, 38.0627412 ], [ 140.7184634, 38.0644832 ], [ 140.718736, 38.0646865 ], [ 140.7191226, 38.064975 ], [ 140.720259199999987, 38.0658231 ], [ 140.7248715, 38.0692365 ], [ 140.7253428, 38.0695918 ], [ 140.7310369, 38.0738464 ], [ 140.7329493, 38.0752043 ], [ 140.7338756, 38.0758975 ], [ 140.7381129, 38.079145 ], [ 140.7408175, 38.0811605 ], [ 140.7424029, 38.0823293 ], [ 140.7570086, 38.0931002 ], [ 140.75854240000001, 38.0942767 ], [ 140.7591908, 38.0947493 ], [ 140.7605786, 38.0957538 ], [ 140.7615839, 38.0965032 ], [ 140.7640601, 38.0983321 ], [ 140.765513199999987, 38.0994466 ], [ 140.7678927, 38.1011916 ], [ 140.769701700000013, 38.1025853 ], [ 140.7716843, 38.1040375 ], [ 140.7720713, 38.1043277 ], [ 140.7740375, 38.1057873 ], [ 140.7864741, 38.1150906 ], [ 140.787925800000011, 38.1161916 ], [ 140.807384500000012, 38.1306393 ], [ 140.8098089, 38.1323842 ], [ 140.811796, 38.1339449 ], [ 140.8135634, 38.1352359 ], [ 140.820006, 38.139976 ], [ 140.8299022, 38.1473577 ], [ 140.8315919, 38.1486203 ], [ 140.831857500000012, 38.1488187 ], [ 140.8432853, 38.1573572 ], [ 140.845862, 38.1592498 ], [ 140.8526344, 38.1642648 ], [ 140.8559294, 38.166719 ], [ 140.8620647, 38.1713141 ], [ 140.8646479, 38.1732234 ], [ 140.866481, 38.174614 ], [ 140.8669664, 38.1749912 ], [ 140.8682894, 38.176109 ], [ 140.8696258, 38.1773331 ], [ 140.8699396, 38.1776261 ], [ 140.870845, 38.1785584 ], [ 140.8714295, 38.179178 ], [ 140.8719945, 38.1798185 ], [ 140.8728391, 38.1808087 ], [ 140.874137499999989, 38.1824935 ], [ 140.8746884, 38.1832972 ], [ 140.875134, 38.1839681 ], [ 140.8756883, 38.184877 ], [ 140.8761702, 38.1857 ], [ 140.876739, 38.1867599 ], [ 140.8770792, 38.1874441 ], [ 140.8774578, 38.1882326 ], [ 140.87772720000001, 38.1888587 ], [ 140.8778599, 38.1891803 ], [ 140.878257499999989, 38.1902193 ], [ 140.8785316, 38.1909887 ], [ 140.8790534, 38.1925138 ], [ 140.8793162, 38.1933574 ], [ 140.8795464, 38.1940716 ], [ 140.881647500000014, 38.200909 ], [ 140.881947700000012, 38.2020267 ], [ 140.8821987, 38.2030593 ], [ 140.882398200000011, 38.2040487 ], [ 140.8825323, 38.2049726 ], [ 140.8826235, 38.2056049 ], [ 140.882729500000011, 38.2065859 ], [ 140.882829500000014, 38.2078434 ], [ 140.88285350000001, 38.2092075 ], [ 140.8828981, 38.2101219 ], [ 140.8828963, 38.2125688 ], [ 140.882911900000011, 38.2142265 ], [ 140.882956900000011, 38.215016 ], [ 140.8830132, 38.2158251 ], [ 140.883075600000012, 38.2166168 ], [ 140.883171299999987, 38.2174799 ], [ 140.883425100000011, 38.2188983 ], [ 140.8834613, 38.2190657 ], [ 140.883479099999988, 38.2191739 ], [ 140.883711299999987, 38.2202601 ], [ 140.883999, 38.221402 ], [ 140.8841583, 38.2220473 ], [ 140.884348, 38.222738 ], [ 140.884456699999987, 38.2232079 ], [ 140.884859400000011, 38.2247601 ], [ 140.8850658, 38.2256257 ], [ 140.8854349, 38.227079 ], [ 140.8856326, 38.2278707 ], [ 140.885775700000011, 38.2284482 ], [ 140.8858737, 38.2288305 ], [ 140.8859778, 38.2292748 ], [ 140.886166300000014, 38.2299766 ], [ 140.886325199999987, 38.2304609 ], [ 140.8864012, 38.2306817 ], [ 140.8865643, 38.2310755 ], [ 140.8867491, 38.2314404 ], [ 140.8869037, 38.2317254 ], [ 140.8871269, 38.2320778 ], [ 140.887340099999989, 38.232368 ], [ 140.8875496, 38.2326328 ], [ 140.887885899999986, 38.233007 ], [ 140.888061099999987, 38.2331685 ], [ 140.88824360000001, 38.2333419 ], [ 140.8885457, 38.2336176 ], [ 140.8888389, 38.2338479 ], [ 140.8892391, 38.2341434 ], [ 140.889583, 38.234386 ], [ 140.8900356, 38.2346668 ], [ 140.8902492, 38.2347961 ], [ 140.8906847, 38.2350796 ], [ 140.890847900000011, 38.235186 ], [ 140.8916178, 38.2356634 ], [ 140.8922243, 38.2360866 ], [ 140.8925409, 38.2363049 ], [ 140.8928826, 38.236613 ], [ 140.8932514, 38.2369951 ], [ 140.8935186, 38.2373447 ], [ 140.893741, 38.237704 ], [ 140.893828, 38.237881 ], [ 140.893928499999987, 38.2380827 ], [ 140.8940301, 38.2383469 ], [ 140.894126300000011, 38.2387244 ], [ 140.8941948, 38.2390557 ], [ 140.8942279, 38.2394701 ], [ 140.8942123, 38.2398256 ], [ 140.89417370000001, 38.2400502 ], [ 140.8940912, 38.2405257 ], [ 140.8939447, 38.2410495 ], [ 140.89378210000001, 38.2415365 ], [ 140.8935732, 38.2422893 ], [ 140.8935552, 38.2423513 ], [ 140.8932859, 38.2432553 ], [ 140.893099, 38.2438852 ], [ 140.892841800000014, 38.2447641 ], [ 140.8925625, 38.2456839 ], [ 140.8924661, 38.2460067 ], [ 140.8922521, 38.2465236 ], [ 140.8921211, 38.2468004 ], [ 140.8919588, 38.2470815 ], [ 140.891757500000011, 38.2473651 ], [ 140.8915419, 38.247646 ], [ 140.8911999, 38.2480188 ], [ 140.8908243, 38.2483711 ], [ 140.890361, 38.2487506 ], [ 140.8896741, 38.2492792 ], [ 140.8891558, 38.2496868 ], [ 140.8885334, 38.2501662 ], [ 140.888131, 38.2504665 ], [ 140.88755230000001, 38.2509188 ], [ 140.88675, 38.2515342 ], [ 140.8862787, 38.2518928 ], [ 140.8858021, 38.2522577 ], [ 140.885679900000014, 38.2523523 ] ] } },
{ "type": "Feature", "properties": { "id": "0832e2bfffffffff047f0ff705d11c4f", "theme": "transportation", "type": "segment", "subtype": "rail", "class": null, "routes": null, "names": "{primary=東北新幹線, common={en=Tohoku Shinkansen, ja=東北新幹線}, rules=[{variant=common, language=null, value=東北新幹線, between=null, side=null}]}", "connector_ids": "[08f2e2b3245b2a59047f5645dc23908c, 08f2e2b0e12ea8f3043fbf93164f5726, 08f2e2b0e164daa6043fdf1ae572dc31, 08f2e2b0e16edc68043fbd5e33434f9e]" }, "geometry": { "type": "LineString", "coordinates": [ [ 140.4728284, 37.7915222 ], [ 140.4746524, 37.7944577 ], [ 140.476456500000012, 37.7974006 ], [ 140.479141199999987, 37.8016276 ], [ 140.481246, 37.8049851 ], [ 140.4818602, 37.8059824 ], [ 140.482418599999988, 37.8068635 ], [ 140.484575799999988, 37.8102939 ], [ 140.486684200000013, 37.8135272 ], [ 140.486976199999987, 37.8140262 ], [ 140.487313300000011, 37.8145255 ], [ 140.488489, 37.8162935 ], [ 140.4897081, 37.8180425 ], [ 140.4924207, 37.8221519 ], [ 140.4941403, 37.8247596 ], [ 140.495891699999987, 37.8274017 ], [ 140.496292399999987, 37.8280069 ], [ 140.4966755, 37.8285924 ], [ 140.497333700000013, 37.8295821 ], [ 140.4977428, 37.8301912 ], [ 140.4988936, 37.8318143 ], [ 140.4994413, 37.8325177 ], [ 140.502093300000013, 37.8359446 ], [ 140.504212, 37.8386669 ], [ 140.5065243, 37.8416827 ], [ 140.5088681, 37.8447435 ], [ 140.510475, 37.8468208 ], [ 140.5122547, 37.8490987 ], [ 140.515151, 37.852783 ], [ 140.518887799999987, 37.857568 ], [ 140.520920499999988, 37.8601303 ], [ 140.5225743, 37.8622894 ], [ 140.5231985, 37.8630783 ], [ 140.524483800000013, 37.8647491 ], [ 140.530200400000012, 37.8719812 ], [ 140.5326737, 37.8752127 ], [ 140.53429, 37.877301 ], [ 140.5352622, 37.8785291 ], [ 140.536543, 37.8801493 ], [ 140.5374042, 37.8811983 ], [ 140.5386724, 37.8826921 ], [ 140.5399664, 37.8843418 ], [ 140.543845, 37.888897 ], [ 140.547785, 37.893559 ], [ 140.550102, 37.896339 ], [ 140.555565, 37.902892 ], [ 140.556324, 37.9038 ], [ 140.562011899999987, 37.9106093 ], [ 140.562553, 37.911257 ], [ 140.563758, 37.912699 ], [ 140.569541, 37.91962 ], [ 140.569576, 37.919663 ], [ 140.575775, 37.927137 ], [ 140.578688, 37.930648 ], [ 140.580591, 37.932889 ], [ 140.582013, 37.93459 ], [ 140.583589, 37.936474 ], [ 140.586731, 37.940268 ], [ 140.588214, 37.942063 ], [ 140.588448, 37.942345 ], [ 140.59083, 37.945163 ], [ 140.594431, 37.949527 ], [ 140.594859, 37.950046 ], [ 140.597259, 37.952933 ], [ 140.600698, 37.956963 ], [ 140.601258, 37.957618 ], [ 140.603203, 37.959946 ], [ 140.603848, 37.960661 ], [ 140.606287, 37.963508 ], [ 140.607019, 37.964368 ], [ 140.6108575, 37.9688541 ], [ 140.6119233, 37.9702267 ], [ 140.6132974, 37.9719021 ], [ 140.6158285, 37.9748133 ], [ 140.6161296, 37.9751673 ], [ 140.6199483, 37.979759 ], [ 140.622399800000011, 37.98272 ], [ 140.6230603, 37.9834711 ], [ 140.6255382, 37.9864231 ], [ 140.629014899999987, 37.9905243 ], [ 140.6291113, 37.990638 ], [ 140.6302699, 37.9919945 ] ] } },
{ "type": "Feature", "properties": { "id": "0832e2bfffffffff047f7ff2c398ccd2", "theme": "transportation", "type": "segment", "subtype": "rail", "class": null, "routes": null, "names": "{primary=東北新幹線, common={en=Tohoku Shinkansen, ja=東北新幹線}, rules=[{variant=common, language=null, value=東北新幹線, between=null, side=null}]}", "connector_ids": "[08f2e2b0e165e01d047fff5436c26cd2, 08f2e2b0e165d84c047fdd3b9a10cf9e, 08f2e2b0e12ea813043fbf94ad71d6aa, 08f2e2b3245b2a73047fb747ac2fa044]" }, "geometry": { "type": "LineString", "coordinates": [ [ 140.6301201, 37.99176 ], [ 140.629852199999988, 37.9914457 ], [ 140.629147100000012, 37.9906138 ], [ 140.6255789, 37.9863981 ], [ 140.623106400000012, 37.9834404 ], [ 140.6224614, 37.9827045 ], [ 140.6199949, 37.9797371 ], [ 140.6161735, 37.9751406 ], [ 140.6158686, 37.9747859 ], [ 140.6133556, 37.9718727 ], [ 140.6119683, 37.9702026 ], [ 140.610897200000011, 37.968832 ], [ 140.6070427, 37.9643554 ], [ 140.6063107, 37.9634954 ], [ 140.6038715, 37.9606482 ], [ 140.6032266, 37.9599333 ], [ 140.60128180000001, 37.9576055 ], [ 140.6007217, 37.9569504 ], [ 140.597282799999988, 37.9529205 ], [ 140.594882899999988, 37.9500337 ], [ 140.594455, 37.9495147 ], [ 140.590853900000013, 37.9451506 ], [ 140.5884718, 37.9423326 ], [ 140.5882379, 37.9420507 ], [ 140.586754899999988, 37.9402557 ], [ 140.5836129, 37.9364616 ], [ 140.5820368, 37.9345776 ], [ 140.5806148, 37.9328765 ], [ 140.5787118, 37.9306356 ], [ 140.5757989, 37.9271247 ], [ 140.5696, 37.9196507 ], [ 140.569564899999989, 37.9196077 ], [ 140.5637819, 37.9126866 ], [ 140.56257690000001, 37.9112446 ], [ 140.5620358, 37.9105969 ], [ 140.5563478, 37.9037876 ], [ 140.55558880000001, 37.9028796 ], [ 140.550125799999989, 37.8963267 ], [ 140.5478087, 37.8935466 ], [ 140.5438687, 37.8888845 ], [ 140.540019199999989, 37.8843218 ], [ 140.538722, 37.8826667 ], [ 140.5374471, 37.8811691 ], [ 140.5365809, 37.8801209 ], [ 140.5353069, 37.8785021 ], [ 140.5343335, 37.8772771 ], [ 140.532718, 37.8751929 ], [ 140.530234400000012, 37.8719649 ], [ 140.524534499999987, 37.8647224 ], [ 140.5232509, 37.8630509 ], [ 140.5226183, 37.8622693 ], [ 140.5209716, 37.8601153 ], [ 140.5189293, 37.8575411 ], [ 140.515198199999986, 37.8527576 ], [ 140.512299899999988, 37.8490824 ], [ 140.510517099999987, 37.8468002 ], [ 140.5088968, 37.8447314 ], [ 140.5065931, 37.8416727 ], [ 140.5042607, 37.8386569 ], [ 140.5021482, 37.8359266 ], [ 140.4994757, 37.832502 ], [ 140.498940800000014, 37.8317962 ], [ 140.4977902, 37.8301694 ], [ 140.4973692, 37.8295679 ], [ 140.496711299999987, 37.8285784 ], [ 140.4963277, 37.8279924 ], [ 140.4959269, 37.827387 ], [ 140.49418510000001, 37.8247495 ], [ 140.49245590000001, 37.8221371 ], [ 140.4897434, 37.8180278 ], [ 140.4885279, 37.8162691 ], [ 140.487342500000011, 37.8144961 ], [ 140.486995, 37.8139775 ], [ 140.4867303, 37.8135096 ], [ 140.4846193, 37.8102804 ], [ 140.482464, 37.8068448 ], [ 140.481915500000014, 37.8059714 ], [ 140.479183400000011, 37.8016057 ], [ 140.474693699999989, 37.794437 ], [ 140.4728748, 37.7915059 ] ] } },
{ "type": "Feature", "properties": { "id": "0832e74fffffffff043fb6c39cf23a4b", "theme": "transportation", "type": "segment", "subtype": "rail", "class": null, "routes": null, "names": "{primary=東北新幹線, common={en=Tohoku Shinkansen, ja=東北新幹線}, rules=[{variant=common, language=null, value=東北新幹線, between=null, side=null}]}", "connector_ids": "[08f2f5a6c0010485047ffedd30d9964d, 08f2f5a6c042b2e2043f9f50e48c7ea1, 08f2e74d04014826043efd254fe0400e, 08f2e74d06726d80047fb9d6013bd9d2, 08f2e74da100c333043ebe6ff2545a32]" }, "geometry": { "type": "LineString", "coordinates": [ [ 139.808235200000013, 36.3167222 ], [ 139.8109533, 36.3214244 ], [ 139.8111972, 36.3218195 ], [ 139.8120638, 36.3232808 ], [ 139.8134499, 36.3256355 ], [ 139.8142067, 36.3269263 ], [ 139.8151805, 36.328582 ], [ 139.8162533, 36.3303492 ], [ 139.818414100000012, 36.3340575 ], [ 139.8199155, 36.3365928 ], [ 139.8214571, 36.3392281 ], [ 139.823558, 36.3428372 ], [ 139.8257255, 36.3465448 ], [ 139.827531, 36.3496607 ], [ 139.8285033, 36.351309 ], [ 139.8294679, 36.3529585 ], [ 139.8299247, 36.3537418 ], [ 139.8303262, 36.3544397 ], [ 139.8312076, 36.3559364 ], [ 139.831768899999986, 36.3568994 ], [ 139.8321359, 36.3575271 ], [ 139.833174500000013, 36.3592929 ], [ 139.8334582, 36.3597819 ], [ 139.8342032, 36.3610554 ], [ 139.8358235, 36.3638324 ], [ 139.8373464, 36.3664606 ], [ 139.8377572, 36.3671705 ], [ 139.8382442, 36.3679988 ], [ 139.838473099999987, 36.3684101 ], [ 139.838809, 36.3690136 ], [ 139.8394317, 36.3701283 ], [ 139.8404239, 36.3719179 ], [ 139.841445, 36.3737105 ], [ 139.8420256, 36.3746815 ], [ 139.8425528, 36.3755866 ], [ 139.8429202, 36.376204 ], [ 139.8437439, 36.3776239 ], [ 139.8444753, 36.3788768 ], [ 139.8450579, 36.3798925 ], [ 139.8455414, 36.3806922 ], [ 139.8463679, 36.3820833 ], [ 139.8471643, 36.3833588 ], [ 139.847795499999989, 36.3844068 ], [ 139.8486159, 36.3857463 ], [ 139.8491536, 36.3866642 ], [ 139.8496883, 36.3875813 ], [ 139.8506561, 36.3892311 ], [ 139.8523042, 36.3920585 ], [ 139.8541726, 36.3952354 ], [ 139.855739699999987, 36.3979307 ], [ 139.8564055, 36.3990792 ], [ 139.856597599999986, 36.3994056 ], [ 139.857216, 36.4004614 ], [ 139.8576735, 36.4012181 ], [ 139.8584916, 36.4026744 ], [ 139.8591161, 36.4038627 ], [ 139.859320200000013, 36.4042604 ], [ 139.8597369, 36.4051291 ], [ 139.859931100000011, 36.4055564 ], [ 139.8602333, 36.4062451 ], [ 139.8603977, 36.4066379 ], [ 139.86055970000001, 36.4070293 ], [ 139.8607418, 36.4074882 ], [ 139.86085940000001, 36.4077779 ], [ 139.8610066, 36.4081819 ], [ 139.8611651, 36.4086352 ], [ 139.8615795, 36.409859 ], [ 139.8617807, 36.4105209 ], [ 139.8621287, 36.4117808 ], [ 139.8623528, 36.4126982 ], [ 139.8627817, 36.4149261 ], [ 139.863149, 36.4169858 ], [ 139.8637019, 36.4198358 ], [ 139.8637038, 36.4198474 ], [ 139.8645503, 36.424502 ], [ 139.8657411, 36.4312148 ], [ 139.8667134, 36.4365019 ], [ 139.866927299999986, 36.4377538 ], [ 139.8672105, 36.4393626 ], [ 139.8683763, 36.4457769 ], [ 139.869063899999986, 36.4495957 ], [ 139.8699763, 36.4546628 ], [ 139.870261199999987, 36.4562625 ], [ 139.8706362, 36.4583565 ], [ 139.8714262, 36.4627206 ], [ 139.871761099999986, 36.4645875 ], [ 139.872058, 36.4662543 ], [ 139.872271500000011, 36.4674528 ], [ 139.87311840000001, 36.4720962 ], [ 139.8733976, 36.4736617 ], [ 139.8735873, 36.4747185 ], [ 139.8747032, 36.4809293 ], [ 139.8751796, 36.4835894 ], [ 139.87529760000001, 36.4842067 ], [ 139.875589100000013, 36.4858171 ], [ 139.8759364, 36.4875867 ], [ 139.8761661, 36.4884892 ], [ 139.87627470000001, 36.4889278 ], [ 139.8764951, 36.4896671 ], [ 139.876672899999988, 36.4902388 ], [ 139.8769306, 36.4910064 ], [ 139.8773544, 36.4921694 ], [ 139.8779049, 36.4937231 ], [ 139.878795, 36.496157 ], [ 139.879291200000011, 36.4974962 ], [ 139.8798363, 36.4990351 ], [ 139.881922, 36.5046826 ], [ 139.8826379, 36.5065785 ], [ 139.884173, 36.5107669 ], [ 139.884882299999987, 36.5126851 ], [ 139.8852942, 36.5138558 ], [ 139.8862691, 36.5165503 ], [ 139.887244, 36.5191348 ], [ 139.888096, 36.5214141 ], [ 139.8894594, 36.5251072 ], [ 139.8903153, 36.5274615 ], [ 139.890832499999988, 36.5289878 ], [ 139.891067600000014, 36.5297487 ], [ 139.8911828, 36.5301318 ], [ 139.8916884, 36.5320282 ], [ 139.8925035, 36.535447 ], [ 139.893315, 36.5388936 ], [ 139.8935909, 36.5400518 ], [ 139.8945017, 36.543929 ], [ 139.8954028, 36.5477502 ], [ 139.8957665, 36.5492838 ], [ 139.8964532, 36.5521834 ], [ 139.897189, 36.5553818 ] ] } },
{ "type": "Feature", "properties": { "id": "0832e74fffffffff043ffec729cb2290", "theme": "transportation", "type": "segment", "subtype": "rail", "class": null, "routes": null, "names": "{primary=東北新幹線, common={en=Tohoku Shinkansen, ja=東北新幹線}, rules=[{variant=common, language=null, value=東北新幹線, between=null, side=null}]}", "connector_ids": "[08f2e74da100c061043eed721be09ca5, 08f2e74d0608a6b4047eadd4093a6614, 08f2e74d04016c60043ffc2b14fd4f15, 08f2f5a6c042b215043eff52e3555f01, 08f2f5a6c0012d5c047f9fe39ba7accf]" }, "geometry": { "type": "LineString", "coordinates": [ [ 139.897244300000011, 36.5553741 ], [ 139.8964971, 36.5521767 ], [ 139.895810399999988, 36.549277 ], [ 139.895446600000014, 36.5477435 ], [ 139.894545599999987, 36.5439223 ], [ 139.8936348, 36.5400452 ], [ 139.89335890000001, 36.538887 ], [ 139.8925473, 36.5354402 ], [ 139.891732100000013, 36.5320208 ], [ 139.891226499999988, 36.5301244 ], [ 139.891111099999989, 36.5297406 ], [ 139.8908757, 36.5289784 ], [ 139.8903582, 36.5274515 ], [ 139.88950220000001, 36.525097 ], [ 139.8881388, 36.5214039 ], [ 139.8872868, 36.5191245 ], [ 139.88631190000001, 36.51654 ], [ 139.885337, 36.5138455 ], [ 139.884925, 36.5126747 ], [ 139.8842158, 36.5107566 ], [ 139.8826807, 36.5065684 ], [ 139.881964900000014, 36.5046726 ], [ 139.879879100000011, 36.499025 ], [ 139.8793353, 36.497486 ], [ 139.8788417, 36.49614 ], [ 139.8779477, 36.4937129 ], [ 139.877397300000013, 36.4921594 ], [ 139.876981699999988, 36.4910072 ], [ 139.8767201, 36.4902265 ], [ 139.876542300000011, 36.4896605 ], [ 139.8763183, 36.4889199 ], [ 139.8762166, 36.4884824 ], [ 139.8759806, 36.4875815 ], [ 139.8756334, 36.4858123 ], [ 139.8753451, 36.484199 ], [ 139.875223799999986, 36.4835842 ], [ 139.8747515, 36.4809234 ], [ 139.8735369, 36.4741677 ], [ 139.8734446, 36.4736527 ], [ 139.8731674, 36.4720847 ], [ 139.8723234, 36.4674432 ], [ 139.872107699999987, 36.4662497 ], [ 139.87180810000001, 36.4645827 ], [ 139.8714731, 36.4627178 ], [ 139.8706803, 36.4583514 ], [ 139.8703121, 36.4562541 ], [ 139.870028499999989, 36.4546611 ], [ 139.8692116, 36.45015 ], [ 139.8684163, 36.4457581 ], [ 139.867244199999988, 36.4393544 ], [ 139.8669798, 36.437757 ], [ 139.8667562, 36.4365029 ], [ 139.8657853, 36.4312097 ], [ 139.864589, 36.4244973 ], [ 139.8624012, 36.4126857 ], [ 139.8621752, 36.4117712 ], [ 139.8618263, 36.4105114 ], [ 139.8616238, 36.4098501 ], [ 139.861213099999986, 36.4086259 ], [ 139.8611698, 36.4085008 ], [ 139.8610497, 36.4081656 ], [ 139.860789, 36.4074773 ], [ 139.860604599999988, 36.4070158 ], [ 139.8604454, 36.4066278 ], [ 139.860277200000013, 36.4062302 ], [ 139.859977500000014, 36.4055431 ], [ 139.8597859, 36.4051194 ], [ 139.85936670000001, 36.4042446 ], [ 139.85916180000001, 36.4038457 ], [ 139.8585348, 36.4026575 ], [ 139.8577139, 36.4012028 ], [ 139.8572613, 36.400443 ], [ 139.8566486, 36.3993967 ], [ 139.856451600000014, 36.3990624 ], [ 139.855793299999988, 36.397929 ], [ 139.854215, 36.395219 ], [ 139.852347, 36.3920397 ], [ 139.850693799999988, 36.3892029 ], [ 139.84973260000001, 36.3875582 ], [ 139.8491938, 36.3866458 ], [ 139.848652499999986, 36.3857278 ], [ 139.8478397, 36.3843902 ], [ 139.8471964, 36.3833367 ], [ 139.846418, 36.3820717 ], [ 139.8455941, 36.3806763 ], [ 139.8451034, 36.3798747 ], [ 139.8445161, 36.3788624 ], [ 139.8437898, 36.3775917 ], [ 139.8429564, 36.3761684 ], [ 139.8425915, 36.375575 ], [ 139.8420605, 36.3746588 ], [ 139.841485, 36.3736947 ], [ 139.8404641, 36.3719023 ], [ 139.839471800000013, 36.3701126 ], [ 139.838849, 36.3689977 ], [ 139.8385197, 36.3683917 ], [ 139.838287, 36.3679785 ], [ 139.837805800000012, 36.3671582 ], [ 139.8373952, 36.3664443 ], [ 139.835872599999988, 36.3638171 ], [ 139.8342503, 36.3610391 ], [ 139.8335066, 36.3597638 ], [ 139.8332211, 36.3592796 ], [ 139.8321823, 36.3575088 ], [ 139.8318151, 36.3568936 ], [ 139.831246, 36.3559162 ], [ 139.830371, 36.3544204 ], [ 139.8299654, 36.3537271 ], [ 139.8295127, 36.3529402 ], [ 139.828548899999987, 36.351288 ], [ 139.827576599999986, 36.349637 ], [ 139.825763099999989, 36.3465336 ], [ 139.8236042, 36.3428253 ], [ 139.8215054, 36.3392169 ], [ 139.8199558, 36.3365829 ], [ 139.8184598, 36.3340381 ], [ 139.8162963, 36.330334 ], [ 139.8152211, 36.3285616 ], [ 139.8142526, 36.3269178 ], [ 139.8134929, 36.3256201 ], [ 139.812108200000011, 36.3232709 ], [ 139.811248299999988, 36.3218022 ], [ 139.8109938, 36.3214093 ], [ 139.8083995, 36.3169041 ] ] } },
{ "type": "Feature", "properties": { "id": "0832f5afffffffff043e9fe66a40d337", "theme": "transportation", "type": "segment", "subtype": "rail", "class": null, "routes": null, "names": "{primary=東北新幹線, common={en=Tohoku Shinkansen, ja=東北新幹線}, rules=[{variant=common, language=null, value=東北新幹線, between=null, side=null}, {variant=common, language=ja-Hira, value=とうほくしんかんせん, between=[0.685101803, 0.861834894], side=null}, {variant=common, language=ja-Latn, value=Tōhoku Shinkansen, between=[0.685101803, 0.861834894], side=null}, {variant=common, language=ko, value=도호쿠 신칸센, between=[0.975522446, 1.0], side=null}]}", "connector_ids": "[08f2f5a6c0b99424047fbf51ac2fe69d, 08f2f5a28a562360043efd7afb486fcc, 08f2f5a219212214047ea1f64bec6b96]" }, "geometry": { "type": "LineString", "coordinates": [ [ 139.8046636, 36.3105201 ], [ 139.8025542, 36.30694 ], [ 139.8021224, 36.3062571 ], [ 139.8016001, 36.3054746 ], [ 139.8008538, 36.304404 ], [ 139.800079899999986, 36.3034145 ], [ 139.7987068, 36.3017383 ], [ 139.7963744, 36.2990276 ], [ 139.7947839, 36.2971847 ], [ 139.792353100000014, 36.2944045 ], [ 139.785999, 36.2870317 ], [ 139.7813146, 36.2815334 ], [ 139.780089, 36.2801133 ], [ 139.7794843, 36.2793487 ], [ 139.778334, 36.277752 ], [ 139.777399, 36.276188 ], [ 139.776262800000012, 36.2741187 ], [ 139.775236400000011, 36.2719246 ], [ 139.7750615, 36.2714568 ], [ 139.771755, 36.26285 ], [ 139.770361, 36.259285 ], [ 139.768419, 36.254253 ], [ 139.768001, 36.253166 ], [ 139.767928, 36.252917 ], [ 139.767845, 36.2527 ], [ 139.767506, 36.25189 ], [ 139.766969, 36.250642 ], [ 139.766608, 36.249734 ], [ 139.766189, 36.248643 ], [ 139.765707, 36.247417 ], [ 139.76505, 36.245677 ], [ 139.764716, 36.244856 ], [ 139.764326, 36.243895 ], [ 139.764019, 36.243107 ], [ 139.763746, 36.242418 ], [ 139.763253, 36.241203 ], [ 139.7626, 36.239525 ], [ 139.762287, 36.238721 ], [ 139.761542, 36.236806 ], [ 139.76106, 36.235525 ], [ 139.760554, 36.234183 ], [ 139.7592634, 36.2309265 ], [ 139.7577013, 36.2269233 ], [ 139.7566679, 36.2241996 ], [ 139.756115, 36.222801 ], [ 139.7556065, 36.2214756 ], [ 139.754981500000014, 36.219871 ], [ 139.7542281, 36.2179383 ], [ 139.753539600000011, 36.216151 ], [ 139.7528433, 36.2143529 ], [ 139.752596899999986, 36.213726 ], [ 139.7519381, 36.2120491 ], [ 139.7511763, 36.2100999 ], [ 139.7505222, 36.2084397 ], [ 139.750032299999987, 36.2072195 ], [ 139.749596, 36.206081 ], [ 139.7492409, 36.2051462 ], [ 139.7488328, 36.2041338 ], [ 139.74841, 36.203024 ], [ 139.748048, 36.202116 ], [ 139.747818, 36.201558 ], [ 139.747534, 36.200835 ], [ 139.747304, 36.200211 ], [ 139.74703, 36.199511 ], [ 139.7468338, 36.1990037 ], [ 139.7464575, 36.1980568 ], [ 139.746057799999988, 36.1970425 ], [ 139.7449623, 36.1941888 ], [ 139.7446051, 36.1932989 ], [ 139.7442256, 36.1923377 ], [ 139.7435286, 36.1905357 ], [ 139.74306, 36.1893312 ], [ 139.74291070000001, 36.1889354 ], [ 139.7425773, 36.1880167 ], [ 139.7416858, 36.185749 ], [ 139.7411669, 36.1844369 ], [ 139.7397977, 36.1810258 ], [ 139.73954470000001, 36.1804448 ], [ 139.738633099999987, 36.1783013 ], [ 139.736957100000012, 36.1744491 ], [ 139.7362092, 36.1728187 ], [ 139.7350511, 36.1701473 ], [ 139.7348982, 36.1697856 ], [ 139.7340165, 36.1677491 ], [ 139.7331323, 36.165733 ], [ 139.7329169, 36.1652385 ], [ 139.73107, 36.161117 ], [ 139.729429, 36.157371 ], [ 139.727882, 36.153807 ], [ 139.72725, 36.152351 ], [ 139.72654, 36.150714 ], [ 139.725394, 36.148109 ], [ 139.724369700000011, 36.1457083 ], [ 139.724124, 36.145169 ], [ 139.722787399999987, 36.1421 ], [ 139.7210824, 36.1380976 ], [ 139.7179734, 36.1310414 ], [ 139.717651, 36.130296 ], [ 139.7170625, 36.1289002 ], [ 139.7167741, 36.1282618 ], [ 139.7165709, 36.1278084 ], [ 139.7160945, 36.1268415 ], [ 139.7149848, 36.1248416 ], [ 139.7146208, 36.1242135 ], [ 139.7139585, 36.1231361 ], [ 139.7120267, 36.1200841 ], [ 139.7101058, 36.1169949 ], [ 139.708510499999988, 36.1145195 ], [ 139.7080226, 36.1137479 ], [ 139.706223599999987, 36.1108887 ], [ 139.7056954, 36.1100375 ], [ 139.7034194, 36.1064395 ], [ 139.701396, 36.103269 ], [ 139.7002494, 36.1014608 ], [ 139.699207199999989, 36.0998031 ], [ 139.6987215, 36.0990339 ], [ 139.6972927, 36.096747 ], [ 139.696809699999989, 36.095967 ], [ 139.695148100000011, 36.0933786 ], [ 139.6950104, 36.0931526 ], [ 139.693700299999989, 36.0910777 ], [ 139.692024300000014, 36.0884543 ], [ 139.6850526, 36.0774166 ], [ 139.6844525, 36.0764417 ], [ 139.682541, 36.0734112 ], [ 139.681677, 36.0720645 ], [ 139.6810513, 36.0710646 ], [ 139.680342200000013, 36.069914 ], [ 139.679794500000014, 36.0690233 ], [ 139.6791902, 36.0679549 ], [ 139.6788029, 36.0672469 ], [ 139.678379299999989, 36.0664449 ], [ 139.6778726, 36.0654266 ], [ 139.676318, 36.0624281 ], [ 139.6727081, 36.0552459 ], [ 139.671940400000011, 36.0537052 ], [ 139.6692773, 36.0484939 ], [ 139.6680955, 36.0461429 ], [ 139.666239600000011, 36.0424506 ], [ 139.663868400000013, 36.0377517 ], [ 139.6633208, 36.0366934 ], [ 139.6612848, 36.032732 ], [ 139.6601174, 36.0303155 ], [ 139.6594217, 36.0290158 ], [ 139.659268700000013, 36.0286986 ], [ 139.6584148, 36.0270072 ], [ 139.656859200000014, 36.0239497 ], [ 139.6565468, 36.0234239 ], [ 139.656296, 36.022942 ], [ 139.655907, 36.022344 ], [ 139.65492, 36.020812 ], [ 139.654795, 36.020617 ], [ 139.654128899999989, 36.0197009 ], [ 139.6533858, 36.0186736 ], [ 139.652924, 36.0180283 ], [ 139.6525856, 36.0176039 ], [ 139.6519333, 36.0167683 ], [ 139.6512938, 36.0159273 ], [ 139.64978, 36.013928 ], [ 139.649508, 36.013584 ], [ 139.6474364, 36.0108475 ], [ 139.646781, 36.009987 ], [ 139.6463981, 36.0094977 ], [ 139.645770700000014, 36.0086778 ], [ 139.6443691, 36.0068569 ], [ 139.6439988, 36.0063746 ], [ 139.6436449, 36.0059271 ], [ 139.6434339, 36.0056573 ], [ 139.642883899999987, 36.0049295 ], [ 139.6420451, 36.0038385 ], [ 139.6415863, 36.0032393 ], [ 139.641086, 36.002554 ], [ 139.640097, 36.001266 ], [ 139.639314, 36.000289 ], [ 139.638628, 35.99942 ], [ 139.637756, 35.998339 ], [ 139.637404, 35.997869 ], [ 139.637238, 35.997647 ], [ 139.636501, 35.996708 ], [ 139.6357, 35.995675 ], [ 139.635027, 35.994803 ], [ 139.634085, 35.993594 ], [ 139.633829, 35.993262 ], [ 139.6335162, 35.9926982 ], [ 139.6327379, 35.9916944 ], [ 139.6323408, 35.9911866 ], [ 139.631512, 35.990164 ], [ 139.630755, 35.989135 ], [ 139.630242, 35.988458 ], [ 139.629657, 35.987649 ], [ 139.6293822, 35.9871819 ], [ 139.6288083, 35.9862818 ], [ 139.6283704, 35.98557 ], [ 139.6278485, 35.9846456 ], [ 139.627456200000012, 35.9838974 ], [ 139.6270051, 35.9829708 ], [ 139.6266469, 35.9821795 ], [ 139.6264334, 35.9816894 ], [ 139.626338800000013, 35.9814503 ], [ 139.6261632, 35.9810177 ], [ 139.625897, 35.9803125 ], [ 139.6257465, 35.9798811 ], [ 139.625549299999989, 35.9792938 ], [ 139.625454, 35.9789924 ], [ 139.6252767, 35.9784076 ], [ 139.6251714, 35.978038 ], [ 139.6249652, 35.9773207 ], [ 139.624896, 35.9769546 ], [ 139.6248224, 35.9766545 ], [ 139.624758899999989, 35.9763599 ], [ 139.6245726, 35.9756085 ], [ 139.624464, 35.9750512 ], [ 139.624380800000012, 35.9745517 ], [ 139.6242891, 35.9740926 ], [ 139.6241986, 35.9736229 ], [ 139.624112700000012, 35.9731457 ], [ 139.623984799999988, 35.9725147 ], [ 139.6239157, 35.9721431 ], [ 139.623797700000011, 35.971537 ], [ 139.623658400000011, 35.9708278 ], [ 139.6235474, 35.9702458 ], [ 139.623386900000014, 35.9694025 ], [ 139.6232539, 35.9686997 ], [ 139.623181100000011, 35.9683036 ], [ 139.6230833, 35.9678311 ], [ 139.6230086, 35.9674178 ], [ 139.622921100000013, 35.9669621 ], [ 139.622776499999986, 35.9662017 ], [ 139.6227141, 35.9659202 ], [ 139.622531900000013, 35.9649669 ], [ 139.6224756, 35.964681 ], [ 139.6223041, 35.9637844 ], [ 139.6222019, 35.9632562 ], [ 139.622102500000011, 35.962738 ], [ 139.6220538, 35.9624888 ], [ 139.6219423, 35.9619233 ], [ 139.6218776, 35.9615786 ], [ 139.6217895, 35.9611279 ], [ 139.621656, 35.9604443 ], [ 139.6215597, 35.9599251 ], [ 139.6214354, 35.9595116 ], [ 139.6213392, 35.959028 ], [ 139.621135900000013, 35.9580118 ], [ 139.6206982, 35.9556756 ], [ 139.620494799999989, 35.9545955 ], [ 139.6200004, 35.9518857 ], [ 139.6193294, 35.9486211 ], [ 139.618945, 35.9466613 ], [ 139.6186428, 35.9450766 ], [ 139.6182959, 35.943144 ], [ 139.6180678, 35.9419647 ], [ 139.617858399999989, 35.9408897 ], [ 139.617521, 35.9391059 ], [ 139.6172712, 35.9379647 ], [ 139.617111, 35.9370836 ], [ 139.616764, 35.9352823 ], [ 139.6165126, 35.9339058 ], [ 139.6163852, 35.9328378 ], [ 139.6163058, 35.9320692 ], [ 139.6162031, 35.9304744 ], [ 139.6161999, 35.9291372 ], [ 139.616210599999988, 35.9284853 ], [ 139.616255099999989, 35.9276798 ], [ 139.6162836, 35.9273808 ], [ 139.6163099, 35.927082 ], [ 139.616507, 35.9258065 ], [ 139.616643, 35.9249408 ], [ 139.6167059, 35.9246175 ], [ 139.6168674, 35.9238407 ], [ 139.617062800000014, 35.9230148 ], [ 139.6172853, 35.9221695 ], [ 139.617414, 35.9217354 ], [ 139.6176538, 35.9208079 ], [ 139.6178823, 35.9201187 ], [ 139.61815150000001, 35.9193479 ], [ 139.6188235, 35.9174816 ] ] } },
{ "type": "Feature", "properties": { "id": "0832f5afffffffff043f95134bce17e7", "theme": "transportation", "type": "segment", "subtype": "rail", "class": null, "routes": null, "names": "{primary=東北新幹線, common={en=Tohoku Shinkansen, ja=東北新幹線}, rules=[{variant=common, language=null, value=東北新幹線, between=null, side=null}]}", "connector_ids": "[08f2f5a29864c39e043eaff7e6374c47, 08f2f5a6c0b9a24a047efe59a8d53e56]" }, "geometry": { "type": "LineString", "coordinates": [ [ 139.6844006, 36.0764588 ], [ 139.6850182, 36.0774223 ], [ 139.6919752, 36.0884684 ], [ 139.6936567, 36.0910883 ], [ 139.694973299999987, 36.093167 ], [ 139.69511270000001, 36.0933938 ], [ 139.6967663, 36.0959871 ], [ 139.6972505, 36.0967642 ], [ 139.6986808, 36.0990477 ], [ 139.699171, 36.0998196 ], [ 139.7002139, 36.101471 ], [ 139.701357300000012, 36.10328 ], [ 139.7033793, 36.1064572 ], [ 139.705651, 36.1100554 ], [ 139.7061908, 36.1109097 ], [ 139.7079694, 36.1137749 ], [ 139.708468399999987, 36.1145381 ], [ 139.710068299999989, 36.1170106 ], [ 139.711993299999989, 36.120096 ], [ 139.7139225, 36.1231505 ], [ 139.7145835, 36.1242273 ], [ 139.714949100000013, 36.1248562 ], [ 139.716054, 36.126857 ], [ 139.7165248, 36.1278241 ], [ 139.7167232, 36.1282752 ], [ 139.717013400000013, 36.1289125 ], [ 139.7176024, 36.130307 ], [ 139.717924900000014, 36.1310546 ], [ 139.7210275, 36.1381125 ], [ 139.7227359, 36.1421098 ], [ 139.7240768, 36.1451824 ], [ 139.7243325, 36.1457216 ], [ 139.725346800000011, 36.1481224 ], [ 139.726492799999988, 36.1507274 ], [ 139.727202799999986, 36.1523644 ], [ 139.727834800000011, 36.1538204 ], [ 139.7293818, 36.1573844 ], [ 139.7310228, 36.1611304 ], [ 139.732743, 36.1649973 ], [ 139.7330749, 36.1657444 ], [ 139.7339567, 36.1677575 ], [ 139.734846, 36.1697933 ], [ 139.735004, 36.1701528 ], [ 139.735943099999986, 36.172321 ], [ 139.736159500000014, 36.1728239 ], [ 139.736889600000012, 36.1744502 ], [ 139.7385964, 36.1783233 ], [ 139.7394775, 36.1804028 ], [ 139.7397493, 36.1810263 ], [ 139.741114900000014, 36.1844138 ], [ 139.7416359, 36.1857611 ], [ 139.7425208, 36.1880237 ], [ 139.742860799999988, 36.1889475 ], [ 139.74302560000001, 36.1893476 ], [ 139.7434863, 36.19055 ], [ 139.7441805, 36.1923498 ], [ 139.7445735, 36.1933457 ], [ 139.7449119, 36.1942055 ], [ 139.7460154, 36.1970482 ], [ 139.7464157, 36.1980669 ], [ 139.7467864, 36.1990079 ], [ 139.7469824, 36.1995234 ], [ 139.747256099999987, 36.2002228 ], [ 139.7474862, 36.2008469 ], [ 139.7477704, 36.2015705 ], [ 139.7480004, 36.2021286 ], [ 139.7483623, 36.2030363 ], [ 139.748793400000011, 36.2041465 ], [ 139.749182499999989, 36.2051564 ], [ 139.7495457, 36.2060804 ], [ 139.749982100000011, 36.2072341 ], [ 139.7504743, 36.2084515 ], [ 139.7511285, 36.210112 ], [ 139.7518904, 36.2120613 ], [ 139.7525492, 36.2137382 ], [ 139.752795600000013, 36.2143651 ], [ 139.7534918, 36.216163 ], [ 139.7541803, 36.2179503 ], [ 139.7549338, 36.2198832 ], [ 139.7555587, 36.2214877 ], [ 139.7560672, 36.2228131 ], [ 139.7566201, 36.2242117 ], [ 139.7576535, 36.2269354 ], [ 139.7592157, 36.2309409 ], [ 139.760506099999986, 36.2341948 ], [ 139.761012099999988, 36.2355367 ], [ 139.761494199999987, 36.2368179 ], [ 139.76223920000001, 36.2387331 ], [ 139.762552199999988, 36.2395371 ], [ 139.76320530000001, 36.2412153 ], [ 139.76369840000001, 36.2424304 ], [ 139.7639713, 36.2431192 ], [ 139.7642783, 36.2439073 ], [ 139.7646684, 36.2448686 ], [ 139.7650023, 36.2456892 ], [ 139.765659199999988, 36.247429 ], [ 139.7661412, 36.2486551 ], [ 139.7665603, 36.2497461 ], [ 139.7669215, 36.2506548 ], [ 139.7674586, 36.2519031 ], [ 139.7677974, 36.2527124 ], [ 139.7678797, 36.2529276 ], [ 139.7679527, 36.2531766 ], [ 139.7683712, 36.254265 ], [ 139.7703132, 36.2592971 ], [ 139.7717072, 36.262862 ], [ 139.7750136, 36.2714686 ], [ 139.775189, 36.2719376 ], [ 139.7762165, 36.274134 ], [ 139.7773536, 36.2762049 ], [ 139.778289699999988, 36.2777709 ], [ 139.7794415, 36.2793697 ], [ 139.780047, 36.2801353 ], [ 139.7812705, 36.2815583 ], [ 139.7859579, 36.2870547 ], [ 139.792312, 36.2944275 ], [ 139.794749, 36.2972042 ], [ 139.7963355, 36.299046 ], [ 139.7986668, 36.3017535 ], [ 139.800037800000013, 36.3034276 ], [ 139.8008093, 36.3044217 ], [ 139.801553, 36.3054738 ], [ 139.8020768, 36.3062656 ], [ 139.8025194, 36.3069638 ], [ 139.804868, 36.3109624 ] ] } },
{ "type": "Feature", "properties": { "id": "0842e297ffffffff043ffdc3e4fb71df", "theme": "transportation", "type": "segment", "subtype": "rail", "class": null, "routes": null, "names": "{primary=東北新幹線, common={en=Tohoku Shinkansen, ja=東北新幹線}, rules=[{variant=common, language=null, value=東北新幹線, between=null, side=null}]}", "connector_ids": "[08f2e2bb69770d92047fff35407c8955, 08f2e2974238acce047efd57263678f4]" }, "geometry": { "type": "LineString", "coordinates": [ [ 140.3872064, 37.3927338 ], [ 140.386791499999987, 37.3908961 ], [ 140.3864587, 37.3893593 ], [ 140.3858287, 37.3867159 ], [ 140.385559699999988, 37.3853999 ], [ 140.385163299999988, 37.3836563 ], [ 140.384731499999987, 37.381834 ], [ 140.3843847, 37.3805178 ], [ 140.3840166, 37.3793367 ], [ 140.3837193, 37.3784536 ], [ 140.3833583, 37.3775423 ], [ 140.382884100000012, 37.3763555 ], [ 140.38231780000001, 37.3751011 ], [ 140.381839500000012, 37.3740031 ], [ 140.381333899999987, 37.3728567 ], [ 140.3809234, 37.3719004 ], [ 140.3802792, 37.3704941 ], [ 140.380045700000011, 37.3699371 ], [ 140.3793024, 37.3682157 ], [ 140.3787503, 37.3669275 ], [ 140.3785096, 37.3663987 ], [ 140.37769560000001, 37.3645365 ], [ 140.376874500000014, 37.3627081 ], [ 140.3754659, 37.3593887 ], [ 140.373505200000011, 37.354972 ], [ 140.3718418, 37.3512021 ], [ 140.3705535, 37.348338 ], [ 140.369845700000013, 37.346678 ], [ 140.368982100000011, 37.3446972 ], [ 140.3685433, 37.343673 ], [ 140.368097299999988, 37.3426488 ], [ 140.3676753, 37.3416714 ], [ 140.367478299999988, 37.3412314 ], [ 140.3663833, 37.3387614 ], [ 140.3663483, 37.3386814 ], [ 140.365995, 37.3378259 ], [ 140.3654005, 37.336509 ], [ 140.364897899999988, 37.3353609 ], [ 140.364466099999987, 37.3343647 ], [ 140.3638857, 37.3331434 ], [ 140.3631991, 37.3318377 ], [ 140.362257699999986, 37.3301998 ], [ 140.3612384, 37.3286102 ], [ 140.35995650000001, 37.3268878 ], [ 140.3586824, 37.3251736 ], [ 140.3575825, 37.3237612 ], [ 140.356039399999986, 37.3216852 ], [ 140.3551773, 37.3205296 ], [ 140.3540974, 37.3190883 ], [ 140.3527133, 37.3172664 ], [ 140.3515382, 37.3157766 ], [ 140.349749800000012, 37.3134208 ], [ 140.347822, 37.3108767 ], [ 140.3459221, 37.3083617 ], [ 140.3456602, 37.3080131 ], [ 140.3430354, 37.3045432 ], [ 140.3392902, 37.2995852 ], [ 140.3382024, 37.2981456 ], [ 140.3329417, 37.2911903 ], [ 140.330514099999988, 37.2879562 ], [ 140.3276009, 37.2840107 ], [ 140.326101599999987, 37.2820213 ], [ 140.3236934, 37.2788946 ], [ 140.322582899999986, 37.277499 ], [ 140.320182499999987, 37.2743452 ], [ 140.3186393, 37.2722859 ], [ 140.3180303, 37.2714938 ], [ 140.316747, 37.2697702 ], [ 140.3164098, 37.2693221 ], [ 140.3123175, 37.2638932 ], [ 140.3105038, 37.2614963 ], [ 140.3100212, 37.260862 ], [ 140.3082986, 37.2585641 ], [ 140.3062306, 37.2558401 ], [ 140.3058976, 37.255377 ], [ 140.3052078, 37.2544604 ], [ 140.3051438, 37.2543755 ], [ 140.300691300000011, 37.2484591 ], [ 140.2991915, 37.2464721 ], [ 140.298596300000014, 37.2456979 ], [ 140.297185500000012, 37.2438381 ], [ 140.287200500000012, 37.2306012 ], [ 140.2825482, 37.2243978 ], [ 140.281688800000012, 37.2232827 ], [ 140.281327299999987, 37.2228039 ], [ 140.2810465, 37.2224318 ], [ 140.2803331, 37.2214868 ], [ 140.278892500000012, 37.2195813 ], [ 140.2785362, 37.2191535 ], [ 140.2713747, 37.2105519 ], [ 140.2709926, 37.2101392 ], [ 140.2708226, 37.2099632 ], [ 140.269680599999987, 37.2087742 ], [ 140.267914600000012, 37.2069192 ], [ 140.2666596, 37.2055812 ], [ 140.265323599999988, 37.2041682 ], [ 140.264706600000011, 37.2035222 ], [ 140.2644311, 37.2032318 ], [ 140.2612586, 37.1999342 ], [ 140.2591665, 37.1976641 ], [ 140.2585602, 37.1970527 ], [ 140.2557736, 37.1942072 ], [ 140.2546026, 37.1929812 ], [ 140.2533296, 37.1916542 ], [ 140.248595599999987, 37.1866842 ], [ 140.2478126, 37.1858642 ], [ 140.2472986, 37.1853242 ], [ 140.2469786, 37.1849702 ], [ 140.246672499999988, 37.1846528 ], [ 140.2444016, 37.1823442 ], [ 140.24390360000001, 37.1817912 ], [ 140.2422536, 37.1800652 ], [ 140.24144960000001, 37.1792142 ], [ 140.2409446, 37.1786782 ], [ 140.240705600000013, 37.1784252 ], [ 140.237777099999988, 37.1750214 ], [ 140.2371551, 37.1743429 ], [ 140.2340936, 37.1711444 ], [ 140.232758600000011, 37.1696751 ], [ 140.2312321, 37.1680612 ], [ 140.228187100000014, 37.1648317 ], [ 140.2258358, 37.162351 ], [ 140.221312, 37.1575951 ], [ 140.219833099999988, 37.1560609 ], [ 140.2186289, 37.1547554 ], [ 140.216746699999987, 37.1527947 ], [ 140.2163222, 37.1523275 ], [ 140.2151418, 37.151053 ], [ 140.2146799, 37.1505932 ], [ 140.211522800000012, 37.1472247 ], [ 140.2074787, 37.1429572 ], [ 140.2059749, 37.1414163 ], [ 140.2021073, 37.1372669 ], [ 140.1952059, 37.1300035 ], [ 140.1914662, 37.1259564 ] ] } },
{ "type": "Feature", "properties": { "id": "0842e297ffffffff047fffcfaafe8a87", "theme": "transportation", "type": "segment", "subtype": "rail", "class": null, "routes": null, "names": "{primary=東北新幹線, common={en=Tohoku Shinkansen, ja=東北新幹線}, rules=[{variant=common, language=null, value=東北新幹線, between=null, side=null}]}", "connector_ids": "[08f2e2974238a568047fdd54fa8f5850, 08f2e2bb6970bcec043ff73ebdfa0766]" }, "geometry": { "type": "LineString", "coordinates": [ [ 140.191410600000012, 37.1259805 ], [ 140.195174400000013, 37.1300224 ], [ 140.2021562, 37.1372473 ], [ 140.2059434, 37.1414352 ], [ 140.2074471, 37.1429761 ], [ 140.2114913, 37.1472436 ], [ 140.214648399999987, 37.1506121 ], [ 140.2151103, 37.1510719 ], [ 140.2162907, 37.1523464 ], [ 140.2167197, 37.1528109 ], [ 140.218601299999989, 37.154771 ], [ 140.2198061, 37.1560772 ], [ 140.2212849, 37.1576112 ], [ 140.225809, 37.1623674 ], [ 140.2281601, 37.164848 ], [ 140.2312042, 37.1680765 ], [ 140.2327316, 37.1696913 ], [ 140.2340666, 37.1711606 ], [ 140.2371279, 37.174359 ], [ 140.2377501, 37.1750375 ], [ 140.2406786, 37.1784414 ], [ 140.240917599999989, 37.1786944 ], [ 140.2414226, 37.1792304 ], [ 140.2422266, 37.1800815 ], [ 140.2438764, 37.1818072 ], [ 140.2443744, 37.1823602 ], [ 140.2466466, 37.1846702 ], [ 140.2469525, 37.1849874 ], [ 140.247271399999988, 37.1853402 ], [ 140.2477857, 37.1858805 ], [ 140.248568799999987, 37.1867007 ], [ 140.2533027, 37.1916705 ], [ 140.2545757, 37.1929975 ], [ 140.2557467, 37.1942235 ], [ 140.258533199999988, 37.1970689 ], [ 140.2591394, 37.1976803 ], [ 140.261231900000013, 37.1999507 ], [ 140.264404500000012, 37.2032484 ], [ 140.2646796, 37.2035385 ], [ 140.2652966, 37.2041845 ], [ 140.2666326, 37.2055974 ], [ 140.2678876, 37.2069354 ], [ 140.2696537, 37.2087905 ], [ 140.2707958, 37.2099796 ], [ 140.270965600000011, 37.2101554 ], [ 140.2713475, 37.2105679 ], [ 140.278508, 37.2191684 ], [ 140.2788635, 37.2195952 ], [ 140.2803041, 37.2215007 ], [ 140.2810175, 37.2224457 ], [ 140.2812983, 37.2228178 ], [ 140.2816598, 37.2232966 ], [ 140.282515100000012, 37.2244117 ], [ 140.2871618, 37.230617 ], [ 140.2971504, 37.2438629 ], [ 140.29856190000001, 37.2457142 ], [ 140.299157400000013, 37.2464886 ], [ 140.3006518, 37.2484788 ], [ 140.305103, 37.2543917 ], [ 140.3051683, 37.2544783 ], [ 140.30586, 37.2553972 ], [ 140.306196699999987, 37.2558563 ], [ 140.3082647, 37.2585803 ], [ 140.3099834, 37.260873 ], [ 140.310469899999987, 37.2615124 ], [ 140.312283900000011, 37.2639097 ], [ 140.3163764, 37.269339 ], [ 140.3167133, 37.2697865 ], [ 140.3179965, 37.2715101 ], [ 140.3186055, 37.2723022 ], [ 140.3201487, 37.2743615 ], [ 140.322548899999987, 37.2775151 ], [ 140.323659600000013, 37.2789108 ], [ 140.32606770000001, 37.2820375 ], [ 140.327566600000011, 37.2840264 ], [ 140.3304584, 37.2879881 ], [ 140.332892500000014, 37.2912055 ], [ 140.338155699999987, 37.2981737 ], [ 140.3392394, 37.2996086 ], [ 140.3429925, 37.3045652 ], [ 140.345608700000014, 37.3080382 ], [ 140.3458791, 37.30838 ], [ 140.3477714, 37.3108949 ], [ 140.3497049, 37.3134396 ], [ 140.3514821, 37.3157993 ], [ 140.3526794, 37.3172826 ], [ 140.3540616, 37.3191017 ], [ 140.3551434, 37.3205457 ], [ 140.3560055, 37.3217014 ], [ 140.3575486, 37.3237773 ], [ 140.358648499999987, 37.3251897 ], [ 140.3599226, 37.3269039 ], [ 140.361204500000014, 37.3286263 ], [ 140.3622119, 37.3302173 ], [ 140.363152500000012, 37.3318539 ], [ 140.363838500000014, 37.3331583 ], [ 140.364418300000011, 37.3343784 ], [ 140.3648499, 37.3353741 ], [ 140.3653526, 37.3365225 ], [ 140.365946900000012, 37.337839 ], [ 140.366300099999989, 37.3386943 ], [ 140.3663353, 37.3387748 ], [ 140.367430399999989, 37.3412449 ], [ 140.3676273, 37.3416847 ], [ 140.3680492, 37.342662 ], [ 140.368495200000012, 37.3436861 ], [ 140.368934, 37.3447103 ], [ 140.3697976, 37.3466911 ], [ 140.3705055, 37.3483513 ], [ 140.3717939, 37.3512156 ], [ 140.3734572, 37.3549854 ], [ 140.3754178, 37.3594019 ], [ 140.3768265, 37.3627213 ], [ 140.377647599999989, 37.3645499 ], [ 140.3784617, 37.3664122 ], [ 140.378702299999986, 37.3669409 ], [ 140.379254300000014, 37.3682288 ], [ 140.3799975, 37.36995 ], [ 140.3802312, 37.3705074 ], [ 140.3808755, 37.3719138 ], [ 140.3812859, 37.3728701 ], [ 140.3817928, 37.3740109 ], [ 140.3822697, 37.3751143 ], [ 140.3828359, 37.3763684 ], [ 140.3833098, 37.3775545 ], [ 140.3836705, 37.3784649 ], [ 140.383967399999989, 37.3793468 ], [ 140.384335099999987, 37.3805268 ], [ 140.3846816, 37.3818419 ], [ 140.3851133, 37.3836636 ], [ 140.3855096, 37.3854067 ], [ 140.3857786, 37.3867229 ], [ 140.3864088, 37.3893668 ], [ 140.3867416, 37.3909034 ], [ 140.387449299999986, 37.3940178 ] ] } },
{ "type": "Feature", "properties": { "id": "0842e2b5ffffffff043f6d315c42bc19", "theme": "transportation", "type": "segment", "subtype": "rail", "class": null, "routes": null, "names": "{primary=東北新幹線, common={en=Tohoku Shinkansen, ja=東北新幹線}, rules=[{variant=common, language=null, value=東北新幹線, between=null, side=null}]}", "connector_ids": "[08f2e2b45546d8db047fdf6c5b343095, 08f2e2b455462968047fcbaf5338f9fa, 08f2e2b455422608043fdd34841ae33e, 08f2e2b40a2ae2eb047fef596ffa13eb]" }, "geometry": { "type": "LineString", "coordinates": [ [ 140.8866907, 38.2660319 ], [ 140.8872438, 38.2662398 ], [ 140.8884051, 38.2666699 ], [ 140.8897155, 38.2671553 ], [ 140.890826800000013, 38.2675503 ], [ 140.8918148, 38.2679001 ], [ 140.8919022, 38.267931 ], [ 140.8928439, 38.2682804 ], [ 140.893291299999987, 38.2684506 ], [ 140.893582400000014, 38.2685546 ], [ 140.8941324, 38.2687364 ], [ 140.89461510000001, 38.2688814 ], [ 140.895069400000011, 38.2689975 ], [ 140.895347, 38.2690559 ], [ 140.8956062, 38.2691086 ], [ 140.895802, 38.2691486 ], [ 140.896341, 38.269251 ], [ 140.8965674, 38.2692738 ], [ 140.897100200000011, 38.269337 ], [ 140.8978971, 38.2694104 ], [ 140.8989891, 38.2694992 ], [ 140.900171, 38.269603 ], [ 140.9014484, 38.2697176 ], [ 140.903088700000012, 38.2698437 ], [ 140.903826900000013, 38.269919 ], [ 140.904978, 38.2700202 ], [ 140.9057331, 38.2700835 ], [ 140.9064493, 38.2701653 ], [ 140.9068873, 38.2702202 ], [ 140.9071769, 38.2702644 ], [ 140.9083752, 38.2704854 ], [ 140.9088111, 38.2705967 ], [ 140.909307500000011, 38.2707182 ], [ 140.909955599999989, 38.2709006 ], [ 140.9107372, 38.2711676 ], [ 140.911236699999989, 38.2713383 ], [ 140.9118056, 38.2715775 ], [ 140.9124874, 38.2718921 ], [ 140.9127653, 38.272037 ], [ 140.913088499999986, 38.2722011 ], [ 140.9135121, 38.2724301 ], [ 140.9143434, 38.2729279 ], [ 140.915031699999986, 38.2733382 ], [ 140.9155853, 38.2736591 ], [ 140.9165705, 38.2742321 ], [ 140.916843199999988, 38.2743842 ], [ 140.9180062, 38.2750611 ], [ 140.918991299999988, 38.2756358 ], [ 140.920344699999987, 38.2764343 ], [ 140.9212212, 38.2769385 ], [ 140.9221556, 38.2774827 ], [ 140.9229963, 38.277976 ], [ 140.923874500000011, 38.2784907 ], [ 140.9250318, 38.2791608 ], [ 140.9263135, 38.2799117 ], [ 140.9271348, 38.2803966 ], [ 140.9279674, 38.280876 ], [ 140.928728, 38.2813214 ], [ 140.9295593, 38.2818086 ], [ 140.930372299999988, 38.2822836 ], [ 140.9307627, 38.2825105 ], [ 140.9315819, 38.2829945 ], [ 140.9323723, 38.283459 ], [ 140.9328076, 38.2837073 ], [ 140.9332686, 38.2839763 ], [ 140.933680399999986, 38.2842209 ], [ 140.9340689, 38.2844451 ], [ 140.934485200000012, 38.284689 ], [ 140.9348383, 38.2849016 ], [ 140.9352613, 38.2851478 ], [ 140.935694500000011, 38.2854006 ], [ 140.936067, 38.28562 ], [ 140.936479600000013, 38.2858616 ], [ 140.9373038, 38.2863322 ], [ 140.93807480000001, 38.2867878 ], [ 140.9385169, 38.2870434 ], [ 140.9389625, 38.2873033 ], [ 140.9397023, 38.2877354 ], [ 140.9405141, 38.2882117 ], [ 140.9409614, 38.2884736 ], [ 140.94213160000001, 38.2891548 ], [ 140.9424603, 38.2893424 ], [ 140.9428613, 38.2895829 ], [ 140.9432515, 38.2898125 ], [ 140.9441411, 38.2903344 ], [ 140.9445571, 38.290581 ], [ 140.9450187, 38.2908507 ], [ 140.9457571, 38.2913072 ], [ 140.9461878, 38.2915809 ], [ 140.9469501, 38.2920745 ], [ 140.9478331, 38.2926802 ], [ 140.9486334, 38.2932636 ], [ 140.9490481, 38.2935762 ], [ 140.9494598, 38.2938952 ], [ 140.949829099999988, 38.2941738 ], [ 140.9501889, 38.2944649 ], [ 140.9505033, 38.2947173 ], [ 140.950853200000012, 38.2950188 ], [ 140.951151900000013, 38.295272 ], [ 140.951754099999988, 38.2958053 ], [ 140.952041900000012, 38.2960666 ], [ 140.9523328, 38.296342 ], [ 140.9526268, 38.2966217 ], [ 140.952973, 38.296957 ], [ 140.953547, 38.2975367 ], [ 140.9541667, 38.2981813 ], [ 140.9544822, 38.2985205 ], [ 140.9547852, 38.2988418 ], [ 140.9550869, 38.2991978 ], [ 140.9556342, 38.2998339 ], [ 140.9561989, 38.3005301 ], [ 140.9564887, 38.3008942 ], [ 140.9567456, 38.3012253 ], [ 140.9570644, 38.3016265 ], [ 140.9575867, 38.3023293 ], [ 140.9578559, 38.3026844 ], [ 140.9580717, 38.3029649 ], [ 140.9582959, 38.3032491 ] ] } },
{ "type": "Feature", "properties": { "id": "0842e2b5ffffffff043ffd34f28d064b", "theme": "transportation", "type": "segment", "subtype": "rail", "class": null, "routes": null, "names": "{primary=東北新幹線, common={en=Tohoku Shinkansen, ja=東北新幹線}, rules=[{variant=common, language=null, value=東北新幹線, between=null, side=null}]}", "connector_ids": "[08f2e2b40a2ae2e5047f4f5aaffb3585, 08f2e2b455428155047feffced9b9bbe, 08f2e2b455429dae047fdff3c5543116, 08f2e2b45546dd6d043fe37249381dbb]" }, "geometry": { "type": "LineString", "coordinates": [ [ 140.9583279, 38.3032329 ], [ 140.958110799999986, 38.3029462 ], [ 140.9578932, 38.3026663 ], [ 140.9576265, 38.3023049 ], [ 140.9571063, 38.3016046 ], [ 140.956787100000014, 38.301204 ], [ 140.9565235, 38.3008656 ], [ 140.956251, 38.3005078 ], [ 140.9556861, 38.2998123 ], [ 140.9551329, 38.2991807 ], [ 140.954819, 38.2988099 ], [ 140.9545119, 38.2984998 ], [ 140.9542078, 38.2981633 ], [ 140.9536022, 38.2975047 ], [ 140.953028, 38.2969248 ], [ 140.952673800000014, 38.2965998 ], [ 140.9523787, 38.2963199 ], [ 140.952080099999989, 38.2960373 ], [ 140.951773800000012, 38.2957677 ], [ 140.9511896, 38.2952441 ], [ 140.9509, 38.2949959 ], [ 140.9505422, 38.2946934 ], [ 140.9502235, 38.2944242 ], [ 140.9498668, 38.2941439 ], [ 140.949491, 38.2938612 ], [ 140.9494513, 38.2938299 ], [ 140.9490831, 38.2935394 ], [ 140.9486681, 38.293235 ], [ 140.9484607, 38.2930847 ], [ 140.9478478, 38.2926405 ], [ 140.9469929, 38.292051 ], [ 140.946219899999988, 38.2915525 ], [ 140.9457739, 38.291268 ], [ 140.945015500000011, 38.2907983 ], [ 140.944591300000013, 38.2905496 ], [ 140.9441693, 38.2903043 ], [ 140.943304399999988, 38.28979 ], [ 140.9428858, 38.2895466 ], [ 140.942498, 38.2893164 ], [ 140.9421664, 38.2891241 ], [ 140.9409918, 38.2884462 ], [ 140.9405439, 38.2881812 ], [ 140.93972, 38.2877067 ], [ 140.9389769, 38.2872662 ], [ 140.938550600000013, 38.2870121 ], [ 140.9381026, 38.2867483 ], [ 140.937331699999987, 38.2863068 ], [ 140.9365091, 38.2858234 ], [ 140.9360873, 38.2855805 ], [ 140.935718, 38.2853659 ], [ 140.935293699999988, 38.2851172 ], [ 140.9348644, 38.284865 ], [ 140.934504299999986, 38.2846525 ], [ 140.934101700000014, 38.2844141 ], [ 140.9337095, 38.2841891 ], [ 140.9332814, 38.2839374 ], [ 140.932840199999987, 38.2836808 ], [ 140.9323982, 38.2834178 ], [ 140.9316105, 38.2829613 ], [ 140.93078460000001, 38.282478 ], [ 140.930399, 38.282251 ], [ 140.929594400000013, 38.2817745 ], [ 140.928755099999989, 38.2812871 ], [ 140.9279929, 38.2808418 ], [ 140.9271589, 38.2803534 ], [ 140.9263472, 38.2798825 ], [ 140.9250668, 38.2791306 ], [ 140.9239005, 38.2784562 ], [ 140.9230088, 38.2779324 ], [ 140.9221887, 38.2774532 ], [ 140.921262, 38.276907 ], [ 140.92039, 38.2764003 ], [ 140.9190197, 38.2756035 ], [ 140.9180302, 38.2750294 ], [ 140.9168829, 38.2743402 ], [ 140.9166108, 38.2741885 ], [ 140.9156261, 38.2736157 ], [ 140.9150721, 38.2732946 ], [ 140.9143747, 38.2728923 ], [ 140.9135532, 38.2724073 ], [ 140.9131231, 38.2721707 ], [ 140.9127963, 38.2719945 ], [ 140.912508, 38.2718501 ], [ 140.9118335, 38.2715473 ], [ 140.9112676, 38.2713113 ], [ 140.9107586, 38.2711262 ], [ 140.9099861, 38.2708621 ], [ 140.909333, 38.2706771 ], [ 140.9088279, 38.2705431 ], [ 140.9083953, 38.2704458 ], [ 140.9071971, 38.2702266 ], [ 140.906895100000014, 38.2701853 ], [ 140.9064521, 38.2701243 ], [ 140.9057513, 38.2700467 ], [ 140.9050028, 38.2699838 ], [ 140.9038395, 38.2698752 ], [ 140.9030998, 38.2698108 ], [ 140.9014644, 38.2696715 ], [ 140.899894100000012, 38.2695387 ], [ 140.8990025, 38.2694609 ], [ 140.897915399999988, 38.2693674 ], [ 140.897108800000012, 38.2692899 ], [ 140.8963468, 38.2691972 ], [ 140.895825300000013, 38.2691094 ], [ 140.895367, 38.2690261 ], [ 140.895078399999989, 38.2689573 ], [ 140.8946389, 38.2688399 ], [ 140.894159800000011, 38.2686994 ], [ 140.8935962, 38.2685139 ], [ 140.893323400000014, 38.2684176 ], [ 140.8928669, 38.2682404 ], [ 140.8919366, 38.2678985 ], [ 140.891556400000013, 38.2677609 ], [ 140.8908528, 38.2675053 ], [ 140.8903917, 38.2673389 ], [ 140.8901573, 38.2672543 ], [ 140.8897552, 38.2671073 ], [ 140.888352, 38.2665894 ], [ 140.8872835, 38.2661785 ], [ 140.8868425, 38.2660066 ] ] } },
{ "type": "Feature", "properties": { "id": "0842e2bbffffffff047f6f215964e279", "theme": "transportation", "type": "segment", "subtype": "rail", "class": null, "routes": null, "names": "{primary=東北新幹線, common={en=Tohoku Shinkansen}, rules=[{variant=common, language=null, value=東北新幹線, between=null, side=null}, {variant=common, language=ja, value=東北新幹線, between=[0.0, 0.878380008], side=null}]}", "connector_ids": "[08f2e2bb6b3b216e047ffe03083a8895, 08f2e2ba89582224047f4f1bdd1d55b0]" }, "geometry": { "type": "LineString", "coordinates": [ [ 140.3924744, 37.4114054 ], [ 140.3932409, 37.4137612 ], [ 140.3939106, 37.415768 ], [ 140.394526500000012, 37.4176744 ], [ 140.3952573, 37.419873 ], [ 140.3976025, 37.4270435 ], [ 140.3988105, 37.4306856 ], [ 140.3994229, 37.432704 ], [ 140.4000455, 37.4344699 ], [ 140.4005225, 37.435988 ], [ 140.403897300000011, 37.4448861 ], [ 140.4061954, 37.4508223 ], [ 140.406481, 37.4517212 ], [ 140.4079793, 37.4555825 ], [ 140.4087442, 37.4575131 ], [ 140.4098176, 37.4600991 ], [ 140.4108123, 37.4626789 ], [ 140.4112012, 37.4636333 ], [ 140.411748499999987, 37.4650374 ], [ 140.4131681, 37.4687669 ], [ 140.414361899999989, 37.471804 ], [ 140.4145958, 37.4724371 ], [ 140.416546899999986, 37.4774559 ], [ 140.4172984, 37.4795815 ], [ 140.4177708, 37.4806415 ], [ 140.4185276, 37.4826284 ], [ 140.419296, 37.4848772 ], [ 140.4205883, 37.4882478 ], [ 140.4209923, 37.4892999 ], [ 140.4218016, 37.4911659 ], [ 140.4222292, 37.4921767 ], [ 140.4228654, 37.4937733 ], [ 140.4233183, 37.4949648 ], [ 140.423791099999988, 37.4961541 ], [ 140.424103699999989, 37.4969721 ], [ 140.4243961, 37.4977637 ], [ 140.424697400000014, 37.4985308 ], [ 140.425187599999987, 37.4997626 ], [ 140.4256963, 37.5010937 ], [ 140.426227899999986, 37.5025691 ], [ 140.4268415, 37.5039901 ], [ 140.4276251, 37.5059843 ], [ 140.4281327, 37.50721 ], [ 140.428577499999989, 37.5084259 ], [ 140.430169, 37.5123503 ], [ 140.430724199999986, 37.513582 ], [ 140.430944399999987, 37.5140706 ], [ 140.431466699999987, 37.5151411 ], [ 140.4319457, 37.5160121 ], [ 140.4333186, 37.5186083 ], [ 140.4338228, 37.519507 ], [ 140.43442490000001, 37.5206554 ], [ 140.434845700000011, 37.5214281 ], [ 140.4351973, 37.5220858 ], [ 140.4353984, 37.5224625 ], [ 140.4363279, 37.5242012 ], [ 140.436939, 37.5253227 ], [ 140.4380952, 37.52732 ], [ 140.4388707, 37.528821 ], [ 140.4396284, 37.5302554 ], [ 140.440554600000013, 37.5319059 ], [ 140.4410062, 37.5327545 ], [ 140.4419141, 37.5343989 ], [ 140.4432041, 37.5368415 ], [ 140.4434451, 37.5372743 ], [ 140.4452167, 37.5405696 ], [ 140.4462091, 37.5423298 ], [ 140.4467862, 37.5434111 ], [ 140.4472772, 37.544289 ], [ 140.4481394, 37.545874 ], [ 140.449696100000011, 37.5487638 ], [ 140.4505948, 37.5504181 ], [ 140.4512202, 37.551567 ], [ 140.452391299999988, 37.5537342 ], [ 140.4526434, 37.5541833 ], [ 140.453386200000011, 37.5555371 ], [ 140.4536612, 37.556043 ], [ 140.454857800000013, 37.5581787 ], [ 140.457058600000011, 37.5622413 ], [ 140.458169, 37.5643007 ], [ 140.458349, 37.5646536 ], [ 140.458936200000011, 37.565722 ], [ 140.4594031, 37.5665899 ], [ 140.461005699999987, 37.5695174 ], [ 140.461885700000011, 37.5711243 ], [ 140.462426099999988, 37.5721688 ], [ 140.462821100000014, 37.5729028 ], [ 140.4629172, 37.573084 ], [ 140.464103599999987, 37.5752116 ], [ 140.464343500000012, 37.5756225 ], [ 140.464731199999989, 37.57633 ], [ 140.4651982, 37.577188 ], [ 140.4659413, 37.5785431 ], [ 140.4667718, 37.5802329 ], [ 140.466981299999986, 37.580765 ], [ 140.4679572, 37.5832348 ], [ 140.4680866, 37.5836562 ], [ 140.4685421, 37.5850772 ], [ 140.468832099999986, 37.5863733 ], [ 140.4689166, 37.586765 ], [ 140.469345299999986, 37.5893742 ], [ 140.4696102, 37.5918566 ], [ 140.469654, 37.5922939 ], [ 140.469765099999989, 37.5931916 ], [ 140.4699508, 37.5946603 ], [ 140.4703078, 37.5983198 ], [ 140.4703702, 37.5989614 ], [ 140.470438800000011, 37.5996658 ], [ 140.4704716, 37.6 ], [ 140.4706199, 37.601934 ], [ 140.4706349, 37.6023085 ], [ 140.470909, 37.605332 ], [ 140.471455099999986, 37.6102175 ], [ 140.4715541, 37.6111394 ], [ 140.4717761, 37.6131832 ], [ 140.4723301, 37.6190863 ], [ 140.4724441, 37.6201255 ], [ 140.4726521, 37.6220374 ], [ 140.4729561, 37.6249881 ], [ 140.473019, 37.6256709 ], [ 140.473153, 37.6271859 ], [ 140.4732421, 37.6281742 ], [ 140.4733431, 37.6291114 ], [ 140.47352810000001, 37.6308341 ], [ 140.4737431, 37.6332524 ], [ 140.4738591, 37.6341989 ], [ 140.4740731, 37.6359125 ], [ 140.474275, 37.638094 ], [ 140.4743421, 37.6388202 ], [ 140.4745201, 37.6404563 ], [ 140.4749851, 37.6453563 ], [ 140.4751741, 37.6470805 ], [ 140.4752351, 37.6476394 ], [ 140.475270099999989, 37.6479804 ], [ 140.4752921, 37.6481805 ], [ 140.475315099999989, 37.6483903 ], [ 140.475593, 37.6512517 ], [ 140.475718, 37.6530007 ], [ 140.4758519, 37.6544072 ], [ 140.4758339, 37.6554362 ], [ 140.4756731, 37.6570769 ], [ 140.475644100000011, 37.6573769 ], [ 140.4755572, 37.6582847 ], [ 140.475252500000011, 37.6600399 ], [ 140.4749139, 37.6616447 ], [ 140.4743774, 37.6633224 ], [ 140.4739928, 37.6646151 ], [ 140.473788500000012, 37.6651114 ], [ 140.4733505, 37.6661603 ], [ 140.473261, 37.6663761 ], [ 140.4727519, 37.6673772 ], [ 140.47146, 37.6696722 ], [ 140.4712519, 37.6700783 ], [ 140.470847099999986, 37.670815 ], [ 140.470699, 37.6710891 ], [ 140.470369799999986, 37.6717026 ], [ 140.4700978, 37.6722395 ], [ 140.4698368, 37.6727224 ], [ 140.4695987, 37.6731867 ], [ 140.469445, 37.6734821 ], [ 140.4692471, 37.6738339 ], [ 140.4687439, 37.6747803 ], [ 140.4685199, 37.6751994 ], [ 140.4681358, 37.6759365 ], [ 140.4677701, 37.6766309 ], [ 140.4676588, 37.6768275 ], [ 140.4674454, 37.6772692 ], [ 140.467002400000013, 37.6781412 ], [ 140.466769, 37.678623 ], [ 140.4664134, 37.6792094 ], [ 140.466326900000013, 37.6793723 ], [ 140.466099, 37.6797992 ], [ 140.4656118, 37.6806976 ], [ 140.464837100000011, 37.6821618 ], [ 140.464452099999988, 37.6828519 ], [ 140.464221900000013, 37.6832803 ], [ 140.463900700000011, 37.6838859 ], [ 140.463729699999988, 37.6841489 ], [ 140.462991100000011, 37.6855369 ], [ 140.4626662, 37.6861127 ], [ 140.462056100000012, 37.687228 ], [ 140.4618471, 37.687612 ], [ 140.461821, 37.6876601 ], [ 140.461491, 37.6882741 ], [ 140.461099100000013, 37.688992 ], [ 140.460816099999988, 37.689513 ], [ 140.460454199999987, 37.6901727 ], [ 140.4601902, 37.6906407 ], [ 140.459625100000011, 37.6916739 ], [ 140.45919090000001, 37.6924603 ], [ 140.4589767, 37.6928796 ], [ 140.4587382, 37.6934417 ], [ 140.458423399999987, 37.6939541 ], [ 140.458149, 37.6945096 ], [ 140.457927399999988, 37.6949353 ], [ 140.457437, 37.6957161 ], [ 140.457361100000014, 37.695855 ], [ 140.4571062, 37.6963258 ], [ 140.4566663, 37.6971025 ], [ 140.45634720000001, 37.6976698 ], [ 140.4558163, 37.6986546 ], [ 140.455582099999987, 37.6990569 ], [ 140.4553205, 37.699562 ], [ 140.4551119, 37.6999863 ], [ 140.4548313, 37.7006599 ], [ 140.4544789, 37.7015917 ], [ 140.454225799999989, 37.7023011 ], [ 140.4540764, 37.7027262 ], [ 140.4539261, 37.7032565 ], [ 140.453824700000013, 37.7036427 ], [ 140.45370410000001, 37.7044102 ], [ 140.4535985, 37.7050874 ], [ 140.4534282, 37.7063728 ], [ 140.4533442, 37.7074648 ], [ 140.4532889, 37.7087025 ], [ 140.4532854, 37.7098487 ], [ 140.4533376, 37.7111188 ], [ 140.4534399, 37.7122966 ], [ 140.453518, 37.7130796 ], [ 140.4537659, 37.7146494 ], [ 140.453985, 37.715813 ], [ 140.4541097, 37.7164446 ], [ 140.4543057, 37.7173859 ], [ 140.4564097, 37.727957 ], [ 140.4576221, 37.7340516 ], [ 140.457906400000013, 37.7354919 ], [ 140.4581317, 37.7367116 ], [ 140.4582685, 37.7375198 ], [ 140.4583758, 37.7382049 ], [ 140.458413400000012, 37.7385485 ], [ 140.4584777, 37.7392124 ], [ 140.458501899999987, 37.73952 ], [ 140.4585367, 37.7399018 ], [ 140.45858770000001, 37.7406039 ], [ 140.458609200000012, 37.7413505 ], [ 140.45862790000001, 37.7424343 ], [ 140.45864610000001, 37.7488719 ] ] } },
{ "type": "Feature", "properties": { "id": "0842e2bbffffffff047f7f2feb84b1fc", "theme": "transportation", "type": "segment", "subtype": "rail", "class": null, "routes": null, "names": "{primary=東北新幹線, common={en=Tohoku Shinkansen}, rules=[{variant=common, language=null, value=東北新幹線, between=null, side=null}, {variant=common, language=ja, value=東北新幹線, between=[0.119789331, 1.0], side=null}]}", "connector_ids": "[08f2e2ba895a3343043f6e1e874fd24f, 08f2e2bb6b775528043efc22dcb6403f]" }, "geometry": { "type": "LineString", "coordinates": [ [ 140.4587143, 37.7476462 ], [ 140.4586816, 37.7424343 ], [ 140.4586601, 37.741342 ], [ 140.4586387, 37.7406102 ], [ 140.4585904, 37.7398954 ], [ 140.458555499999989, 37.7395115 ], [ 140.4585314, 37.7392061 ], [ 140.458467, 37.7385549 ], [ 140.458426800000012, 37.7382028 ], [ 140.4583222, 37.7375113 ], [ 140.4581827, 37.7367031 ], [ 140.4579574, 37.7354898 ], [ 140.457665, 37.7340495 ], [ 140.4564661, 37.727957 ], [ 140.454342700000012, 37.7173837 ], [ 140.4541629, 37.7164281 ], [ 140.4540414, 37.7158151 ], [ 140.4538198, 37.7146415 ], [ 140.453566099999989, 37.7130711 ], [ 140.453482799999989, 37.7122949 ], [ 140.453386, 37.7111221 ], [ 140.453339199999988, 37.7098483 ], [ 140.4533374, 37.7087031 ], [ 140.4533975, 37.7074648 ], [ 140.4534247, 37.707157 ], [ 140.453506, 37.7062294 ], [ 140.4536493, 37.7050871 ], [ 140.453748499999989, 37.7044226 ], [ 140.453875, 37.70365 ], [ 140.453976, 37.703265 ], [ 140.454126, 37.702736 ], [ 140.454275, 37.702312 ], [ 140.454528, 37.701603 ], [ 140.45488, 37.700672 ], [ 140.45516, 37.7 ], [ 140.455368, 37.699577 ], [ 140.455629, 37.699073 ], [ 140.455863, 37.698671 ], [ 140.456394, 37.697686 ], [ 140.456713, 37.697119 ], [ 140.457153, 37.696342 ], [ 140.457408, 37.695871 ], [ 140.457484, 37.695732 ], [ 140.4579597, 37.6949693 ], [ 140.4581933, 37.6945392 ], [ 140.458493, 37.6939799 ], [ 140.458789700000011, 37.6934543 ], [ 140.459024, 37.692895 ], [ 140.459238, 37.692476 ], [ 140.459672, 37.69169 ], [ 140.460237, 37.690657 ], [ 140.460501, 37.690189 ], [ 140.460863, 37.689529 ], [ 140.461146, 37.689008 ], [ 140.461538, 37.68829 ], [ 140.461868, 37.687676 ], [ 140.461894, 37.687628 ], [ 140.462103, 37.687244 ], [ 140.462713, 37.686129 ], [ 140.463038, 37.685553 ], [ 140.463776, 37.684166 ], [ 140.463947, 37.683903 ], [ 140.464269, 37.683296 ], [ 140.464499, 37.682868 ], [ 140.464885, 37.682176 ], [ 140.465658, 37.680715 ], [ 140.466146, 37.679815 ], [ 140.466374, 37.679388 ], [ 140.46646, 37.679226 ], [ 140.466816, 37.678639 ], [ 140.46705, 37.678156 ], [ 140.467493, 37.677284 ], [ 140.467706, 37.676843 ], [ 140.467817, 37.676647 ], [ 140.468183, 37.675952 ], [ 140.468567, 37.675215 ], [ 140.468791, 37.674796 ], [ 140.469294, 37.67385 ], [ 140.469492, 37.673498 ], [ 140.469646, 37.673202 ], [ 140.469884, 37.672738 ], [ 140.470145, 37.672255 ], [ 140.470417, 37.671718 ], [ 140.470746, 37.671105 ], [ 140.470894, 37.670831 ], [ 140.471299, 37.670094 ], [ 140.471507, 37.669688 ], [ 140.472799, 37.667393 ], [ 140.473309, 37.66639 ], [ 140.473399, 37.666173 ], [ 140.473837, 37.665124 ], [ 140.474042, 37.664626 ], [ 140.474427, 37.663332 ], [ 140.474964, 37.661653 ], [ 140.475303, 37.660046 ], [ 140.475608, 37.658289 ], [ 140.475695, 37.65738 ], [ 140.475724, 37.65708 ], [ 140.475885, 37.655438 ], [ 140.475903, 37.654406 ], [ 140.475769, 37.652998 ], [ 140.475644, 37.651249 ], [ 140.475366, 37.648387 ], [ 140.475343, 37.648177 ], [ 140.475321, 37.647977 ], [ 140.475286, 37.647636 ], [ 140.475225, 37.647077 ], [ 140.475036, 37.645353 ], [ 140.474571, 37.640453 ], [ 140.474393, 37.638817 ], [ 140.474326, 37.638091 ], [ 140.474124, 37.635909 ], [ 140.47391, 37.634195 ], [ 140.473794, 37.633249 ], [ 140.473579, 37.630831 ], [ 140.473394, 37.629108 ], [ 140.473293, 37.628171 ], [ 140.473204, 37.627183 ], [ 140.47307, 37.625668 ], [ 140.473007, 37.624985 ], [ 140.472703, 37.622034 ], [ 140.472495, 37.620122 ], [ 140.472381, 37.619083 ], [ 140.471827, 37.61318 ], [ 140.471605, 37.611136 ], [ 140.471506, 37.610214 ], [ 140.47096, 37.605329 ], [ 140.4706859, 37.6023058 ], [ 140.470665200000013, 37.6019312 ], [ 140.470516800000013, 37.5999972 ], [ 140.470484, 37.599663 ], [ 140.4704154, 37.5989586 ], [ 140.470353, 37.598317 ], [ 140.469996, 37.5946572 ], [ 140.469816, 37.593189 ], [ 140.4697047, 37.59229 ], [ 140.4696609, 37.5918527 ], [ 140.469396, 37.58937 ], [ 140.468967, 37.5867591 ], [ 140.4688822, 37.5863659 ], [ 140.468592, 37.585069 ], [ 140.4681357, 37.5836454 ], [ 140.4680062, 37.5832239 ], [ 140.4670299, 37.5807528 ], [ 140.4668194, 37.5802183 ], [ 140.465988, 37.578527 ], [ 140.465245, 37.577172 ], [ 140.464778, 37.576314 ], [ 140.46439, 37.575606 ], [ 140.46415, 37.575195 ], [ 140.462964, 37.573068 ], [ 140.462868, 37.572887 ], [ 140.462473, 37.572153 ], [ 140.461932499999989, 37.5711084 ], [ 140.4610525, 37.5695014 ], [ 140.45945, 37.566574 ], [ 140.458983, 37.565706 ], [ 140.458396, 37.564638 ], [ 140.458216, 37.564285 ], [ 140.457105399999989, 37.5622252 ], [ 140.4549046, 37.5581627 ], [ 140.453708, 37.556027 ], [ 140.453433, 37.555521 ], [ 140.45269, 37.554167 ], [ 140.452438, 37.553718 ], [ 140.451267, 37.551551 ], [ 140.450641499999989, 37.5504019 ], [ 140.449743, 37.548748 ], [ 140.4481862, 37.545858 ], [ 140.447324, 37.544273 ], [ 140.446833, 37.543395 ], [ 140.446256, 37.542314 ], [ 140.44526350000001, 37.5405536 ], [ 140.443492, 37.5372586 ], [ 140.4432511, 37.5368259 ], [ 140.441961, 37.534383 ], [ 140.4410528, 37.5327382 ], [ 140.4406013, 37.5318896 ], [ 140.4396754, 37.5302397 ], [ 140.4389176, 37.5288051 ], [ 140.438142, 37.527304 ], [ 140.4369858, 37.5253067 ], [ 140.436374699999988, 37.5241852 ], [ 140.43544510000001, 37.5224464 ], [ 140.4352441, 37.5220698 ], [ 140.4348927, 37.5214124 ], [ 140.434471800000011, 37.5206396 ], [ 140.433869499999986, 37.5194909 ], [ 140.4333653, 37.518592 ], [ 140.4319926, 37.5159962 ], [ 140.431514, 37.515126 ], [ 140.4309922, 37.5140565 ], [ 140.4307728, 37.5135697 ], [ 140.430217, 37.5123367 ], [ 140.4286112, 37.5084125 ], [ 140.428175900000014, 37.5072045 ], [ 140.4276797, 37.5059725 ], [ 140.426896, 37.5039777 ], [ 140.4262819, 37.5025556 ], [ 140.4257505, 37.5010807 ], [ 140.425241699999987, 37.4997493 ], [ 140.4247517, 37.498518 ], [ 140.4244501, 37.4977504 ], [ 140.4241576, 37.4969584 ], [ 140.4238451, 37.4961407 ], [ 140.423372300000011, 37.4949513 ], [ 140.4229195, 37.49376 ], [ 140.4222838, 37.4921647 ], [ 140.4218495, 37.4911514 ], [ 140.421041, 37.489288 ], [ 140.420637, 37.488236 ], [ 140.419345, 37.484866 ], [ 140.418576800000011, 37.4826178 ], [ 140.417819400000013, 37.4806296 ], [ 140.417347, 37.4795697 ], [ 140.4165956, 37.477444 ], [ 140.4146445, 37.4724255 ], [ 140.4144106, 37.4717923 ], [ 140.4132167, 37.468755 ], [ 140.4117971, 37.4650255 ], [ 140.4112498, 37.4636214 ], [ 140.410860899999989, 37.4626671 ], [ 140.40986620000001, 37.4600872 ], [ 140.4087929, 37.4575012 ], [ 140.408027800000013, 37.4555704 ], [ 140.4065297, 37.4517094 ], [ 140.4062441, 37.4508104 ], [ 140.403946, 37.4448743 ], [ 140.400571899999989, 37.435978 ], [ 140.4000948, 37.43446 ], [ 140.3994722, 37.4326938 ], [ 140.39886, 37.4306762 ], [ 140.3976482, 37.4270304 ], [ 140.3953012, 37.4198644 ], [ 140.3945703, 37.4176653 ], [ 140.3939542, 37.4157585 ], [ 140.3932892, 37.4137452 ] ] } },
{ "type": "Feature", "properties": { "id": "0842f5a3ffffffff043e9bf6a9a2548a", "theme": "transportation", "type": "segment", "subtype": "rail", "class": null, "routes": null, "names": "{primary=東北新幹線, common={ja=東北新幹線}, rules=[{variant=common, language=null, value=東北新幹線, between=null, side=null}, {variant=common, language=ko, value=도호쿠 신칸센, between=[0.0, 0.672576597], side=null}, {variant=common, language=en, value=Tohoku Shinkansen, between=[0.0, 0.778300733], side=null}, {variant=common, language=en, value=Tōhoku Shinkansen, between=[0.778300733, 1.0], side=null}, {variant=common, language=es, value=Tohoku Shinkansen, between=[0.778300733, 1.0], side=null}]}", "connector_ids": "[08f2f5a20a403076047e871995c5cc05, 08f2f5a20a4055aa047fab2a8b339d55, 08f2f5a32a20cd40047e9c7a8b22c8b4]" }, "geometry": { "type": "LineString", "coordinates": [ [ 139.6262805, 35.9013893 ], [ 139.6264675, 35.9011421 ], [ 139.6267147, 35.9008042 ], [ 139.6268248, 35.9006621 ], [ 139.6270127, 35.9004014 ], [ 139.6274685, 35.8997592 ], [ 139.6276612, 35.899461 ], [ 139.6277552, 35.8993148 ], [ 139.627859199999989, 35.8991414 ], [ 139.6280372, 35.8987954 ], [ 139.628255700000011, 35.8983218 ], [ 139.6283644, 35.8980589 ], [ 139.628484899999989, 35.8977229 ], [ 139.6287518, 35.8969416 ], [ 139.629022, 35.8960198 ], [ 139.6291291, 35.8956833 ], [ 139.62924670000001, 35.8953241 ], [ 139.6293269, 35.8949968 ], [ 139.6293976, 35.8946539 ], [ 139.629443900000012, 35.8943129 ], [ 139.6294622, 35.8939507 ], [ 139.6294349, 35.8936161 ], [ 139.6293987, 35.8933135 ], [ 139.6293489, 35.8929982 ], [ 139.629291599999988, 35.8926853 ], [ 139.629047899999989, 35.8918427 ], [ 139.6289433, 35.8915605 ], [ 139.6287879, 35.891255 ], [ 139.6282268, 35.8903278 ], [ 139.62758980000001, 35.8893266 ], [ 139.6273574, 35.8889651 ], [ 139.625899299999986, 35.8867501 ], [ 139.6256732, 35.8863672 ], [ 139.6254568, 35.8858762 ], [ 139.625247699999989, 35.8853441 ], [ 139.625129500000014, 35.884688 ], [ 139.625105600000012, 35.8843861 ], [ 139.6250977, 35.8840197 ], [ 139.6251049, 35.8836924 ], [ 139.625112, 35.8833946 ], [ 139.62516930000001, 35.8830978 ], [ 139.625251, 35.8827992 ], [ 139.6253635, 35.8824684 ], [ 139.6254562, 35.8822056 ], [ 139.6255555, 35.8819356 ], [ 139.6265618, 35.8792357 ], [ 139.6266981, 35.878886 ], [ 139.626833800000014, 35.8785168 ], [ 139.626947699999988, 35.8782096 ], [ 139.627057, 35.8779023 ], [ 139.62717090000001, 35.8775837 ], [ 139.6272879, 35.8772702 ], [ 139.6273956, 35.8769806 ], [ 139.627522, 35.8766494 ], [ 139.627670200000011, 35.8762612 ], [ 139.6278106, 35.8758794 ], [ 139.6279448, 35.8755216 ], [ 139.6280837, 35.8751448 ], [ 139.6282195, 35.8747794 ], [ 139.628494100000012, 35.8740776 ], [ 139.628770300000014, 35.8733468 ], [ 139.6290668, 35.8725553 ], [ 139.629341399999987, 35.8718092 ], [ 139.629602, 35.8710809 ], [ 139.6298579, 35.8703829 ], [ 139.630223, 35.8694181 ], [ 139.630466399999989, 35.8687821 ], [ 139.630872900000014, 35.8678197 ], [ 139.6310043, 35.8674927 ], [ 139.6313849, 35.8664414 ], [ 139.63159730000001, 35.8658863 ], [ 139.6318568, 35.8651984 ], [ 139.6322437, 35.8640237 ], [ 139.6327493, 35.8626187 ], [ 139.6331769, 35.8614857 ], [ 139.6340226, 35.8592296 ], [ 139.6343113, 35.8584657 ], [ 139.6344704, 35.8580711 ], [ 139.634628, 35.8577107 ], [ 139.6348044, 35.8573351 ], [ 139.634996300000012, 35.8569544 ], [ 139.6352023, 35.8565839 ], [ 139.6353942, 35.8562551 ], [ 139.635550200000012, 35.8560084 ], [ 139.6357625, 35.8556872 ], [ 139.6359778, 35.8553622 ], [ 139.6361947, 35.8550523 ], [ 139.6364178, 35.8547577 ], [ 139.636942800000014, 35.8541398 ], [ 139.6373313, 35.8536845 ], [ 139.6379867, 35.8530218 ], [ 139.638238, 35.852791 ], [ 139.6384565, 35.85258 ], [ 139.6386813, 35.8523836 ], [ 139.638973099999987, 35.8521281 ], [ 139.639310200000011, 35.8518385 ], [ 139.6398235, 35.8514059 ], [ 139.6401544, 35.8511429 ], [ 139.6404618, 35.850881 ], [ 139.640764499999989, 35.850623 ], [ 139.641078099999987, 35.850365 ], [ 139.641714799999988, 35.8498262 ], [ 139.6420986, 35.8494999 ], [ 139.6424107, 35.8492381 ], [ 139.6429818, 35.8487587 ], [ 139.643610599999988, 35.84823 ], [ 139.6451539, 35.8468982 ], [ 139.6454598, 35.8466217 ], [ 139.645729100000011, 35.846367 ], [ 139.645969, 35.8461215 ], [ 139.646207299999986, 35.8458683 ], [ 139.6464102, 35.8456512 ], [ 139.646606, 35.8454261 ], [ 139.6469783, 35.8449761 ], [ 139.6471936, 35.8446997 ], [ 139.6473684, 35.8444644 ], [ 139.647726, 35.8439166 ], [ 139.6479301, 35.8435955 ], [ 139.6481254, 35.843269 ], [ 139.6483063, 35.8429479 ], [ 139.64847850000001, 35.8426286 ], [ 139.6487927, 35.8420213 ], [ 139.64937, 35.8409011 ], [ 139.6497923, 35.8401566 ], [ 139.6501557, 35.8394763 ], [ 139.6511597, 35.8375114 ], [ 139.651453800000013, 35.8369164 ], [ 139.6516061, 35.8366159 ], [ 139.6517605, 35.8363314 ], [ 139.651917200000014, 35.8360613 ], [ 139.6520893, 35.8357715 ], [ 139.65228350000001, 35.8354816 ], [ 139.652482099999986, 35.8352115 ], [ 139.652908700000012, 35.8346359 ], [ 139.65338, 35.8340369 ], [ 139.654113200000012, 35.8331086 ], [ 139.6550332, 35.8319484 ], [ 139.6561836, 35.8305908 ], [ 139.656566, 35.8300938 ], [ 139.656958300000014, 35.8297131 ], [ 139.657360899999986, 35.8293289 ], [ 139.6578087, 35.8289842 ], [ 139.6583815, 35.8285929 ], [ 139.6591726, 35.8280987 ], [ 139.6612806, 35.8268095 ], [ 139.661935699999987, 35.8263876 ], [ 139.6636268, 35.8253147 ], [ 139.664206799999988, 35.8249633 ], [ 139.664755899999989, 35.8245727 ], [ 139.6653159, 35.8241217 ], [ 139.665528599999988, 35.8239125 ], [ 139.6659003, 35.8235136 ], [ 139.666165, 35.8231955 ], [ 139.6663393, 35.8229725 ], [ 139.6665165, 35.822726 ], [ 139.6667357, 35.8223867 ], [ 139.666944, 35.8220124 ], [ 139.667028, 35.8218579 ], [ 139.667377, 35.8212644 ], [ 139.6682524, 35.8197067 ], [ 139.6688724, 35.8186388 ], [ 139.6692993, 35.8179098 ], [ 139.6694489, 35.8176537 ], [ 139.6697322, 35.8171663 ], [ 139.670003400000013, 35.8166857 ], [ 139.6715676, 35.8140232 ], [ 139.671792399999987, 35.8136254 ], [ 139.6719848, 35.8133198 ], [ 139.6721713, 35.8130903 ], [ 139.672360200000014, 35.8128627 ], [ 139.6727879, 35.8123847 ], [ 139.6730593, 35.8120965 ], [ 139.6736343, 35.8115909 ], [ 139.673873500000013, 35.8113823 ], [ 139.674219599999986, 35.8110844 ], [ 139.674515500000012, 35.8108259 ], [ 139.674744800000013, 35.8106379 ], [ 139.6749719, 35.8104452 ], [ 139.6752421, 35.8102159 ], [ 139.676418500000011, 35.8092272 ], [ 139.676828, 35.808848 ], [ 139.67719, 35.808525 ], [ 139.677463, 35.808296 ], [ 139.678652, 35.80729 ], [ 139.678721, 35.807231 ], [ 139.678991, 35.807028 ], [ 139.678998, 35.807011 ], [ 139.679288, 35.806774 ], [ 139.67933, 35.806729 ], [ 139.679869, 35.806296 ], [ 139.679993, 35.806183 ], [ 139.680304, 35.805929 ], [ 139.680576, 35.805694 ], [ 139.6809997, 35.8053138 ], [ 139.681452, 35.8049169 ], [ 139.6829174, 35.8035589 ], [ 139.6832545, 35.8032334 ], [ 139.683504, 35.8029921 ], [ 139.6840971, 35.8022931 ], [ 139.6843062, 35.8019909 ], [ 139.6846353, 35.8014527 ], [ 139.684771, 35.8011796 ], [ 139.684876800000012, 35.8009484 ], [ 139.685034800000011, 35.8005248 ], [ 139.6851031, 35.8003117 ], [ 139.6852039, 35.7999761 ], [ 139.6852839, 35.7997062 ], [ 139.685537, 35.798779 ], [ 139.685627, 35.798486 ], [ 139.685652, 35.798403 ], [ 139.68588840000001, 35.7975561 ], [ 139.6860546, 35.7969916 ], [ 139.6860619, 35.7969625 ], [ 139.6862341, 35.7963459 ], [ 139.686457499999989, 35.7955644 ], [ 139.6866276, 35.7950075 ], [ 139.6867571, 35.7946467 ], [ 139.686914699999988, 35.7942861 ], [ 139.687129199999987, 35.7939047 ], [ 139.68755250000001, 35.7933286 ], [ 139.688014, 35.7928394 ], [ 139.688161900000011, 35.7927004 ], [ 139.688386799999989, 35.7925016 ], [ 139.688649, 35.7922894 ], [ 139.6889852, 35.792095 ], [ 139.6894826, 35.7918161 ], [ 139.690027, 35.7915477 ], [ 139.6903322, 35.7914238 ], [ 139.690958099999989, 35.7912039 ], [ 139.691473699999989, 35.7910678 ], [ 139.6920835, 35.7909767 ], [ 139.6928706, 35.7908691 ], [ 139.694246600000014, 35.7907238 ], [ 139.695647900000012, 35.7905724 ], [ 139.698505399999988, 35.790262 ], [ 139.6995044, 35.7901618 ], [ 139.7000549, 35.7900506 ], [ 139.700549099999989, 35.7899201 ], [ 139.7008969, 35.7898052 ], [ 139.7016251, 35.7895379 ], [ 139.7022905, 35.7892113 ], [ 139.702903099999986, 35.7888549 ], [ 139.7034105, 35.7885192 ], [ 139.704969, 35.787358 ], [ 139.705598, 35.7869202 ], [ 139.705945, 35.7866855 ], [ 139.7065467, 35.7863728 ], [ 139.706858, 35.7862363 ], [ 139.7071953, 35.7861008 ], [ 139.707459300000011, 35.7860111 ], [ 139.7077367, 35.7859214 ], [ 139.7080793, 35.7858227 ], [ 139.7084219, 35.7857413 ], [ 139.709685, 35.7854693 ], [ 139.7105205, 35.7852929 ], [ 139.711028700000014, 35.785178 ], [ 139.7114154, 35.7850956 ], [ 139.711932100000013, 35.7849854 ], [ 139.7127989, 35.784779 ], [ 139.713712500000014, 35.784532 ], [ 139.7142437, 35.7843679 ], [ 139.7148661, 35.7841425 ], [ 139.715184, 35.7840019 ], [ 139.715544099999988, 35.7838233 ], [ 139.715873, 35.783643 ], [ 139.7161553, 35.7834735 ], [ 139.7166643, 35.7830948 ], [ 139.7170985, 35.7827155 ], [ 139.7172204, 35.7825968 ], [ 139.7174417, 35.7823771 ], [ 139.7177173, 35.7820718 ], [ 139.717940199999987, 35.7817996 ], [ 139.718187, 35.7814717 ], [ 139.718345199999987, 35.7812345 ], [ 139.7185481, 35.7809143 ], [ 139.7187151, 35.7806447 ], [ 139.7188964, 35.7803518 ], [ 139.719095399999986, 35.7800284 ], [ 139.7192959, 35.7797043 ], [ 139.719565100000011, 35.7792928 ], [ 139.7197864, 35.7789771 ], [ 139.7202633, 35.7783031 ], [ 139.720679600000011, 35.7776757 ], [ 139.720884899999987, 35.7773776 ], [ 139.7211086, 35.7770606 ], [ 139.721313900000013, 35.7767651 ], [ 139.7215072, 35.7764592 ], [ 139.721675, 35.7761487 ], [ 139.721840500000013, 35.7758273 ], [ 139.721941500000014, 35.7755219 ], [ 139.7220288, 35.7752497 ], [ 139.722104, 35.7748569 ], [ 139.7221527, 35.7745335 ], [ 139.722184700000014, 35.7742354 ], [ 139.7222478, 35.7731221 ], [ 139.722273, 35.7728957 ], [ 139.7223224, 35.7725524 ], [ 139.7223766, 35.7722939 ], [ 139.7224309, 35.772095 ], [ 139.7225111, 35.7718448 ], [ 139.7226195, 35.7715624 ], [ 139.7227359, 35.7713048 ], [ 139.7228579, 35.7710702 ], [ 139.723073699999986, 35.7706852 ], [ 139.723333599999989, 35.7702186 ], [ 139.7237572, 35.7694697 ], [ 139.724659300000013, 35.7678873 ], [ 139.7247676, 35.7677003 ], [ 139.7249779, 35.7673238 ], [ 139.7250862, 35.7671326 ], [ 139.725238600000012, 35.7668767 ], [ 139.7254812, 35.7664648 ], [ 139.7259335, 35.7657342 ], [ 139.7262499, 35.7652285 ], [ 139.7266449, 35.7646064 ], [ 139.727176899999989, 35.7638698 ], [ 139.7276133, 35.7633063 ], [ 139.7280964, 35.7627583 ], [ 139.7284022, 35.7624473 ], [ 139.729082799999986, 35.7618312 ], [ 139.7294311, 35.7615667 ], [ 139.7300363, 35.7611368 ], [ 139.7307626, 35.760625 ], [ 139.7313795, 35.760195 ], [ 139.7320899, 35.7596815 ], [ 139.7326622, 35.7592714 ], [ 139.732990300000012, 35.7590068 ], [ 139.7332781, 35.7587561 ], [ 139.7335488, 35.7584787 ], [ 139.733759099999986, 35.7582555 ], [ 139.7339194, 35.7580676 ], [ 139.734071199999988, 35.7578858 ], [ 139.7342401, 35.7576687 ], [ 139.7344163, 35.7574317 ], [ 139.7348814, 35.7567864 ], [ 139.7355928, 35.7558265 ], [ 139.7364624, 35.754621 ], [ 139.737116500000013, 35.753848 ], [ 139.7374414, 35.7534904 ], [ 139.7379329, 35.7529866 ], [ 139.7383863, 35.7525514 ], [ 139.7387505, 35.7522214 ], [ 139.73901810000001, 35.7519878 ], [ 139.7393619, 35.7516986 ], [ 139.739617, 35.7514927 ], [ 139.739950099999987, 35.7512243 ], [ 139.7404484, 35.7508185 ], [ 139.741013900000013, 35.7503697 ], [ 139.7415115, 35.7499879 ], [ 139.741869400000013, 35.7497316 ], [ 139.7421177, 35.7495618 ], [ 139.7424124, 35.7493694 ], [ 139.7428669, 35.7490959 ], [ 139.743295100000012, 35.7488753 ], [ 139.7439354, 35.748534 ], [ 139.744542700000011, 35.7482031 ], [ 139.7449621, 35.747979 ], [ 139.7453635, 35.7477688 ], [ 139.7457935, 35.7475361 ], [ 139.7464295, 35.747175 ], [ 139.7475986, 35.7465347 ], [ 139.748698600000012, 35.7459332 ], [ 139.7493336, 35.7455816 ], [ 139.7501512, 35.7451257 ], [ 139.7512289, 35.7445414 ], [ 139.7520662, 35.7441127 ], [ 139.7522611, 35.7440096 ], [ 139.7524899, 35.7438911 ], [ 139.752727599999986, 35.7437726 ], [ 139.7530564, 35.7436042 ], [ 139.7535224, 35.743371 ], [ 139.7542526, 35.7429978 ], [ 139.7546367, 35.7427747 ], [ 139.7550623, 35.7425348 ], [ 139.7554869, 35.7422849 ], [ 139.7557653, 35.7421202 ], [ 139.756317700000011, 35.7417525 ], [ 139.7568738, 35.7413903 ], [ 139.757407300000011, 35.7410367 ], [ 139.7576985, 35.7408467 ], [ 139.75812590000001, 35.7405633 ], [ 139.7585405, 35.7402891 ], [ 139.758787399999989, 35.7401278 ], [ 139.7592118, 35.7398456 ], [ 139.7596121, 35.7395818 ], [ 139.7599981, 35.7393258 ], [ 139.76037740000001, 35.7390766 ], [ 139.7606558, 35.7388885 ], [ 139.7609282, 35.7386961 ], [ 139.7611833, 35.7385056 ], [ 139.7617071, 35.7380731 ], [ 139.7620064, 35.7378047 ], [ 139.7625837, 35.7373438 ], [ 139.7629321, 35.737036 ], [ 139.763455099999987, 35.7365467 ], [ 139.7639992, 35.7360031 ], [ 139.7645176, 35.7354943 ], [ 139.7647163, 35.7352994 ], [ 139.7649135, 35.7351064 ], [ 139.7650783, 35.7349457 ], [ 139.765321300000011, 35.7347063 ], [ 139.765666900000014, 35.7343263 ], [ 139.765886200000011, 35.7340215 ], [ 139.766064, 35.7337488 ], [ 139.766414, 35.733185 ] ] } },
{ "type": "Feature", "properties": { "id": "0842f5a3ffffffff043fcff50462100b", "theme": "transportation", "type": "segment", "subtype": "rail", "class": null, "routes": null, "names": "{primary=東北新幹線, common={ja=東北新幹線}, rules=[{variant=common, language=null, value=東北新幹線, between=null, side=null}, {variant=common, language=en, value=Tōhoku Shinkansen, between=[0.0, 0.060146282], side=null}, {variant=common, language=es, value=Tohoku Shinkansen, between=[0.060146282, 0.222395551], side=null}, {variant=common, language=en, value=Tohoku Shinkansen, between=[0.060146282, 1.0], side=null}, {variant=common, language=ko, value=도호쿠 신칸센, between=[0.327604287, 1.0], side=null}]}", "connector_ids": "[08f2f5a32a22a149043e9d7fdd949abb, 08f2f5a30b39318b047fb70037b17817, 08f2f5a20a401482047ea71ad08defdb, 08f2f5a20a41d166047fcb0cc3d9f970]" }, "geometry": { "type": "LineString", "coordinates": [ [ 139.7665245, 35.7329029 ], [ 139.7661329, 35.7335279 ], [ 139.765987200000012, 35.7337725 ], [ 139.7657982, 35.7340567 ], [ 139.765648199999987, 35.7342593 ], [ 139.7655392, 35.7343902 ], [ 139.765377300000011, 35.7345727 ], [ 139.7651533, 35.7348072 ], [ 139.76480620000001, 35.7351495 ], [ 139.7644989, 35.7354527 ], [ 139.7641746, 35.7357692 ], [ 139.763867, 35.7360751 ], [ 139.763556200000011, 35.7363883 ], [ 139.7632232, 35.7366956 ], [ 139.7628791, 35.7370235 ], [ 139.7625521, 35.7373022 ], [ 139.7618168, 35.7379103 ], [ 139.7610632, 35.7385393 ], [ 139.7606964, 35.7388101 ], [ 139.76035250000001, 35.7390428 ], [ 139.7599506, 35.739307 ], [ 139.7595694, 35.7395608 ], [ 139.7591758, 35.7398189 ], [ 139.7587866, 35.7400804 ], [ 139.7584402, 35.7403031 ], [ 139.7580695, 35.7405434 ], [ 139.757726, 35.7407744 ], [ 139.7573085, 35.7410536 ], [ 139.756864, 35.7413473 ], [ 139.7565089, 35.7415745 ], [ 139.756159700000012, 35.7417973 ], [ 139.7558105, 35.7420201 ], [ 139.7554386, 35.742268 ], [ 139.7550711, 35.7424792 ], [ 139.75470150000001, 35.7426895 ], [ 139.7542949, 35.7429231 ], [ 139.7537427, 35.7432135 ], [ 139.7528805, 35.743647 ], [ 139.7520417, 35.7440762 ], [ 139.7509916, 35.7446157 ], [ 139.7502048, 35.7450483 ], [ 139.748938, 35.7457549 ], [ 139.7484475, 35.7460221 ], [ 139.74757790000001, 35.7465004 ], [ 139.7466382, 35.747014 ], [ 139.7457324, 35.7475224 ], [ 139.745337400000011, 35.7477336 ], [ 139.7448628, 35.7479852 ], [ 139.7444476, 35.7482075 ], [ 139.74399, 35.7484523 ], [ 139.7432648, 35.7488435 ], [ 139.742822499999988, 35.7490785 ], [ 139.74236590000001, 35.7493487 ], [ 139.7420672, 35.7495438 ], [ 139.74142, 35.7500033 ], [ 139.7409868, 35.7503375 ], [ 139.73995020000001, 35.7511659 ], [ 139.7389899, 35.7519501 ], [ 139.738452700000011, 35.7524266 ], [ 139.7378855, 35.7529702 ], [ 139.737564, 35.7532982 ], [ 139.7367987, 35.7541395 ], [ 139.7362784, 35.7547797 ], [ 139.7355383, 35.7558086 ], [ 139.7353216, 35.7561095 ], [ 139.734845, 35.7567711 ], [ 139.7344903, 35.757245 ], [ 139.734190899999987, 35.7576594 ], [ 139.7339902, 35.7579136 ], [ 139.733783100000011, 35.7581523 ], [ 139.7335941, 35.7583505 ], [ 139.7333552, 35.7586055 ], [ 139.7330866, 35.7588537 ], [ 139.7328657, 35.7590415 ], [ 139.732490899999988, 35.7593379 ], [ 139.731920699999989, 35.7597377 ], [ 139.7313399, 35.7601625 ], [ 139.7307241, 35.7605959 ], [ 139.730007300000011, 35.7611008 ], [ 139.729392600000011, 35.7615376 ], [ 139.7286302, 35.7621589 ], [ 139.7280759, 35.7627086 ], [ 139.7277393, 35.7630816 ], [ 139.7271341, 35.7638536 ], [ 139.7266021, 35.7645946 ], [ 139.726207100000011, 35.7652106 ], [ 139.7259757, 35.7655776 ], [ 139.7256985, 35.7660222 ], [ 139.725524400000012, 35.7663039 ], [ 139.725364, 35.7665676 ], [ 139.7251872, 35.766861 ], [ 139.725065699999988, 35.7670793 ], [ 139.7247652, 35.7676057 ], [ 139.7246054, 35.7678861 ], [ 139.7244272, 35.7682046 ], [ 139.7238973, 35.7691213 ], [ 139.7236465, 35.7695723 ], [ 139.7233889, 35.7700307 ], [ 139.72308910000001, 35.7705561 ], [ 139.722857, 35.7709767 ], [ 139.7226963, 35.7712879 ], [ 139.7225565, 35.7716049 ], [ 139.7224441, 35.7718972 ], [ 139.722337399999986, 35.7722563 ], [ 139.7222711, 35.7725521 ], [ 139.722220600000014, 35.7728948 ], [ 139.7221946, 35.7732396 ], [ 139.7221745, 35.7735859 ], [ 139.7221327, 35.7742701 ], [ 139.7221068, 35.7745309 ], [ 139.722054899999989, 35.7748595 ], [ 139.721979299999987, 35.775258 ], [ 139.721907499999986, 35.7755133 ], [ 139.721804, 35.7758122 ], [ 139.7216285, 35.7761388 ], [ 139.7214646, 35.7764411 ], [ 139.7212715, 35.7767487 ], [ 139.721075500000012, 35.7770398 ], [ 139.7208535, 35.7773603 ], [ 139.720656, 35.7776608 ], [ 139.7204304, 35.7779678 ], [ 139.7202207, 35.7782888 ], [ 139.719743599999987, 35.77896 ], [ 139.7195288, 35.7792746 ], [ 139.7193213, 35.7795926 ], [ 139.7191156, 35.779911 ], [ 139.7189107, 35.7802442 ], [ 139.7187069, 35.7805733 ], [ 139.7185092, 35.7808966 ], [ 139.7183053, 35.7812174 ], [ 139.7181392, 35.7814564 ], [ 139.7179007, 35.781778 ], [ 139.7176762, 35.7820509 ], [ 139.7174081, 35.7823527 ], [ 139.717381499999988, 35.7823798 ], [ 139.717191, 35.7825734 ], [ 139.717063, 35.7826889 ], [ 139.716629, 35.783065 ], [ 139.716081, 35.783449 ], [ 139.71582, 35.783607 ], [ 139.715525, 35.783765 ], [ 139.715182, 35.783929 ], [ 139.714846, 35.784087 ], [ 139.714516, 35.784217 ], [ 139.714208, 35.784313 ], [ 139.713741, 35.784471 ], [ 139.712029, 35.7849226 ], [ 139.711403100000013, 35.7850616 ], [ 139.711020499999989, 35.7851463 ], [ 139.7104909, 35.7852626 ], [ 139.7096343, 35.7854433 ], [ 139.708285100000012, 35.7857374 ], [ 139.70792130000001, 35.785829 ], [ 139.7075442, 35.7859402 ], [ 139.707347700000014, 35.786007 ], [ 139.7071593, 35.7860738 ], [ 139.7069898, 35.7861346 ], [ 139.7067988, 35.7862192 ], [ 139.706511, 35.7863469 ], [ 139.7059131, 35.7866487 ], [ 139.705565, 35.7868841 ], [ 139.704931499999986, 35.7873249 ], [ 139.7033683, 35.7884906 ], [ 139.702896399999986, 35.7888167 ], [ 139.702261, 35.7891732 ], [ 139.7015982, 35.7894986 ], [ 139.700884699999989, 35.7897617 ], [ 139.7005254, 35.7898798 ], [ 139.7000411, 35.790007 ], [ 139.699493499999988, 35.7901177 ], [ 139.6984953, 35.7902178 ], [ 139.6956382, 35.7905282 ], [ 139.694241299999987, 35.790689 ], [ 139.6928628, 35.7908246 ], [ 139.6920738, 35.7909324 ], [ 139.6914548, 35.7910297 ], [ 139.6909387, 35.7911617 ], [ 139.690313800000013, 35.7913816 ], [ 139.690006399999987, 35.7915066 ], [ 139.6894519, 35.7917786 ], [ 139.6889506, 35.7920599 ], [ 139.688610899999986, 35.7922567 ], [ 139.6883468, 35.7924705 ], [ 139.6881205, 35.7926705 ], [ 139.687971, 35.792811 ], [ 139.687506500000012, 35.7933033 ], [ 139.68708, 35.7938838 ], [ 139.6868632, 35.7942692 ], [ 139.6867043, 35.7946329 ], [ 139.686574, 35.7949958 ], [ 139.6864036, 35.7955539 ], [ 139.6861801, 35.7963359 ], [ 139.6860077, 35.796953 ], [ 139.6860005, 35.7969819 ], [ 139.6858344, 35.7975459 ], [ 139.685598, 35.7983927 ], [ 139.6855732, 35.7984752 ], [ 139.685483, 35.7987687 ], [ 139.6852299, 35.7996961 ], [ 139.68515, 35.7999655 ], [ 139.6850493, 35.8003007 ], [ 139.6849814, 35.8005126 ], [ 139.6848242, 35.8009341 ], [ 139.684719300000012, 35.8011634 ], [ 139.684584300000012, 35.801435 ], [ 139.6842681, 35.8019752 ], [ 139.6840583, 35.8022714 ], [ 139.6834586, 35.8029662 ], [ 139.6832461, 35.8031885 ], [ 139.6832221, 35.8032136 ], [ 139.6828826, 35.8035346 ], [ 139.681411, 35.8048867 ], [ 139.680958800000013, 35.8052835 ], [ 139.6805352, 35.8056635 ], [ 139.680264099999988, 35.8058978 ], [ 139.6799526, 35.8061522 ], [ 139.6798287, 35.806265 ], [ 139.6792882, 35.8066993 ], [ 139.679246, 35.8067445 ], [ 139.678949499999987, 35.8069868 ], [ 139.67894290000001, 35.8070028 ], [ 139.678682, 35.807199 ], [ 139.6786119, 35.807259 ], [ 139.6774231, 35.8082648 ], [ 139.677149500000013, 35.8084942 ], [ 139.6767791, 35.8088248 ], [ 139.6763788, 35.8091958 ], [ 139.67520110000001, 35.8101856 ], [ 139.6749311, 35.8104147 ], [ 139.6747059, 35.8106058 ], [ 139.6744731, 35.8107965 ], [ 139.6741772, 35.811055 ], [ 139.673834699999986, 35.8113502 ], [ 139.673594, 35.81156 ], [ 139.6730177, 35.8120668 ], [ 139.672744200000011, 35.812357 ], [ 139.6723144, 35.8128373 ], [ 139.6721235, 35.8130674 ], [ 139.6719354, 35.8132993 ], [ 139.6717424, 35.813606 ], [ 139.6715175, 35.814004 ], [ 139.6699534, 35.8166663 ], [ 139.6696824, 35.8171514 ], [ 139.6694109, 35.8176247 ], [ 139.6692491, 35.8178906 ], [ 139.6688225, 35.8186192 ], [ 139.6682023, 35.8196875 ], [ 139.667326800000012, 35.8212453 ], [ 139.6669766, 35.8218409 ], [ 139.6668929, 35.8219947 ], [ 139.6666955, 35.8223687 ], [ 139.666467399999988, 35.8227051 ], [ 139.666290800000013, 35.8229507 ], [ 139.666118, 35.8231716 ], [ 139.6658555, 35.823487 ], [ 139.6654857, 35.823884 ], [ 139.6652761, 35.8240903 ], [ 139.6647192, 35.824539 ], [ 139.664172, 35.8249283 ], [ 139.6635927, 35.8252792 ], [ 139.661890699999987, 35.8263718 ], [ 139.6612446, 35.8267671 ], [ 139.659127, 35.8280615 ], [ 139.6583448, 35.8285694 ], [ 139.657738, 35.8289715 ], [ 139.6573168, 35.829313 ], [ 139.656902, 35.8296923 ], [ 139.656526500000012, 35.830063 ], [ 139.6561369, 35.83058 ], [ 139.654986400000013, 35.8319243 ], [ 139.6540665, 35.8330843 ], [ 139.653333300000014, 35.8340127 ], [ 139.6528616, 35.8346122 ], [ 139.6524345, 35.8351884 ], [ 139.6522353, 35.8354594 ], [ 139.6520399, 35.835751 ], [ 139.6518671, 35.836042 ], [ 139.65171, 35.8363128 ], [ 139.6515551, 35.8365983 ], [ 139.651402600000011, 35.8368991 ], [ 139.651108599999986, 35.8374939 ], [ 139.650104700000014, 35.8394586 ], [ 139.649741400000011, 35.8401388 ], [ 139.6493189, 35.8408837 ], [ 139.6487416, 35.8420039 ], [ 139.6484275, 35.8426109 ], [ 139.648303, 35.8428418 ], [ 139.6482557, 35.8429296 ], [ 139.6480752, 35.8432499 ], [ 139.647880500000014, 35.8435754 ], [ 139.6476768, 35.8438958 ], [ 139.6473201, 35.8444423 ], [ 139.6471464, 35.8446761 ], [ 139.6469318, 35.8449516 ], [ 139.6465603, 35.8454006 ], [ 139.6463654, 35.8456247 ], [ 139.6461632, 35.8458411 ], [ 139.6459252, 35.8460939 ], [ 139.6456863, 35.8463384 ], [ 139.6454181, 35.8465921 ], [ 139.645113, 35.8468678 ], [ 139.643570399999987, 35.848199 ], [ 139.642941900000011, 35.8487275 ], [ 139.6423708, 35.8492069 ], [ 139.642058600000013, 35.8494688 ], [ 139.64167470000001, 35.8497951 ], [ 139.6410383, 35.8503337 ], [ 139.6407247, 35.8505917 ], [ 139.6404216, 35.85085 ], [ 139.640114899999986, 35.8511114 ], [ 139.639784100000014, 35.8513743 ], [ 139.6392701, 35.8518075 ], [ 139.6389326, 35.8520974 ], [ 139.6386406, 35.8523531 ], [ 139.638414899999987, 35.8525503 ], [ 139.638196, 35.8527617 ], [ 139.637944299999987, 35.8529929 ], [ 139.6372868, 35.8536576 ], [ 139.6368972, 35.8541143 ], [ 139.6363713, 35.8547332 ], [ 139.6361469, 35.8550295 ], [ 139.635929299999987, 35.8553405 ], [ 139.6357136, 35.855666 ], [ 139.6355011, 35.8559875 ], [ 139.6353445, 35.8562352 ], [ 139.635152, 35.8565651 ], [ 139.6349453, 35.8569367 ], [ 139.6347528, 35.8573186 ], [ 139.634576, 35.8576952 ], [ 139.634417899999988, 35.8580566 ], [ 139.6342584, 35.8584521 ], [ 139.6339696, 35.8592165 ], [ 139.633123899999987, 35.8614726 ], [ 139.6326962, 35.8626058 ], [ 139.6321906, 35.8640108 ], [ 139.6318037, 35.8651854 ], [ 139.6315442, 35.8658734 ], [ 139.6313318, 35.8664284 ], [ 139.6309512, 35.8674798 ], [ 139.630824499999989, 35.8678133 ], [ 139.6304134, 35.8687689 ], [ 139.63017, 35.8694049 ], [ 139.629804799999988, 35.8703699 ], [ 139.6295488, 35.8710682 ], [ 139.6292882, 35.8717965 ], [ 139.6290137, 35.8725424 ], [ 139.6287173, 35.8733337 ], [ 139.6284412, 35.8740642 ], [ 139.6281665, 35.8747661 ], [ 139.628030599999988, 35.8751319 ], [ 139.6278917, 35.8755086 ], [ 139.6277575, 35.8758665 ], [ 139.6276171, 35.8762481 ], [ 139.627469, 35.8766361 ], [ 139.6273426, 35.8769675 ], [ 139.6272348, 35.8772572 ], [ 139.627117700000014, 35.8775709 ], [ 139.627003699999989, 35.8778898 ], [ 139.6268945, 35.8781969 ], [ 139.626780700000012, 35.8785039 ], [ 139.6266451, 35.8788728 ], [ 139.626508800000011, 35.8792224 ], [ 139.625502399999988, 35.8819227 ], [ 139.625403, 35.882193 ], [ 139.6253101, 35.8824563 ], [ 139.6251972, 35.8827884 ], [ 139.6251148, 35.8830895 ], [ 139.625057, 35.8833886 ], [ 139.625049600000011, 35.8836889 ], [ 139.6250425, 35.8840159 ], [ 139.6250502, 35.8843864 ], [ 139.6250742, 35.8846903 ], [ 139.6251934, 35.8853535 ], [ 139.625408, 35.8858966 ], [ 139.6256234, 35.8863868 ], [ 139.625849, 35.886769 ], [ 139.6267913, 35.8881988 ], [ 139.6270194, 35.8885448 ], [ 139.627305400000012, 35.8889787 ], [ 139.6275427, 35.8893503 ], [ 139.6281892, 35.8903495 ], [ 139.6287375, 35.8912737 ], [ 139.628891, 35.8915756 ], [ 139.628994299999988, 35.8918543 ], [ 139.629237100000012, 35.8926937 ], [ 139.629294, 35.8930043 ], [ 139.6293436, 35.8933185 ], [ 139.6293796, 35.8936198 ], [ 139.6294067, 35.8939512 ], [ 139.6293886, 35.8943095 ], [ 139.6293427, 35.8946478 ], [ 139.6292723, 35.8949887 ], [ 139.6291927, 35.895314 ], [ 139.6290754, 35.8956719 ], [ 139.6289686, 35.8960077 ], [ 139.6284372, 35.8977261 ], [ 139.6283182, 35.898049 ], [ 139.6282071, 35.8983153 ], [ 139.627992, 35.8987764 ], [ 139.6278096, 35.8991217 ], [ 139.6277079, 35.8992953 ], [ 139.6276121, 35.8994499 ], [ 139.6274095, 35.8997447 ], [ 139.6269481, 35.900364 ], [ 139.6267461, 35.9006349 ], [ 139.626312, 35.9011878 ], [ 139.6259523, 35.9016393 ] ] } },
{ "type": "Feature", "properties": { "id": "0842f5a3ffffffff047f97a8f2b3cc40", "theme": "transportation", "type": "segment", "subtype": "rail", "class": null, "routes": null, "names": "{primary=東北新幹線, common={en=Tohoku Shinkansen, ja=東北新幹線}, rules=[{variant=common, language=null, value=東北新幹線, between=null, side=null}, {variant=common, language=ko, value=도호쿠 신칸센, between=[0.0, 0.06365922], side=null}, {variant=common, language=ja-Hira, value=とうほくしんかんせん, between=[0.345719719, 0.78414515], side=null}, {variant=common, language=ja-Latn, value=Tōhoku Shinkansen, between=[0.345719719, 0.78414515], side=null}]}", "connector_ids": "[08f2f5a219210021047f9df842b5e2cd, 08f2f5a28a562349043fb978edb6a076, 08f2f5a29864c39e043eaff7e6374c47]" }, "geometry": { "type": "LineString", "coordinates": [ [ 139.618873799999989, 35.9169948 ], [ 139.6186559, 35.9175807 ], [ 139.6184586, 35.9181113 ], [ 139.6180315, 35.919214 ], [ 139.6178488, 35.9197196 ], [ 139.6176719, 35.9202448 ], [ 139.6172877, 35.9214629 ], [ 139.616999099999987, 35.9225313 ], [ 139.6168161, 35.9233198 ], [ 139.616656799999987, 35.9240668 ], [ 139.616557, 35.924611 ], [ 139.6164118, 35.9255479 ], [ 139.6162501, 35.9269468 ], [ 139.616209700000013, 35.9273876 ], [ 139.61619970000001, 35.9276778 ], [ 139.616155099999986, 35.928484 ], [ 139.6161444, 35.9291369 ], [ 139.6161476, 35.9304756 ], [ 139.6162505, 35.9320723 ], [ 139.61633, 35.9328418 ], [ 139.6164575, 35.9339112 ], [ 139.6167092, 35.935289 ], [ 139.6170562, 35.9370903 ], [ 139.6172164, 35.9379719 ], [ 139.6174663, 35.9391133 ], [ 139.6178036, 35.9408966 ], [ 139.618013, 35.9419717 ], [ 139.6182411, 35.9431507 ], [ 139.618588, 35.9450833 ], [ 139.61889020000001, 35.9466683 ], [ 139.6192747, 35.9486283 ], [ 139.6199456, 35.9518926 ], [ 139.6204399, 35.9546022 ], [ 139.6206434, 35.9556823 ], [ 139.6210811, 35.9580187 ], [ 139.6212844, 35.9590351 ], [ 139.6213806, 35.9595188 ], [ 139.621510699999988, 35.9599523 ], [ 139.621558099999987, 35.9601922 ], [ 139.621663, 35.9607251 ], [ 139.621824, 35.9615758 ], [ 139.6218926, 35.9619282 ], [ 139.6219705, 35.9623128 ], [ 139.6220832, 35.9629137 ], [ 139.622233, 35.9636854 ], [ 139.622371, 35.9643929 ], [ 139.622474, 35.9649303 ], [ 139.6226193, 35.9656878 ], [ 139.62279860000001, 35.966617 ], [ 139.623028799999986, 35.9677931 ], [ 139.6232851, 35.9691199 ], [ 139.623528099999987, 35.9704081 ], [ 139.623604199999988, 35.9707583 ], [ 139.6237209, 35.9713687 ], [ 139.6238473, 35.9720175 ], [ 139.623924499999987, 35.9724279 ], [ 139.6240382, 35.9729837 ], [ 139.6241425, 35.9735473 ], [ 139.624231, 35.9740074 ], [ 139.624333, 35.9745263 ], [ 139.624373600000013, 35.9747508 ], [ 139.6244165, 35.9750079 ], [ 139.6245176, 35.9756165 ], [ 139.624571, 35.975872 ], [ 139.6247095, 35.9763473 ], [ 139.6247749, 35.9766618 ], [ 139.6248468, 35.9769696 ], [ 139.624922, 35.9773212 ], [ 139.6251178, 35.9780527 ], [ 139.6252177, 35.9784013 ], [ 139.6254039, 35.9789974 ], [ 139.6255013, 35.9792923 ], [ 139.6256947, 35.9798839 ], [ 139.62585, 35.9803204 ], [ 139.6261016, 35.980999 ], [ 139.626281799999987, 35.981449 ], [ 139.6265946, 35.9821883 ], [ 139.626969800000012, 35.9830061 ], [ 139.6274103, 35.9839058 ], [ 139.627812299999988, 35.9846672 ], [ 139.6283128, 35.985559 ], [ 139.6287146, 35.9862312 ], [ 139.6293624, 35.9872456 ], [ 139.6296089, 35.9876714 ], [ 139.6301944, 35.9884811 ], [ 139.6307075, 35.9891582 ], [ 139.631466100000011, 35.9901707 ], [ 139.6322376, 35.9911245 ], [ 139.632738, 35.9917995 ], [ 139.633396, 35.9927829 ], [ 139.6337819, 35.9932857 ], [ 139.634038, 35.9936179 ], [ 139.63498, 35.9948269 ], [ 139.635653, 35.9956988 ], [ 139.6364541, 35.996732 ], [ 139.637190800000013, 35.9976707 ], [ 139.63735650000001, 35.9978923 ], [ 139.637709, 35.9983629 ], [ 139.6385814, 35.9994444 ], [ 139.6392673, 36.0003133 ], [ 139.6400501, 36.0012901 ], [ 139.6410392, 36.0025781 ], [ 139.64153970000001, 36.0032625 ], [ 139.6420048, 36.0038519 ], [ 139.642836499999987, 36.0049549 ], [ 139.6433974, 36.0056722 ], [ 139.6436005, 36.0059465 ], [ 139.643954, 36.0063891 ], [ 139.6443323, 36.0068845 ], [ 139.645723299999986, 36.0087033 ], [ 139.646350899999987, 36.0095148 ], [ 139.6467342, 36.0100068 ], [ 139.6473977, 36.0108782 ], [ 139.6494612, 36.0136082 ], [ 139.649733, 36.0139518 ], [ 139.651246500000013, 36.0159508 ], [ 139.6518862, 36.016792 ], [ 139.6525388, 36.017628 ], [ 139.652876600000013, 36.0180517 ], [ 139.6533378, 36.0186962 ], [ 139.654081, 36.0197236 ], [ 139.6547464, 36.0206387 ], [ 139.6548708, 36.0208327 ], [ 139.6558578, 36.0223648 ], [ 139.6562463, 36.0229621 ], [ 139.6568049, 36.0239516 ], [ 139.6583786, 36.0270235 ], [ 139.659235099999989, 36.028722 ], [ 139.659386899999987, 36.0290306 ], [ 139.6600767, 36.0303305 ], [ 139.661221899999987, 36.0327276 ], [ 139.663279100000011, 36.0367067 ], [ 139.6638255, 36.037769 ], [ 139.6661954, 36.0424675 ], [ 139.668042899999989, 36.0461616 ], [ 139.6692186, 36.0485109 ], [ 139.6718817, 36.0537164 ], [ 139.6726569, 36.0552677 ], [ 139.6762722, 36.0624429 ], [ 139.6778305, 36.0654535 ], [ 139.6783318, 36.0664697 ], [ 139.6787519, 36.0672646 ], [ 139.679139600000013, 36.0679734 ], [ 139.6797498, 36.0690314 ], [ 139.6802969, 36.0699236 ], [ 139.6810068, 36.0710785 ], [ 139.681634699999989, 36.0720846 ], [ 139.6824935, 36.0734269 ], [ 139.6844006, 36.0764588 ] ] } },
{ "type": "Feature", "properties": { "id": "0852e0ea3fffffff047f6f839c311b25", "theme": "transportation", "type": "segment", "subtype": "rail", "class": null, "routes": null, "names": "{primary=東北新幹線, common={en=Tohoku Shinkansen, ja=東北新幹線}, rules=[{variant=common, language=null, value=東北新幹線, between=null, side=null}]}", "connector_ids": "[08f2e0ea1dd52918043f77ddf4a4878c, 08f2e0ea0380a55d043ff9b0261bcb69, 08f2e0ea03820d43047ff9ff5a6c6320]" }, "geometry": { "type": "LineString", "coordinates": [ [ 141.1189748, 39.7265459 ], [ 141.1184083, 39.7254651 ], [ 141.118274899999989, 39.7252232 ], [ 141.1180517, 39.7247229 ], [ 141.11791740000001, 39.7243814 ], [ 141.1177875, 39.7239988 ], [ 141.1176726, 39.7235866 ], [ 141.1175919, 39.7231878 ], [ 141.117530499999987, 39.7227656 ], [ 141.1174992, 39.7224083 ], [ 141.1174871, 39.722038 ], [ 141.1174861, 39.7218258 ], [ 141.117501800000014, 39.7215157 ], [ 141.1175287, 39.7212004 ], [ 141.1175677, 39.720902 ], [ 141.1176246, 39.720597 ], [ 141.117699, 39.7202472 ], [ 141.1177999, 39.719907 ], [ 141.1179042, 39.7195819 ], [ 141.1180235, 39.7192827 ], [ 141.1181484, 39.7190001 ], [ 141.1182742, 39.7187144 ], [ 141.1184259, 39.7184348 ], [ 141.118751800000013, 39.7178944 ], [ 141.118940900000013, 39.7176332 ], [ 141.119127, 39.7173727 ], [ 141.119325800000013, 39.7171123 ], [ 141.1195418, 39.7168632 ], [ 141.1198647, 39.7165183 ], [ 141.1211094, 39.7153222 ], [ 141.123508, 39.7131192 ], [ 141.1253755, 39.7113857 ], [ 141.1269111, 39.7099866 ], [ 141.1280537, 39.7089344 ], [ 141.129201599999988, 39.7078851 ], [ 141.1299795, 39.7072207 ], [ 141.13075090000001, 39.7065687 ], [ 141.1309094, 39.7064345 ], [ 141.1317269, 39.7057422 ], [ 141.132937, 39.7046937 ] ] } },
{ "type": "Feature", "properties": { "id": "0852e0ea3fffffff047f7f5fa0432722", "theme": "transportation", "type": "segment", "subtype": "rail", "class": null, "routes": null, "names": "{primary=東北新幹線, common={en=Tohoku Shinkansen, ja=東北新幹線}, rules=[{variant=common, language=null, value=東北新幹線, between=null, side=null}]}", "connector_ids": "[08f2e0ea0380a1b5043f6fb0f37904c3, 08f2e0ea1dd52801043ff6dc138d474a]" }, "geometry": { "type": "LineString", "coordinates": [ [ 141.130929900000012, 39.7063527 ], [ 141.1299366, 39.7071928 ], [ 141.129162799999989, 39.7078645 ], [ 141.1280175, 39.7089179 ], [ 141.126876900000013, 39.7099612 ], [ 141.1253446, 39.7113661 ], [ 141.1234483, 39.7130921 ], [ 141.1210845, 39.7152974 ], [ 141.1198326, 39.7164912 ], [ 141.119495699999987, 39.7168451 ], [ 141.1192802, 39.7170896 ], [ 141.1190796, 39.717347 ], [ 141.118889200000012, 39.7176122 ], [ 141.1186954, 39.7178798 ], [ 141.1183682, 39.7184172 ], [ 141.1182168, 39.7186993 ], [ 141.1180917, 39.7189933 ], [ 141.117968600000012, 39.7192683 ], [ 141.1178555, 39.7195647 ], [ 141.117745899999989, 39.7199006 ], [ 141.117657400000013, 39.72024 ], [ 141.1175714, 39.7205916 ], [ 141.1175177, 39.7208974 ], [ 141.1174737, 39.7211962 ], [ 141.1174483, 39.7215141 ], [ 141.117432799999989, 39.7218239 ], [ 141.1174268, 39.7220359 ], [ 141.1174428, 39.7224114 ], [ 141.1174766, 39.722759 ], [ 141.1175423, 39.7231855 ], [ 141.1176328, 39.7235895 ], [ 141.1177352, 39.7239957 ], [ 141.1178674, 39.7243971 ], [ 141.1180061, 39.7247456 ], [ 141.1182265, 39.725239 ], [ 141.118359700000013, 39.7254806 ], [ 141.1189267, 39.7265622 ] ] } },
{ "type": "Feature", "properties": { "id": "0852e2babfffffff047f17ecd23dd0e4", "theme": "transportation", "type": "segment", "subtype": "rail", "class": null, "routes": null, "names": "{primary=東北新幹線, common={en=Tohoku Shinkansen, ja=東北新幹線}, rules=[{variant=common, language=null, value=東北新幹線, between=null, side=null}]}", "connector_ids": "[08f2e2b3245b2a73047fb747ac2fa044, 08f2e2ba8b123249047fb21fdc9b2af7, 08f2e2ba8b8d2169047f4a1fed8ab2b3]" }, "geometry": { "type": "LineString", "coordinates": [ [ 140.4728748, 37.7915059 ], [ 140.4725843, 37.7910377 ], [ 140.471695899999986, 37.789655 ], [ 140.4715232, 37.7893759 ], [ 140.4699707, 37.7868825 ], [ 140.46826630000001, 37.7841472 ], [ 140.4666038, 37.7814766 ], [ 140.466392, 37.7811392 ], [ 140.4647201, 37.7784794 ], [ 140.4632942, 37.776184 ], [ 140.4626327, 37.7750187 ], [ 140.4618446, 37.7736755 ], [ 140.461637, 37.773309 ], [ 140.461618, 37.773262 ], [ 140.461301, 37.77246 ], [ 140.460832, 37.771328 ], [ 140.46047, 37.770449 ], [ 140.460142499999989, 37.7695143 ], [ 140.459830399999987, 37.7685274 ], [ 140.459573799999987, 37.7672982 ], [ 140.45937090000001, 37.7664636 ], [ 140.459209, 37.7656437 ], [ 140.459030500000011, 37.7645168 ], [ 140.458851900000013, 37.7628891 ], [ 140.4587942, 37.7618121 ], [ 140.4587484, 37.7590962 ], [ 140.4587433, 37.7586985 ], [ 140.4587501, 37.7581386 ] ] } },
{ "type": "Feature", "properties": { "id": "0852e2babfffffff047f7aead5dd0009", "theme": "transportation", "type": "segment", "subtype": "rail", "class": null, "routes": null, "names": "{primary=東北新幹線, common={en=Tohoku Shinkansen, ja=東北新幹線}, rules=[{variant=common, language=null, value=東北新幹線, between=null, side=null}]}", "connector_ids": "[08f2e2ba8b8d2a8c047f661d89292855, 08f2e2ba8b8d2761047f6f1d96d35e5f, 08f2e2b3245b2a59047f5645dc23908c]" }, "geometry": { "type": "LineString", "coordinates": [ [ 140.4586889, 37.7581414 ], [ 140.4586902, 37.7582957 ], [ 140.4586937, 37.7587007 ], [ 140.4587297, 37.761814 ], [ 140.4587928, 37.7628898 ], [ 140.4589795, 37.7645244 ], [ 140.4591584, 37.7656578 ], [ 140.4593226, 37.7664742 ], [ 140.4595152, 37.7673 ], [ 140.4597804, 37.768536 ], [ 140.460093, 37.7695246 ], [ 140.4604211, 37.7704606 ], [ 140.4607834, 37.7713405 ], [ 140.461252300000012, 37.7724723 ], [ 140.4615693, 37.7732742 ], [ 140.4615892, 37.7733234 ], [ 140.4617982, 37.7736922 ], [ 140.4625862, 37.7750355 ], [ 140.4632479, 37.7762012 ], [ 140.4646742, 37.7784973 ], [ 140.4663463, 37.7811571 ], [ 140.466558, 37.7814945 ], [ 140.4682205, 37.7841651 ], [ 140.4699248, 37.7869004 ], [ 140.4714773, 37.7893937 ], [ 140.4716502, 37.789673 ], [ 140.4725387, 37.791056 ], [ 140.4728284, 37.7915222 ] ] } },
{ "type": "Feature", "properties": { "id": "0862e0c027ffffff043f6df0fc316911", "theme": "transportation", "type": "segment", "subtype": "rail", "class": null, "routes": null, "names": "{primary=東北新幹線, common={en=Tohoku Shinkansen, ja-Latn=Tōhoku Shinkansen, ja=東北新幹線}, rules=[{variant=common, language=null, value=東北新幹線, between=null, side=null}]}", "connector_ids": "[08f2e0c02446b58d043ff9be3ceede59, 08f2e0c026b2e0cc047f6e23e7a95b4f]" }, "geometry": { "type": "LineString", "coordinates": [ [ 141.1378303, 38.9234021 ], [ 141.138422, 38.9247467 ], [ 141.139968, 38.9282337 ], [ 141.140524199999987, 38.9294651 ] ] } },
{ "type": "Feature", "properties": { "id": "0862e0c027ffffff043f6ff149c399b3", "theme": "transportation", "type": "segment", "subtype": "rail", "class": null, "routes": null, "names": "{primary=東北新幹線, common={en=Tohoku Shinkansen, ja-Latn=Tōhoku Shinkansen, ja=東北新幹線}, rules=[{variant=common, language=null, value=東北新幹線, between=null, side=null}]}", "connector_ids": "[08f2e0c026b2e01b047f6e26023ade79, 08f2e0c02446b893043f69bcb7975f16]" }, "geometry": { "type": "LineString", "coordinates": [ [ 141.1405781, 38.9294491 ], [ 141.1400247, 38.9282183 ], [ 141.1384731, 38.9247334 ], [ 141.137882600000012, 38.9233896 ] ] } },
{ "type": "Feature", "properties": { "id": "0862e0c027ffffff043fe9ef58a5e6a4", "theme": "transportation", "type": "segment", "subtype": "rail", "class": null, "routes": null, "names": "{primary=東北新幹線, common={en=Tohoku Shinkansen, ja-Latn=Tōhoku Shinkansen, ja=東北新幹線}, rules=[{variant=common, language=null, value=東北新幹線, between=null, side=null}]}", "connector_ids": "[08f2e0c02446b58d043ff9be3ceede59, 08f2e0c026b2e0cc047f6e23e7a95b4f]" }, "geometry": { "type": "LineString", "coordinates": [ [ 141.1378303, 38.9234021 ], [ 141.138141499999989, 38.924266 ], [ 141.138366499999989, 38.9247611 ], [ 141.1391401, 38.9264945 ], [ 141.1399219, 38.9282461 ], [ 141.140166599999986, 38.9287742 ], [ 141.140524199999987, 38.9294651 ] ] } },
{ "type": "Feature", "properties": { "id": "0862e0c027ffffff043ff9f2f8f67472", "theme": "transportation", "type": "segment", "subtype": "rail", "class": null, "routes": null, "names": "{primary=東北新幹線, common={en=Tohoku Shinkansen, ja-Latn=Tōhoku Shinkansen, ja=東北新幹線}, rules=[{variant=common, language=null, value=東北新幹線, between=null, side=null}]}", "connector_ids": "[08f2e0c026b2e01b047f6e26023ade79, 08f2e0c02446b893043f69bcb7975f16]" }, "geometry": { "type": "LineString", "coordinates": [ [ 141.1405781, 38.9294491 ], [ 141.1403047, 38.9287251 ], [ 141.1400784, 38.928203 ], [ 141.139299, 38.9264559 ], [ 141.138524600000011, 38.92472 ], [ 141.1382997, 38.924218 ], [ 141.137882600000012, 38.9233896 ] ] } },
{ "type": "Feature", "properties": { "id": "0862e0c44fffffff047f7772c670c697", "theme": "transportation", "type": "segment", "subtype": "rail", "class": null, "routes": null, "names": "{primary=東北新幹線, common={en=Tohoku Shinkansen, ja=東北新幹線}, rules=[{variant=common, language=null, value=東北新幹線, between=null, side=null}]}", "connector_ids": "[08f2e0c44c6d54c9047f6fce52f57909, 08f2e0c44c2f40f3043f7f1ea34e5cae]" }, "geometry": { "type": "LineString", "coordinates": [ [ 141.1251282, 39.2861801 ], [ 141.124605699999989, 39.2853917 ], [ 141.1236307, 39.2837688 ], [ 141.1217451, 39.2804028 ], [ 141.1210088, 39.2788934 ], [ 141.1206307, 39.2780827 ] ] } },
{ "type": "Feature", "properties": { "id": "0862e0c44fffffff047f77744d8a7d32", "theme": "transportation", "type": "segment", "subtype": "rail", "class": null, "routes": null, "names": "{primary=東北新幹線, common={en=Tohoku Shinkansen, ja=東北新幹線}, rules=[{variant=common, language=null, value=東北新幹線, between=null, side=null}]}", "connector_ids": "[08f2e0c44c6d54c9047f6fce52f57909, 08f2e0c44c2f40f3043f7f1ea34e5cae]" }, "geometry": { "type": "LineString", "coordinates": [ [ 141.1251282, 39.2861801 ], [ 141.1236795, 39.2837567 ], [ 141.1227309, 39.2820632 ], [ 141.121790800000014, 39.280385 ], [ 141.121037, 39.2788104 ], [ 141.1206307, 39.2780827 ] ] } },
{ "type": "Feature", "properties": { "id": "0862e0c44fffffff047ff771e5201462", "theme": "transportation", "type": "segment", "subtype": "rail", "class": null, "routes": null, "names": "{primary=東北新幹線, common={en=Tohoku Shinkansen, ja=東北新幹線}, rules=[{variant=common, language=null, value=東北新幹線, between=null, side=null}]}", "connector_ids": "[08f2e0c44c2f6b69043f671ef332f863, 08f2e0c44c6d56b4047f77cc5490640d]" }, "geometry": { "type": "LineString", "coordinates": [ [ 141.1206387, 39.2782436 ], [ 141.1209431, 39.2789152 ], [ 141.1216848, 39.2804236 ], [ 141.123573, 39.2837916 ], [ 141.1245534, 39.2854135 ], [ 141.1250772, 39.2861975 ] ] } },
{ "type": "Feature", "properties": { "id": "0862e0cb17ffffff047f4fc86de344c9", "theme": "transportation", "type": "segment", "subtype": "rail", "class": null, "routes": null, "names": "{primary=東北新幹線, common={en=Tohoku Shinkansen, ja=東北新幹線}, rules=[{variant=common, language=null, value=東北新幹線, between=null, side=null}]}", "connector_ids": "[08f2e0cb11905a5c043fefa60bda7de5, 08f2e0cb11d41082047f6fea16d7a427]" }, "geometry": { "type": "LineString", "coordinates": [ [ 140.9668107, 38.5674464 ], [ 140.9677312, 38.5708951 ], [ 140.96855260000001, 38.5741161 ] ] } },
{ "type": "Feature", "properties": { "id": "0862e0cb17ffffff047fffca605f504b", "theme": "transportation", "type": "segment", "subtype": "rail", "class": null, "routes": null, "names": "{primary=東北新幹線, common={en=Tohoku Shinkansen, ja=東北新幹線}, rules=[{variant=common, language=null, value=東北新幹線, between=null, side=null}]}", "connector_ids": "[08f2e0cb11d41569047fffebcb52a734, 08f2e0cb11905a08043fdfa7e223954f]" }, "geometry": { "type": "LineString", "coordinates": [ [ 140.9685963, 38.5741042 ], [ 140.967786100000012, 38.5708882 ], [ 140.966857800000014, 38.567445 ] ] } },
{ "type": "Feature", "properties": { "id": "0862e0ea07ffffff047f6d8ed0ddee37", "theme": "transportation", "type": "segment", "subtype": "rail", "class": null, "routes": null, "names": "{primary=東北新幹線, common={en=Tohoku Shinkansen, ja=東北新幹線}, rules=[{variant=common, language=null, value=東北新幹線, between=null, side=null}]}", "connector_ids": "[08f2e0ea0390e18e043ffb278c8c1269, 08f2e0ea0038c083047f79f2e7b0628c]" }, "geometry": { "type": "LineString", "coordinates": [ [ 141.133966, 39.703829 ], [ 141.135028, 39.7029128 ], [ 141.136577, 39.7015136 ], [ 141.1379418, 39.7002808 ], [ 141.1380988, 39.7001266 ], [ 141.1391719, 39.6990065 ] ] } },
{ "type": "Feature", "properties": { "id": "0862e0ea07ffffff047f7d90d2929d51", "theme": "transportation", "type": "segment", "subtype": "rail", "class": null, "routes": null, "names": "{primary=東北新幹線, common={en=Tohoku Shinkansen, ja=東北新幹線}, rules=[{variant=common, language=null, value=東北新幹線, between=null, side=null}]}", "connector_ids": "[08f2e0ea0390e18e043ffb278c8c1269, 08f2e0ea0038c083047f79f2e7b0628c]" }, "geometry": { "type": "LineString", "coordinates": [ [ 141.133966, 39.703829 ], [ 141.1352317, 39.7028723 ], [ 141.136662, 39.7015684 ], [ 141.138018, 39.7003345 ], [ 141.1381769, 39.7001665 ], [ 141.1391719, 39.6990065 ] ] } },
{ "type": "Feature", "properties": { "id": "0862e0ea07ffffff047fe98d78827472", "theme": "transportation", "type": "segment", "subtype": "rail", "class": null, "routes": null, "names": "{primary=東北新幹線, common={en=Tohoku Shinkansen, ja=東北新幹線}, rules=[{variant=common, language=null, value=東北新幹線, between=null, side=null}]}", "connector_ids": "[08f2e0ea0038c0f1047f69f114d57a79, 08f2e0ea0390e98a043f7b2aeae10c56]" }, "geometry": { "type": "LineString", "coordinates": [ [ 141.1391252, 39.6989793 ], [ 141.137975399999988, 39.7000457 ], [ 141.1378118, 39.7001988 ], [ 141.1364546, 39.7014336 ], [ 141.1350114, 39.7027109 ], [ 141.134052200000013, 39.703685 ] ] } },
{ "type": "Feature", "properties": { "id": "0862e0ea07ffffff047feb8f840400c2", "theme": "transportation", "type": "segment", "subtype": "rail", "class": null, "routes": null, "names": "{primary=東北新幹線, common={en=Tohoku Shinkansen, ja=東北新幹線}, rules=[{variant=common, language=null, value=東北新幹線, between=null, side=null}]}", "connector_ids": "[08f2e0ea0038c0f1047f69f114d57a79, 08f2e0ea0390e98a043f7b2aeae10c56]" }, "geometry": { "type": "LineString", "coordinates": [ [ 141.1391252, 39.6989793 ], [ 141.138052499999986, 39.7000926 ], [ 141.137894499999987, 39.7002503 ], [ 141.136534, 39.7014809 ], [ 141.1349878, 39.7028794 ], [ 141.134052200000013, 39.703685 ] ] } },
{ "type": "Feature", "properties": { "id": "0862e2b0e7ffffff047f1cad097f47f6", "theme": "transportation", "type": "segment", "subtype": "rail", "class": null, "routes": null, "names": "{primary=東北新幹線, common={en=Tohoku Shinkansen, ja=東北新幹線}, rules=[{variant=common, language=null, value=東北新幹線, between=null, side=null}]}", "connector_ids": "[08f2e2b0e16edc68043fbd5e33434f9e, 08f2e2b0e3a6b781047f3cfe93bdc235]" }, "geometry": { "type": "LineString", "coordinates": [ [ 140.6302699, 37.9919945 ], [ 140.631114700000012, 37.9930874 ], [ 140.6316759, 37.9937565 ], [ 140.6331018, 37.9954595 ], [ 140.6336818, 37.9961471 ], [ 140.634209199999987, 37.9967782 ], [ 140.6353183, 37.9980271 ] ] } },
{ "type": "Feature", "properties": { "id": "0862e2b0e7ffffff047f5fab35cede7d", "theme": "transportation", "type": "segment", "subtype": "rail", "class": null, "routes": null, "names": "{primary=東北新幹線, common={en=Tohoku Shinkansen, ja=東北新幹線}, rules=[{variant=common, language=null, value=東北新幹線, between=null, side=null}]}", "connector_ids": "[08f2e2b0e3a6b4d3047fdf024be37adb, 08f2e2b0e165e01d047fff5436c26cd2]" }, "geometry": { "type": "LineString", "coordinates": [ [ 140.6354081, 37.9980604 ], [ 140.634299199999987, 37.9967323 ], [ 140.6337638, 37.9960853 ], [ 140.6331942, 37.9954205 ], [ 140.6317607, 37.9937085 ], [ 140.6301201, 37.99176 ] ] } },
{ "type": "Feature", "properties": { "id": "0862e2b0e7ffffff047f7db12a0eda5a", "theme": "transportation", "type": "segment", "subtype": "rail", "class": null, "routes": null, "names": "{primary=東北新幹線, common={en=Tohoku Shinkansen, ja=東北新幹線}, rules=[{variant=common, language=null, value=東北新幹線, between=null, side=null}]}", "connector_ids": "[08f2e2b0e3a6ba6c043f3ff860c9fc3d, 08f2e2b0e16edd85043f5f648c917c3c]" }, "geometry": { "type": "LineString", "coordinates": [ [ 140.6350201, 37.9975607 ], [ 140.634393499999987, 37.9966675 ], [ 140.633921, 37.9960136 ], [ 140.633351299999987, 37.9953348 ], [ 140.631939100000011, 37.9936419 ], [ 140.631666200000012, 37.9933549 ], [ 140.6306429, 37.9923319 ] ] } },
{ "type": "Feature", "properties": { "id": "0862e2b0e7ffffff047fdfae52823088", "theme": "transportation", "type": "segment", "subtype": "rail", "class": null, "routes": null, "names": "{primary=東北新幹線, common={en=Tohoku Shinkansen, ja=東北新幹線}, rules=[{variant=common, language=null, value=東北新幹線, between=null, side=null}]}", "connector_ids": "[08f2e2b0e3a6ba6c043f3ff860c9fc3d, 08f2e2b0e16edd85043f5f648c917c3c]" }, "geometry": { "type": "LineString", "coordinates": [ [ 140.6350201, 37.9975607 ], [ 140.6343435, 37.996708 ], [ 140.6338054, 37.9960674 ], [ 140.6332382, 37.9953856 ], [ 140.631238, 37.9930072 ], [ 140.6306429, 37.9923319 ] ] } },
{ "type": "Feature", "properties": { "id": "0862e2b0e7ffffff047ffeae6bb8bb3c", "theme": "transportation", "type": "segment", "subtype": "rail", "class": null, "routes": null, "names": "{primary=東北新幹線, common={en=Tohoku Shinkansen, ja=東北新幹線}, rules=[{variant=common, language=null, value=東北新幹線, between=null, side=null}]}", "connector_ids": "[08f2e2b0e16edc68043fbd5e33434f9e, 08f2e2b0e3a6b781047f3cfe93bdc235]" }, "geometry": { "type": "LineString", "coordinates": [ [ 140.6302699, 37.9919945 ], [ 140.6317204, 37.9937273 ], [ 140.6331544, 37.9954383 ], [ 140.633731899999987, 37.9961208 ], [ 140.634257600000012, 37.9967556 ], [ 140.6353183, 37.9980271 ] ] } },
{ "type": "Feature", "properties": { "id": "0862e2ba8fffffff047f3a1e9a140ce8", "theme": "transportation", "type": "segment", "subtype": "rail", "class": null, "routes": null, "names": "{primary=東北新幹線, common={en=Tohoku Shinkansen}, rules=[{variant=common, language=null, value=東北新幹線, between=null, side=null}]}", "connector_ids": "[08f2e2ba8b96bdad043f021ead501b0d, 08f2e2ba8b968322043fc21ea99e24ab, 08f2e2ba895a3343043f6e1e874fd24f]" }, "geometry": { "type": "LineString", "coordinates": [ [ 140.4587181, 37.7508098 ], [ 140.4587177, 37.7504704 ], [ 140.4587143, 37.7476462 ] ] } },
{ "type": "Feature", "properties": { "id": "0862e2ba8fffffff047f431c17db3277", "theme": "transportation", "type": "segment", "subtype": "rail", "class": null, "routes": null, "names": "{primary=東北新幹線, common={en=Tohoku Shinkansen}, rules=[{variant=common, language=null, value=東北新幹線, between=null, side=null}]}", "connector_ids": "[08f2e2ba89582224047f4f1bdd1d55b0, 08f2e2ba8959c9b6047ffe1be92be243, 08f2e2ba8b96bc05043f3a1c50a33e1f]" }, "geometry": { "type": "LineString", "coordinates": [ [ 140.45864610000001, 37.7488719 ], [ 140.4586473, 37.7490686 ], [ 140.4586576, 37.7508152 ] ] } },
{ "type": "Feature", "properties": { "id": "0862e2bb6fffffff047eff63169ee6c6", "theme": "transportation", "type": "segment", "subtype": "rail", "class": null, "routes": null, "names": "{primary=東北新幹線, common={en=Tohoku Shinkansen, ja=東北新幹線}, rules=[{variant=common, language=null, value=東北新幹線, between=null, side=null}]}", "connector_ids": "[08f2e2bb6963516c047fff4782ee540d, 08f2e2bb6ba75212047fff885d02126a]" }, "geometry": { "type": "LineString", "coordinates": [ [ 140.387673799999988, 37.3952379 ], [ 140.3877875, 37.3959306 ], [ 140.387939, 37.39683 ], [ 140.3883759, 37.3985664 ], [ 140.388704100000012, 37.3998077 ], [ 140.38883770000001, 37.400238 ], [ 140.389124399999986, 37.4009481 ], [ 140.389334100000013, 37.401476 ] ] } },
{ "type": "Feature", "properties": { "id": "0862e2bb6fffffff047ff7668422b102", "theme": "transportation", "type": "segment", "subtype": "rail", "class": null, "routes": null, "names": "{primary=東北新幹線, common={en=Tohoku Shinkansen, ja=東北新幹線}, rules=[{variant=common, language=null, value=東北新幹線, between=null, side=null}]}", "connector_ids": "[08f2e2bb6963516c047fff4782ee540d, 08f2e2bb6ba75212047fff885d02126a]" }, "geometry": { "type": "LineString", "coordinates": [ [ 140.387673799999988, 37.3952379 ], [ 140.3878349, 37.3959233 ], [ 140.388042899999988, 37.3968128 ], [ 140.388495299999988, 37.3985438 ], [ 140.3888342, 37.3997874 ], [ 140.3891783, 37.4009473 ], [ 140.389334100000013, 37.401476 ] ] } },
{ "type": "Feature", "properties": { "id": "0862e2bb6fffffff047ff76a08dd0a25", "theme": "transportation", "type": "segment", "subtype": "rail", "class": null, "routes": null, "names": "{primary=東北新幹線, common={en=Tohoku Shinkansen, ja=東北新幹線}, rules=[{variant=common, language=null, value=東北新幹線, between=null, side=null}]}", "connector_ids": "[08f2e2bb69624494047ff74460b46d00, 08f2e2bb6ba7232c047ff79388198917]" }, "geometry": { "type": "LineString", "coordinates": [ [ 140.3875936, 37.3946704 ], [ 140.3878834, 37.3959131 ], [ 140.3880862, 37.3968026 ], [ 140.3885449, 37.3985358 ], [ 140.3888905, 37.3997853 ], [ 140.3891291, 37.4005779 ], [ 140.3892287, 37.4009389 ], [ 140.38962, 37.4022519 ] ] } },
{ "type": "Feature", "properties": { "id": "0862e2bb6fffffff047fff69cfb9c3ea", "theme": "transportation", "type": "segment", "subtype": "rail", "class": null, "routes": null, "names": "{primary=東北新幹線, common={en=Tohoku Shinkansen, ja=東北新幹線}, rules=[{variant=common, language=null, value=東北新幹線, between=null, side=null}]}", "connector_ids": "[08f2e2bb6ba70a2a047eff8f9f6b2517, 08f2e2bb69626886047eff47eb7da97a]" }, "geometry": { "type": "LineString", "coordinates": [ [ 140.38951990000001, 37.4017211 ], [ 140.389281, 37.4009314 ], [ 140.3891748, 37.4005703 ], [ 140.388941499999987, 37.3997789 ], [ 140.388595, 37.3985304 ], [ 140.3881375, 37.3967904 ], [ 140.3879286, 37.3959058 ], [ 140.387684299999989, 37.3947963 ] ] } },
{ "type": "Feature", "properties": { "id": "0862e2bb6fffffff047fff6b94e52db1", "theme": "transportation", "type": "segment", "subtype": "rail", "class": null, "routes": null, "names": "{primary=東北新幹線, common={en=Tohoku Shinkansen, ja=東北新幹線}, rules=[{variant=common, language=null, value=東北新幹線, between=null, side=null}]}", "connector_ids": "[08f2e2bb6ba70a2a047eff8f9f6b2517, 08f2e2bb69626886047eff47eb7da97a]" }, "geometry": { "type": "LineString", "coordinates": [ [ 140.38951990000001, 37.4017211 ], [ 140.3893305, 37.4009181 ], [ 140.3892349, 37.4005609 ], [ 140.3889938, 37.3997768 ], [ 140.3886402, 37.3985214 ], [ 140.3881836, 37.3967414 ], [ 140.3879862, 37.3958984 ], [ 140.3878047, 37.3951828 ], [ 140.387684299999989, 37.3947963 ] ] } },
{ "type": "Feature", "properties": { "id": "0862f5a21fffffff043e9baf939198aa", "theme": "transportation", "type": "segment", "subtype": "rail", "class": null, "routes": null, "names": "{primary=東北新幹線, common={en=Tohoku Shinkansen, ja=東北新幹線}, rules=[{variant=common, language=null, value=東北新幹線, between=null, side=null}]}", "connector_ids": "[08f2f5a20a41d166047fcb0cc3d9f970, 08f2f5a20a419681043f9ffb1710729e, 08f2f5a219a18aac043fd367134058f9]" }, "geometry": { "type": "LineString", "coordinates": [ [ 139.6259523, 35.9016393 ], [ 139.625785900000011, 35.9018817 ], [ 139.625583299999988, 35.9021439 ], [ 139.6254999, 35.9022493 ], [ 139.6253618, 35.9024179 ], [ 139.6249721, 35.9029394 ], [ 139.624713899999989, 35.9032672 ], [ 139.6244319, 35.903642 ], [ 139.6241842, 35.9039803 ], [ 139.6239855, 35.904274 ], [ 139.623480699999988, 35.9051039 ], [ 139.6232712, 35.9055212 ], [ 139.6230688, 35.9059649 ], [ 139.6230141, 35.9060944 ], [ 139.6224396, 35.907652 ], [ 139.6221548, 35.9083768 ], [ 139.6220654, 35.9085957 ], [ 139.6219404, 35.9089245 ], [ 139.6218292, 35.9092151 ], [ 139.6217107, 35.9095251 ] ] } },
{ "type": "Feature", "properties": { "id": "0862f5a21fffffff043ebab96fec3e2e", "theme": "transportation", "type": "segment", "subtype": "rail", "class": null, "routes": null, "names": "{primary=東北新幹線, common={en=Tohoku Shinkansen, ja=東北新幹線}, rules=[{variant=common, language=null, value=東北新幹線, between=null, side=null}]}", "connector_ids": "[08f2f5a219a1801a043f926a44c74252, 08f2f5a20a41b252043f86f980d2a096, 08f2f5a20a403076047e871995c5cc05]" }, "geometry": { "type": "LineString", "coordinates": [ [ 139.6217924, 35.9096592 ], [ 139.621977, 35.9092527 ], [ 139.6221088, 35.9089623 ], [ 139.6222473, 35.9086574 ], [ 139.6223513, 35.9084242 ], [ 139.622516600000012, 35.9080533 ], [ 139.6226714, 35.9077202 ], [ 139.6230823, 35.9066656 ], [ 139.623271, 35.9061616 ], [ 139.6234095, 35.9057916 ], [ 139.6236596, 35.9052715 ], [ 139.623889600000012, 35.9048202 ], [ 139.62417640000001, 35.9043576 ], [ 139.6243547, 35.9040582 ], [ 139.6245853, 35.9037046 ], [ 139.6248398, 35.9033397 ], [ 139.625102, 35.9029892 ], [ 139.6254592, 35.902503 ], [ 139.625499100000013, 35.902452 ], [ 139.6256876, 35.9021914 ], [ 139.6258852, 35.9019262 ], [ 139.6262805, 35.9013893 ] ] } },
{ "type": "Feature", "properties": { "id": "0862f5a21fffffff043fc2a27702aac0", "theme": "transportation", "type": "segment", "subtype": "rail", "class": null, "routes": null, "names": "{primary=東北新幹線, common={en=Tohoku Shinkansen, ja=東北新幹線}, rules=[{variant=common, language=null, value=東北新幹線, between=null, side=null}]}", "connector_ids": "[08f2f5a20a4f52c6043fcfeb86622670, 08f2f5a219a18aac043fd367134058f9]" }, "geometry": { "type": "LineString", "coordinates": [ [ 139.6251014, 35.9028557 ], [ 139.6250265, 35.9029459 ], [ 139.624771399999986, 35.9032754 ], [ 139.6244833, 35.9036423 ], [ 139.6242365, 35.9039893 ], [ 139.624038, 35.9042817 ], [ 139.623889600000012, 35.9045227 ], [ 139.6235471, 35.9051267 ], [ 139.6233384, 35.9055423 ], [ 139.6231369, 35.9059841 ], [ 139.6230847, 35.9061134 ], [ 139.622486400000014, 35.9076668 ], [ 139.6223118, 35.9081058 ], [ 139.6221246, 35.9086137 ], [ 139.621986, 35.9089347 ], [ 139.6218615, 35.9092233 ], [ 139.6217107, 35.9095251 ] ] } },
{ "type": "Feature", "properties": { "id": "0862f5a21fffffff043fcab7915e54cd", "theme": "transportation", "type": "segment", "subtype": "rail", "class": null, "routes": null, "names": "{primary=東北新幹線, common={en=Tohoku Shinkansen, ja=東北新幹線}, rules=[{variant=common, language=null, value=東北新幹線, between=null, side=null}]}", "connector_ids": "[08f2f5a219af48c4047eff629f54662e, 08f2f5a20a403076047e871995c5cc05]" }, "geometry": { "type": "LineString", "coordinates": [ [ 139.6215967, 35.9102717 ], [ 139.621744, 35.9099676 ], [ 139.6218264, 35.9098002 ], [ 139.6219537, 35.90954 ], [ 139.622075599999988, 35.9092777 ], [ 139.622211, 35.9089852 ], [ 139.6223553, 35.9086962 ], [ 139.622461, 35.908464 ], [ 139.6226397, 35.9080865 ], [ 139.622801900000013, 35.9077608 ], [ 139.6230668, 35.9071614 ], [ 139.623256700000013, 35.9066838 ], [ 139.6234323, 35.9061998 ], [ 139.623566899999986, 35.9058287 ], [ 139.6237877, 35.9053161 ], [ 139.62401460000001, 35.9048472 ], [ 139.624260600000014, 35.904395 ], [ 139.624423299999989, 35.9041007 ], [ 139.6246346, 35.9037406 ], [ 139.6248821, 35.9033637 ], [ 139.625139100000013, 35.9030179 ], [ 139.6253514, 35.9027388 ], [ 139.625542200000012, 35.9024815 ], [ 139.6257166, 35.9022283 ], [ 139.625912, 35.9019393 ], [ 139.6262805, 35.9013893 ] ] } },
{ "type": "Feature", "properties": { "id": "0862f5a21fffffff047ebbc9c09e1890", "theme": "transportation", "type": "segment", "subtype": "rail", "class": null, "routes": null, "names": "{primary=東北新幹線, common={en=Tohoku Shinkansen, ja=東北新幹線}, rules=[{variant=common, language=null, value=東北新幹線, between=null, side=null}]}", "connector_ids": "[08f2f5a219b09805043fdfa233497d7b, 08f2f5a20a41b252043f86f980d2a096]" }, "geometry": { "type": "LineString", "coordinates": [ [ 139.6232243, 35.9061471 ], [ 139.6233623, 35.9057784 ], [ 139.623613299999988, 35.9052565 ], [ 139.623843599999987, 35.9048044 ], [ 139.6239942, 35.904566 ], [ 139.6241296, 35.9043322 ], [ 139.6243062, 35.9040399 ], [ 139.624539199999987, 35.9036792 ], [ 139.6248105, 35.9033081 ], [ 139.625070599999987, 35.9029712 ], [ 139.6254592, 35.902503 ] ] } },
{ "type": "Feature", "properties": { "id": "0862f5a32fffffff047effac11d9a74e", "theme": "transportation", "type": "segment", "subtype": "rail", "class": null, "routes": null, "names": "{primary=東北新幹線, common={en=Tohoku Shinkansen, ja=東北新幹線}, rules=[{variant=common, language=null, value=東北新幹線, between=null, side=null}, {variant=common, language=es, value=Tohoku Shinkansen, between=[0.041061942, 0.227503179], side=null}, {variant=common, language=ko, value=도호쿠 신칸센, between=[0.205059874, 0.222757976], side=null}, {variant=common, language=es, value=JR Tohoku Shinkansen, between=[0.227503179, 0.259926503], side=null}, {variant=common, language=ko, value=도호쿠 신칸센, between=[0.227503179, 0.259926503], side=null}, {variant=common, language=es, value=Tohoku Shinkansen, between=[0.259926503, 0.88138388], side=null}, {variant=common, language=ko, value=도호쿠 신칸센, between=[0.269985329, 0.50558889], side=null}, {variant=common, language=es, value=JR Tohoku Shinkansen, between=[0.88138388, 0.908394653], side=null}, {variant=common, language=ko, value=도호쿠 신칸센, between=[0.88138388, 0.908394653], side=null}, {variant=common, language=es, value=Tohoku Shinkansen, between=[0.908394653, 1.0], side=null}]}", "connector_ids": "[08f2f5a32d88e80a043ef9dc81c37314, 08f2f5a328c41325043e9fee7457500e, 08f2f5a328c43056047ffbf64d66dc88, 08f2f5a328c5eb30047efe00c89e46d7, 08f2f5a3285320c5047ffe8004154a30, 08f2f5a32e24918e047fbe8958cb3419, 08f2f5a32e24a244047ffe94d0dbcdd4, 08f2f5a32a22a149043e9d7fdd949abb]" }, "geometry": { "type": "LineString", "coordinates": [ [ 139.7688961, 35.6860145 ], [ 139.7689921, 35.6862771 ], [ 139.76914450000001, 35.6866831 ], [ 139.769292400000012, 35.6870915 ], [ 139.769558499999988, 35.6877527 ], [ 139.769707399999987, 35.6881199 ], [ 139.7699658, 35.6887257 ], [ 139.770282, 35.6895063 ], [ 139.7703435, 35.6896618 ], [ 139.770456, 35.6899786 ], [ 139.7705403, 35.6902613 ], [ 139.7705852, 35.6904026 ], [ 139.770678, 35.6906457 ], [ 139.7708546, 35.6910641 ], [ 139.7711597, 35.6916382 ], [ 139.7712544, 35.6918312 ], [ 139.7713349, 35.6920049 ], [ 139.7714233, 35.692204 ], [ 139.7715676, 35.6927085 ], [ 139.7716787, 35.6930284 ], [ 139.7718231, 35.6933867 ], [ 139.7719323, 35.6936555 ], [ 139.7722713, 35.6944172 ], [ 139.7724995, 35.6948752 ], [ 139.7725609, 35.6949968 ], [ 139.772626, 35.6951481 ], [ 139.7727773, 35.6954741 ], [ 139.77287530000001, 35.695783 ], [ 139.773049, 35.696487 ], [ 139.7731559, 35.6968773 ], [ 139.7732608, 35.6973384 ], [ 139.7732739, 35.6974201 ], [ 139.7733146, 35.697673 ], [ 139.7733613, 35.698091 ], [ 139.7733873, 35.698288 ], [ 139.773420499999986, 35.6985212 ], [ 139.7735279, 35.699407 ], [ 139.7735501, 35.6995801 ], [ 139.773588499999988, 35.6999454 ], [ 139.7737134, 35.7006892 ], [ 139.773763800000012, 35.7009862 ], [ 139.7738137, 35.7012801 ], [ 139.7738663, 35.7015772 ], [ 139.77391990000001, 35.7018739 ], [ 139.7739714, 35.7021696 ], [ 139.7740219, 35.7024645 ], [ 139.7740757, 35.7027608 ], [ 139.7741518, 35.7031924 ], [ 139.774259199999989, 35.7037888 ], [ 139.7746768, 35.7061524 ], [ 139.7747293, 35.7064449 ], [ 139.7747819, 35.7067418 ], [ 139.7748348, 35.7070385 ], [ 139.7748652, 35.7071957 ], [ 139.7748943, 35.7073351 ], [ 139.774933800000014, 35.707496 ], [ 139.774971099999988, 35.7076297 ], [ 139.7750175, 35.7077719 ], [ 139.7750634, 35.707915 ], [ 139.7751292, 35.7080952 ], [ 139.7752051, 35.7082888 ], [ 139.7752854, 35.7084816 ], [ 139.7759092, 35.7100574 ], [ 139.776110100000011, 35.710565 ], [ 139.7763784, 35.7112428 ], [ 139.7766093, 35.7118214 ], [ 139.7767355, 35.7121041 ], [ 139.7768208, 35.7122872 ], [ 139.776916300000011, 35.7124671 ], [ 139.7770248, 35.7126628 ], [ 139.7772996, 35.7130911 ], [ 139.7778322, 35.7138757 ], [ 139.778994, 35.7155948 ], [ 139.779500899999988, 35.7164538 ], [ 139.7796356, 35.7166958 ], [ 139.7797938, 35.7169722 ], [ 139.779874400000011, 35.7171132 ], [ 139.7800944, 35.7174979 ], [ 139.780168, 35.7176308 ], [ 139.780285099999986, 35.7178341 ], [ 139.7804786, 35.7181814 ], [ 139.7806271, 35.7184552 ], [ 139.7807527, 35.7187416 ], [ 139.780828, 35.7189665 ], [ 139.7808727, 35.7191418 ], [ 139.780907899999988, 35.7193415 ], [ 139.7809246, 35.7195125 ], [ 139.7809258, 35.7196899 ], [ 139.7809215, 35.7199051 ], [ 139.780897399999986, 35.7201479 ], [ 139.7808584, 35.7203455 ], [ 139.780806399999989, 35.7205461 ], [ 139.7807271, 35.7207755 ], [ 139.780644700000011, 35.7209716 ], [ 139.780577599999987, 35.7211225 ], [ 139.7804984, 35.721269 ], [ 139.7803951, 35.7214419 ], [ 139.7802824, 35.7216104 ], [ 139.7801618, 35.7217757 ], [ 139.780035, 35.7219205 ], [ 139.7798005, 35.7221584 ], [ 139.7796189, 35.7223231 ], [ 139.7794472, 35.7224647 ], [ 139.7792939, 35.7225815 ], [ 139.77912, 35.7226998 ], [ 139.7788584, 35.7228497 ], [ 139.778668, 35.7229492 ], [ 139.7785108, 35.7230251 ], [ 139.7783468, 35.7230864 ], [ 139.7781621, 35.7231538 ], [ 139.7780007, 35.7232105 ], [ 139.77783, 35.7232658 ], [ 139.777649200000013, 35.7233125 ], [ 139.7774781, 35.7233606 ], [ 139.7773018, 35.7234075 ], [ 139.777105400000011, 35.7234554 ], [ 139.7767489, 35.7235396 ], [ 139.776220200000012, 35.7236789 ], [ 139.7758058, 35.7238155 ], [ 139.7755315, 35.7239188 ], [ 139.7752721, 35.7240171 ], [ 139.7750518, 35.7241124 ], [ 139.7748765, 35.724203 ], [ 139.7746353, 35.7243287 ], [ 139.774407200000013, 35.7244605 ], [ 139.77417890000001, 35.7246074 ], [ 139.77398, 35.7247479 ], [ 139.7737645, 35.7249074 ], [ 139.7735695, 35.7250668 ], [ 139.7733701, 35.7252402 ], [ 139.7731958, 35.7254045 ], [ 139.7729761, 35.7256482 ], [ 139.7727688, 35.7258943 ], [ 139.772562599999986, 35.7261479 ], [ 139.772457300000013, 35.7262803 ], [ 139.7723547, 35.7264061 ], [ 139.772244699999987, 35.726529 ], [ 139.772136499999988, 35.7266496 ], [ 139.7720172, 35.7267732 ], [ 139.7719028, 35.7268862 ], [ 139.771775600000012, 35.7270039 ], [ 139.7710006, 35.7277229 ], [ 139.7701922, 35.7284248 ], [ 139.769966399999987, 35.7286119 ], [ 139.769778, 35.7287783 ], [ 139.769543, 35.7289858 ], [ 139.7693308, 35.7291835 ], [ 139.769133900000014, 35.7293861 ], [ 139.7688398, 35.7297168 ], [ 139.7685464, 35.7300396 ], [ 139.768320499999987, 35.7302971 ], [ 139.7680901, 35.7305637 ], [ 139.767901599999988, 35.7307908 ], [ 139.7676078, 35.7311837 ], [ 139.767151399999989, 35.731912 ], [ 139.7667304, 35.7325839 ], [ 139.7665245, 35.7329029 ] ] } },
{ "type": "Feature", "properties": { "id": "0862f5a32fffffff047fbdac97b03616", "theme": "transportation", "type": "segment", "subtype": "rail", "class": null, "routes": null, "names": "{primary=東北新幹線, common={en=Tohoku Shinkansen, ja=東北新幹線}, rules=[{variant=common, language=null, value=東北新幹線, between=null, side=null}, {variant=common, language=es, value=Tohoku Shinkansen, between=[0.0, 0.074003814], side=null}, {variant=common, language=es, value=JR Tohoku Shinkansen, between=[0.074003814, 0.123160241], side=null}, {variant=common, language=ko, value=도호쿠 신칸센, between=[0.074003814, 0.123160241], side=null}, {variant=common, language=es, value=Tohoku Shinkansen, between=[0.123160241, 0.741458184], side=null}, {variant=common, language=ko, value=도호쿠 신칸센, between=[0.49539771, 0.738338094], side=null}, {variant=common, language=es, value=JR Tohoku Shinkansen, between=[0.741458184, 0.773662452], side=null}, {variant=common, language=ko, value=도호쿠 신칸센, between=[0.741458184, 0.773662452], side=null}, {variant=common, language=es, value=Tohoku Shinkansen, between=[0.773662452, 0.959276172], side=null}, {variant=common, language=ko, value=도호쿠 신칸센, between=[0.778585928, 0.796143105], side=null}]}", "connector_ids": "[08f2f5a32a20cd40047e9c7a8b22c8b4, 08f2f5a32e24a35e047fdb96d790d311, 08f2f5a32e249c5a047edf8b87492e6f, 08f2f5a32853201c047e9b825a421b62, 08f2f5a328c5e860047ffb02e13da1b8, 08f2f5a328c43004047f9df8663954aa, 08f2f5a328c41a84043f99f0680474fe, 08f2f5a32d88e834043efedea050fbad]" }, "geometry": { "type": "LineString", "coordinates": [ [ 139.766414, 35.733185 ], [ 139.7666595, 35.7327866 ], [ 139.7670532, 35.7321608 ], [ 139.7671962, 35.731923 ], [ 139.7673893, 35.7316112 ], [ 139.767541099999988, 35.7313758 ], [ 139.767715, 35.7311275 ], [ 139.7678751, 35.7309094 ], [ 139.768070200000011, 35.7306654 ], [ 139.768313799999987, 35.7303826 ], [ 139.7685415, 35.7301219 ], [ 139.7687951, 35.729833 ], [ 139.7688793, 35.7297344 ], [ 139.7689839, 35.7296131 ], [ 139.7691108, 35.7294752 ], [ 139.7692415, 35.7293366 ], [ 139.769393400000013, 35.7291854 ], [ 139.7695328, 35.7290551 ], [ 139.7698154, 35.7288028 ], [ 139.7701145, 35.7285434 ], [ 139.770222499999988, 35.7284476 ], [ 139.771031, 35.727741 ], [ 139.771816800000011, 35.7270339 ], [ 139.7719807, 35.7268658 ], [ 139.772217, 35.7266218 ], [ 139.772337, 35.7264942 ], [ 139.7724399, 35.7263691 ], [ 139.7725541, 35.7262282 ], [ 139.772712, 35.72604 ], [ 139.7729026, 35.7258048 ], [ 139.773047600000012, 35.7256371 ], [ 139.77319270000001, 35.725476 ], [ 139.7733892, 35.7252842 ], [ 139.773651699999988, 35.7250641 ], [ 139.7738398, 35.7249145 ], [ 139.774049100000013, 35.7247517 ], [ 139.7743269, 35.7245674 ], [ 139.7746219, 35.7243881 ], [ 139.7748469, 35.724263 ], [ 139.7750624, 35.7241575 ], [ 139.7752872, 35.724056 ], [ 139.7755283, 35.7239597 ], [ 139.7757642, 35.723871 ], [ 139.775952100000012, 35.7238016 ], [ 139.7763449, 35.7236872 ], [ 139.776609900000011, 35.7236159 ], [ 139.776927699999987, 35.7235359 ], [ 139.7772215, 35.7234642 ], [ 139.7774238, 35.7234111 ], [ 139.777638700000011, 35.7233609 ], [ 139.7778568, 35.7232961 ], [ 139.7780488, 35.7232367 ], [ 139.778235599999988, 35.7231765 ], [ 139.7784428, 35.723093 ], [ 139.7786605, 35.723001 ], [ 139.77887960000001, 35.7228909 ], [ 139.7790793, 35.7227772 ], [ 139.77929610000001, 35.7226374 ], [ 139.7794175, 35.7225516 ], [ 139.779553600000014, 35.7224394 ], [ 139.7796765, 35.7223361 ], [ 139.7798046, 35.7222145 ], [ 139.7799181, 35.7221087 ], [ 139.7800455, 35.7219842 ], [ 139.7801483, 35.7218753 ], [ 139.7802562, 35.7217358 ], [ 139.7803471, 35.7216085 ], [ 139.7804448, 35.721469 ], [ 139.7805198, 35.7213417 ], [ 139.7805966, 35.7211961 ], [ 139.7806621, 35.7210642 ], [ 139.780726499999986, 35.7209134 ], [ 139.780781499999989, 35.7207794 ], [ 139.780836, 35.7206193 ], [ 139.78088, 35.7204861 ], [ 139.7809188, 35.7203316 ], [ 139.7809446, 35.7201892 ], [ 139.7809634, 35.7200323 ], [ 139.7809776, 35.7198855 ], [ 139.780979300000013, 35.7197309 ], [ 139.7809789, 35.7195854 ], [ 139.780969199999987, 35.7194297 ], [ 139.7809502, 35.7192846 ], [ 139.7809289, 35.719128 ], [ 139.7808909, 35.718985 ], [ 139.7808434, 35.7188286 ], [ 139.7807262, 35.7185458 ], [ 139.780662299999989, 35.7184132 ], [ 139.7802199, 35.7176131 ], [ 139.7799303, 35.7170893 ], [ 139.779817400000013, 35.7168876 ], [ 139.7796954, 35.7166721 ], [ 139.7791532, 35.7157149 ], [ 139.778978099999989, 35.7154433 ], [ 139.7779017, 35.7138501 ], [ 139.777369, 35.7130653 ], [ 139.7770692, 35.7125823 ], [ 139.7769482, 35.7123704 ], [ 139.7768034, 35.7120909 ], [ 139.7766758, 35.7118085 ], [ 139.7765454, 35.7115168 ], [ 139.7764321, 35.7112307 ], [ 139.776359, 35.711046 ], [ 139.7761638, 35.7105556 ], [ 139.775959199999988, 35.7100416 ], [ 139.7752691, 35.7083074 ], [ 139.7751498, 35.7079944 ], [ 139.7750532, 35.7077251 ], [ 139.77499370000001, 35.7075278 ], [ 139.7749385, 35.7073277 ], [ 139.7747707, 35.7063958 ], [ 139.7743312, 35.7039403 ], [ 139.7742805, 35.7036451 ], [ 139.774176, 35.703051 ], [ 139.774099400000011, 35.7025985 ], [ 139.7739128, 35.7015733 ], [ 139.773834099999988, 35.7011209 ], [ 139.773766200000011, 35.7007268 ], [ 139.773718, 35.7003885 ], [ 139.7736535, 35.6999409 ], [ 139.7736119, 35.699572 ], [ 139.773590399999989, 35.6994042 ], [ 139.7734508, 35.6982733 ], [ 139.77342680000001, 35.698081 ], [ 139.773372, 35.6976719 ], [ 139.7733264, 35.6974083 ], [ 139.7733103, 35.6973299 ], [ 139.773199, 35.6968725 ], [ 139.7731023, 35.6964767 ], [ 139.7729228, 35.6957823 ], [ 139.772822, 35.6954649 ], [ 139.772677499999986, 35.6951328 ], [ 139.772606, 35.6949787 ], [ 139.7725457, 35.6948615 ], [ 139.7723139, 35.6944067 ], [ 139.7719665, 35.6936479 ], [ 139.771852599999988, 35.6933777 ], [ 139.771721899999989, 35.693019 ], [ 139.771612, 35.6927014 ], [ 139.771461499999987, 35.692189 ], [ 139.771372899999989, 35.6919908 ], [ 139.771296, 35.6918198 ], [ 139.7711984, 35.691624 ], [ 139.7708963, 35.6910498 ], [ 139.7707193, 35.6906424 ], [ 139.770630899999986, 35.6903916 ], [ 139.7705867, 35.6902526 ], [ 139.770503600000012, 35.6899696 ], [ 139.7703884, 35.6896508 ], [ 139.7703277, 35.6894944 ], [ 139.770015199999989, 35.6887232 ], [ 139.7697583, 35.6881032 ], [ 139.7696047, 35.6877065 ], [ 139.7693543, 35.6870708 ], [ 139.769193300000012, 35.6866711 ], [ 139.7690403, 35.6862669 ], [ 139.7689504, 35.6860022 ] ] } },
{ "type": "Feature", "properties": { "id": "0872e0a184ffffff043f27ec0169c9fe", "theme": "transportation", "type": "segment", "subtype": "rail", "class": null, "routes": null, "names": "{primary=東北新幹線, common={ja=東北新幹線}, rules=[{variant=common, language=null, value=東北新幹線, between=null, side=null}]}", "connector_ids": "[08f2e0a18418e599043fe5f30bc541a8, 08f2e0a1844508c3043f77ec19c04cdd]" }, "geometry": { "type": "LineString", "coordinates": [ [ 140.6935307, 40.8250336 ], [ 140.6933636, 40.8267645 ], [ 140.693327900000014, 40.827366 ], [ 140.6932951, 40.8282556 ], [ 140.6932783, 40.8289564 ], [ 140.6932689, 40.8293023 ], [ 140.693304, 40.8299008 ], [ 140.6933529, 40.8308311 ] ] } },
{ "type": "Feature", "properties": { "id": "0872e0a184ffffff043f35f21398e21f", "theme": "transportation", "type": "segment", "subtype": "rail", "class": null, "routes": null, "names": "{primary=東北新幹線, common={ja=東北新幹線}, rules=[{variant=common, language=null, value=東北新幹線, between=null, side=null}]}", "connector_ids": "[08f2e0a1844508ab043f3fee6c45ca48, 08f2e0a1841832cb043f25f5946baab4]" }, "geometry": { "type": "LineString", "coordinates": [ [ 140.6934124, 40.8308282 ], [ 140.6934976, 40.8282582 ], [ 140.6935956, 40.8250404 ] ] } },
{ "type": "Feature", "properties": { "id": "0872e0a184ffffff043f3fefdc386399", "theme": "transportation", "type": "segment", "subtype": "rail", "class": null, "routes": null, "names": "{primary=東北新幹線, common={en=Tohoku Shinkansen, ja=東北新幹線}, rules=[{variant=common, language=null, value=東北新幹線, between=null, side=null}]}", "connector_ids": "[08f2e0a18418e599043fe5f30bc541a8, 08f2e0a1844508c3043f77ec19c04cdd]" }, "geometry": { "type": "LineString", "coordinates": [ [ 140.6935307, 40.8250336 ], [ 140.693446599999987, 40.8282572 ], [ 140.6933529, 40.8308311 ] ] } },
{ "type": "Feature", "properties": { "id": "0872e0a184ffffff043f6ff5bc758972", "theme": "transportation", "type": "segment", "subtype": "rail", "class": null, "routes": null, "names": "{primary=東北新幹線, common={ja=東北新幹線}, rules=[{variant=common, language=null, value=東北新幹線, between=null, side=null}]}", "connector_ids": "[08f2e0a1844508ab043f3fee6c45ca48, 08f2e0a1841832cb043f25f5946baab4]" }, "geometry": { "type": "LineString", "coordinates": [ [ 140.6934124, 40.8308282 ], [ 140.6935096, 40.829899 ], [ 140.6935743, 40.82931 ], [ 140.693619899999987, 40.8287783 ], [ 140.6936504, 40.8282627 ], [ 140.6936832, 40.8273788 ], [ 140.6936607, 40.8267554 ], [ 140.693628600000011, 40.8261208 ], [ 140.6935956, 40.8250404 ] ] } },
{ "type": "Feature", "properties": { "id": "0872e0c44cffffff047f676dabf63ac0", "theme": "transportation", "type": "segment", "subtype": "rail", "class": null, "routes": null, "names": "{primary=東北新幹線, common={en=Tohoku Shinkansen, ja=東北新幹線}, rules=[{variant=common, language=null, value=東北新幹線, between=null, side=null}]}", "connector_ids": "[08f2e0c44c28d00b047fef292aef9fa7, 08f2e0c44c6c01ab047f7fb5ad83d6ac]" }, "geometry": { "type": "LineString", "coordinates": [ [ 141.1209002, 39.2789225 ], [ 141.1216426, 39.2804295 ], [ 141.1225883, 39.2821173 ], [ 141.123535299999986, 39.2838074 ], [ 141.1244973, 39.2854332 ] ] } },
{ "type": "Feature", "properties": { "id": "0872e0c44cffffff047ff76a16d5d014", "theme": "transportation", "type": "segment", "subtype": "rail", "class": null, "routes": null, "names": "{primary=東北新幹線, common={en=Tohoku Shinkansen, ja=東北新幹線}, rules=[{variant=common, language=null, value=東北新幹線, between=null, side=null}]}", "connector_ids": "[08f2e0c44c28d00b047fef292aef9fa7, 08f2e0c44c6c01ab047f7fb5ad83d6ac]" }, "geometry": { "type": "LineString", "coordinates": [ [ 141.1209002, 39.2789225 ], [ 141.1211041, 39.2795049 ], [ 141.1212865, 39.2799243 ], [ 141.121466199999986, 39.2803333 ], [ 141.1215341, 39.2804749 ], [ 141.1224626, 39.2821593 ], [ 141.123402700000014, 39.2838435 ], [ 141.1235878, 39.284144 ], [ 141.1239821, 39.2847336 ], [ 141.1244973, 39.2854332 ] ] } },
{ "type": "Feature", "properties": { "id": "0872e0e790ffffff043fb773e3bc8289", "theme": "transportation", "type": "segment", "subtype": "rail", "class": null, "routes": null, "names": "{primary=東北新幹線, common={en=Tohoku Shinkansen, ja=東北新幹線}, rules=[{variant=common, language=null, value=東北新幹線, between=null, side=null}]}", "connector_ids": "[08f2e0e790714556043f9722aeadfdfd, 08f2e0e7904d07b4047fb6c8d20d6850]" }, "geometry": { "type": "LineString", "coordinates": [ [ 141.4287534, 40.5072001 ], [ 141.4296976, 40.508283 ], [ 141.430794600000013, 40.5093945 ], [ 141.431905, 40.5105313 ], [ 141.4330066, 40.5115188 ] ] } },
{ "type": "Feature", "properties": { "id": "0872e0e790ffffff043fbe75dc912662", "theme": "transportation", "type": "segment", "subtype": "rail", "class": null, "routes": null, "names": "{primary=東北新幹線, common={en=Tohoku Shinkansen, ja=東北新幹線}, rules=[{variant=common, language=null, value=東北新幹線, between=null, side=null}]}", "connector_ids": "[08f2e0e790714556043f9722aeadfdfd, 08f2e0e7904d07b4047fb6c8d20d6850]" }, "geometry": { "type": "LineString", "coordinates": [ [ 141.4287534, 40.5072001 ], [ 141.4297861, 40.5082331 ], [ 141.430876399999988, 40.5093445 ], [ 141.431989499999986, 40.5104906 ], [ 141.4330066, 40.5115188 ] ] } },
{ "type": "Feature", "properties": { "id": "0872e0e790ffffff043fdf778e45f842", "theme": "transportation", "type": "segment", "subtype": "rail", "class": null, "routes": null, "names": "{primary=東北新幹線, common={en=Tohoku Shinkansen, ja=東北新幹線}, rules=[{variant=common, language=null, value=東北新幹線, between=null, side=null}]}", "connector_ids": "[08f2e0e7904d0470047fbfca67bbc948, 08f2e0e790714523043fbf25029276a9]" }, "geometry": { "type": "LineString", "coordinates": [ [ 141.43304710000001, 40.5114815 ], [ 141.4320284, 40.51046 ], [ 141.43091, 40.5093233 ], [ 141.4298277, 40.5082127 ], [ 141.428813, 40.5071787 ] ] } },
{ "type": "Feature", "properties": { "id": "0872e0e790ffffff043ff779809df06a", "theme": "transportation", "type": "segment", "subtype": "rail", "class": null, "routes": null, "names": "{primary=東北新幹線, common={en=Tohoku Shinkansen, ja=東北新幹線}, rules=[{variant=common, language=null, value=東北新幹線, between=null, side=null}]}", "connector_ids": "[08f2e0e7904d0470047fbfca67bbc948, 08f2e0e790714523043fbf25029276a9]" }, "geometry": { "type": "LineString", "coordinates": [ [ 141.43304710000001, 40.5114815 ], [ 141.4321076, 40.51041 ], [ 141.4310078, 40.5092839 ], [ 141.4299028, 40.5081658 ], [ 141.428813, 40.5071787 ] ] } },
{ "type": "Feature", "properties": { "id": "0872e0e790ffffff047f973b8a0223e6", "theme": "transportation", "type": "segment", "subtype": "rail", "class": null, "routes": null, "names": "{primary=東北新幹線, common={en=Tohoku Shinkansen, ja=東北新幹線}, rules=[{variant=common, language=null, value=東北新幹線, between=null, side=null}]}", "connector_ids": "[08f2e0e7903b05b3043fd57702cf4981, 08f2e0e7903a52eb047fb53db3c93608, 08f2e0e790301cd1043f97ffd599ffcd]" }, "geometry": { "type": "LineString", "coordinates": [ [ 141.4243586, 40.5025605 ], [ 141.4241347, 40.5023025 ], [ 141.4231852, 40.5013153 ], [ 141.4228915, 40.5009829 ], [ 141.4213077, 40.4993043 ] ] } },
{ "type": "Feature", "properties": { "id": "0872e29233ffffff043ebf2ccb6645b0", "theme": "transportation", "type": "segment", "subtype": "rail", "class": null, "routes": null, "names": "{primary=東北新幹線, common={ja=東北新幹線}, rules=[{variant=common, language=en, value=Nasushiobara, between=[0.0, 0.184921643], side=null}, {variant=common, language=null, value=那須塩原, between=[0.0, 0.184921643], side=null}, {variant=common, language=en, value=Tohoku Shinkansen, between=[0.184921643, 1.0], side=null}, {variant=common, language=null, value=東北新幹線, between=[0.184921643, 1.0], side=null}]}", "connector_ids": "[08f2e292336aa5a0043ebfa535a9caf8, 08f2e2923328c795043fffc2360c6135]" }, "geometry": { "type": "LineString", "coordinates": [ [ 140.0230709, 36.9342001 ], [ 140.022422400000011, 36.9336469 ], [ 140.0218002, 36.9331067 ], [ 140.0215629, 36.932899 ], [ 140.020988, 36.9323204 ], [ 140.020623300000011, 36.9319492 ], [ 140.0204086, 36.9317394 ], [ 140.020099499999986, 36.9314038 ], [ 140.019629400000014, 36.9308554 ], [ 140.019217, 36.9303403 ], [ 140.0187331, 36.9297018 ], [ 140.0179972, 36.9287551 ], [ 140.0174273, 36.9279097 ], [ 140.0172598, 36.9276361 ] ] } },
{ "type": "Feature", "properties": { "id": "0872e29233ffffff043eff39c30c600c", "theme": "transportation", "type": "segment", "subtype": "rail", "class": null, "routes": null, "names": "{primary=東北新幹線, common={ja=東北新幹線}, rules=[{variant=common, language=en, value=Nasushiobara, between=[0.0, 0.299070806], side=null}, {variant=common, language=null, value=那須塩原, between=[0.0, 0.299070806], side=null}, {variant=common, language=en, value=Tohoku Shinkansen, between=[0.299070806, 1.0], side=null}, {variant=common, language=null, value=東北新幹線, between=[0.299070806, 1.0], side=null}]}", "connector_ids": "[08f2e29233696c0a047fffed22667d18, 08f2e292332e6d96047ffe983ea15c7c]" }, "geometry": { "type": "LineString", "coordinates": [ [ 140.024912199999989, 36.9357273 ], [ 140.024667099999988, 36.9355152 ], [ 140.023714500000011, 36.9346552 ], [ 140.023167300000011, 36.9341374 ], [ 140.0225442, 36.9335587 ], [ 140.021969500000012, 36.9329953 ], [ 140.021731, 36.9327696 ], [ 140.0211962, 36.9322269 ], [ 140.0206131, 36.9316276 ], [ 140.020303, 36.9312861 ], [ 140.019844, 36.9307692 ], [ 140.0194013, 36.9302454 ], [ 140.018698699999987, 36.9293713 ], [ 140.0180081, 36.9284772 ], [ 140.0175346, 36.9278318 ], [ 140.0173572, 36.9275915 ], [ 140.0163488, 36.9261752 ], [ 140.016185400000012, 36.9259332 ] ] } },
{ "type": "Feature", "properties": { "id": "0872e29233ffffff043fff2f4a7a0e72", "theme": "transportation", "type": "segment", "subtype": "rail", "class": null, "routes": null, "names": "{primary=東北新幹線, common={ja=東北新幹線}, rules=[{variant=common, language=en, value=Tohoku Shinkansen, between=[0.0, 0.815374561], side=null}, {variant=common, language=null, value=東北新幹線, between=[0.0, 0.815374561], side=null}, {variant=common, language=en, value=Nasushiobara, between=[0.815374561, 1.0], side=null}, {variant=common, language=null, value=那須塩原, between=[0.815374561, 1.0], side=null}]}", "connector_ids": "[08f2e2923328c795043fffc2360c6135, 08f2e292336aa5a0043ebfa535a9caf8]" }, "geometry": { "type": "LineString", "coordinates": [ [ 140.0172598, 36.9276361 ], [ 140.0174523, 36.9278891 ], [ 140.0180064, 36.9286394 ], [ 140.018651799999986, 36.9294635 ], [ 140.0193179, 36.9302835 ], [ 140.0197589, 36.9308143 ], [ 140.0202157, 36.9313515 ], [ 140.020519299999989, 36.93168 ], [ 140.0210966, 36.9322711 ], [ 140.0216552, 36.9328428 ], [ 140.0218782, 36.9330594 ], [ 140.0224675, 36.9336212 ], [ 140.0230709, 36.9342001 ] ] } },
{ "type": "Feature", "properties": { "id": "0872e29233ffffff043fff36ba9a5de4", "theme": "transportation", "type": "segment", "subtype": "rail", "class": null, "routes": null, "names": "{primary=東北新幹線, common={ja=東北新幹線}, rules=[{variant=common, language=en, value=Tohoku Shinkansen, between=[0.0, 0.701894398], side=null}, {variant=common, language=null, value=東北新幹線, between=[0.0, 0.701894398], side=null}, {variant=common, language=en, value=Nasushiobara, between=[0.701894398, 1.0], side=null}, {variant=common, language=null, value=那須塩原, between=[0.701894398, 1.0], side=null}]}", "connector_ids": "[08f2e292332e6d4a047fbe92aac7a6d9, 08f2e2923369652c047ebfec649473a6]" }, "geometry": { "type": "LineString", "coordinates": [ [ 140.0160426, 36.9258428 ], [ 140.0162056, 36.9260663 ], [ 140.0173127, 36.9276092 ], [ 140.017495700000012, 36.9278605 ], [ 140.0180054, 36.9285758 ], [ 140.018678599999987, 36.9294313 ], [ 140.0193582, 36.9302709 ], [ 140.019799799999987, 36.9307885 ], [ 140.020251699999989, 36.9313267 ], [ 140.020561500000014, 36.9316547 ], [ 140.0211449, 36.9322513 ], [ 140.0216867, 36.9328028 ], [ 140.0219199, 36.933026 ], [ 140.02251, 36.933589 ], [ 140.023123, 36.9341717 ], [ 140.0236726, 36.9346804 ], [ 140.024755699999986, 36.935672 ], [ 140.0248932, 36.9357952 ] ] } },
{ "type": "Feature", "properties": { "id": "0872e29233ffffff043fff3b14dd9862", "theme": "transportation", "type": "segment", "subtype": "rail", "class": null, "routes": null, "names": "{primary=東北新幹線, common={ja=東北新幹線}, rules=[{variant=common, language=en, value=Nasushiobara, between=[0.0, 0.298724089], side=null}, {variant=common, language=null, value=那須塩原, between=[0.0, 0.298724089], side=null}, {variant=common, language=en, value=Tohoku Shinkansen, between=[0.298724089, 1.0], side=null}, {variant=common, language=null, value=東北新幹線, between=[0.298724089, 1.0], side=null}]}", "connector_ids": "[08f2e29233696c0a047fffed22667d18, 08f2e2923369448b043fbfe547f97e4c, 08f2e292332e6d96047ffe983ea15c7c]" }, "geometry": { "type": "LineString", "coordinates": [ [ 140.024912199999989, 36.9357273 ], [ 140.0247111, 36.9355058 ], [ 140.0237802, 36.9346263 ], [ 140.0232115, 36.9341171 ], [ 140.0225826, 36.9335361 ], [ 140.02200830000001, 36.9329772 ], [ 140.0217715, 36.9327536 ], [ 140.0212415, 36.9322132 ], [ 140.0206641, 36.9316022 ], [ 140.020348500000011, 36.9312693 ], [ 140.0198829, 36.9307456 ], [ 140.0194434, 36.9302189 ], [ 140.0187215, 36.9293252 ], [ 140.0180081, 36.9283989 ], [ 140.017576100000014, 36.9278072 ], [ 140.0174005, 36.9275659 ], [ 140.016377799999987, 36.9261619 ], [ 140.016185400000012, 36.9259332 ] ] } },
{ "type": "Feature", "properties": { "id": "0872e2b455ffffff043f4fe363cbc961", "theme": "transportation", "type": "segment", "subtype": "rail", "class": null, "routes": null, "names": "{primary=東北新幹線, common={en=Tohoku Shinkansen, ja=東北新幹線}, rules=[{variant=common, language=null, value=東北新幹線, between=null, side=null}]}", "connector_ids": "[08f2e2b455ab1841047f6ab7bf6ef9e8, 08f2e2b45546d8db047fdf6c5b343095]" }, "geometry": { "type": "LineString", "coordinates": [ [ 140.8820671, 38.2571304 ], [ 140.882041500000014, 38.257336 ], [ 140.8819891, 38.2576015 ], [ 140.881937599999986, 38.25785 ], [ 140.881918, 38.2580536 ], [ 140.8819011, 38.2583648 ], [ 140.8819095, 38.2587178 ], [ 140.8819631, 38.259901 ], [ 140.881986, 38.2602556 ], [ 140.882008899999988, 38.2606419 ], [ 140.882058199999989, 38.260999 ], [ 140.8821299, 38.2613074 ], [ 140.882202299999989, 38.2616618 ], [ 140.8822786, 38.2619874 ], [ 140.882339300000012, 38.2622057 ], [ 140.88242790000001, 38.2624803 ], [ 140.8825034, 38.2627031 ], [ 140.8826096, 38.2629386 ], [ 140.882717899999989, 38.263179 ], [ 140.8828312, 38.2633849 ], [ 140.882935800000013, 38.2635483 ], [ 140.883041100000014, 38.2637003 ], [ 140.8831088, 38.263791 ], [ 140.8832371, 38.2639426 ], [ 140.883331700000014, 38.2640505 ], [ 140.883442, 38.2641782 ], [ 140.8835794, 38.2643233 ], [ 140.8838404, 38.2645714 ], [ 140.88414130000001, 38.2648024 ], [ 140.8843379, 38.2649308 ], [ 140.88453, 38.2650474 ], [ 140.8848117, 38.2652036 ], [ 140.8850372, 38.2653117 ], [ 140.8853153, 38.2654421 ], [ 140.8856872, 38.2656038 ], [ 140.8862224, 38.2658326 ], [ 140.8866907, 38.2660319 ] ] } },
{ "type": "Feature", "properties": { "id": "0872e2b455ffffff043f5ae65051bcda", "theme": "transportation", "type": "segment", "subtype": "rail", "class": null, "routes": null, "names": "{primary=東北新幹線, common={en=Tohoku Shinkansen, ja=東北新幹線}, rules=[{variant=common, language=null, value=東北新幹線, between=null, side=null}]}", "connector_ids": "[08f2e2b45546dd6d043fe37249381dbb, 08f2e2b455ab5258047f5abb5bffc2c8]" }, "geometry": { "type": "LineString", "coordinates": [ [ 140.8868425, 38.2660066 ], [ 140.8864501, 38.2658535 ], [ 140.8862591, 38.2657741 ], [ 140.8857175, 38.2655605 ], [ 140.8853466, 38.2653993 ], [ 140.8850697, 38.2652694 ], [ 140.8848463, 38.2651566 ], [ 140.8845771, 38.2650028 ], [ 140.8843925, 38.2648854 ], [ 140.8841984, 38.2647576 ], [ 140.883904, 38.2645317 ], [ 140.8836329, 38.2642892 ], [ 140.8834933, 38.2641496 ], [ 140.8833837, 38.2640226 ], [ 140.8832892, 38.2639149 ], [ 140.883162199999987, 38.2637648 ], [ 140.8830959, 38.263676 ], [ 140.8829916, 38.2635254 ], [ 140.8828882, 38.263364 ], [ 140.8827765, 38.263161 ], [ 140.8826689, 38.2629221 ], [ 140.8825636, 38.2626885 ], [ 140.88248870000001, 38.2624676 ], [ 140.8823961, 38.2621972 ], [ 140.882339699999989, 38.2619822 ], [ 140.882261199999988, 38.2616559 ], [ 140.882193, 38.2613056 ], [ 140.882125, 38.2609883 ], [ 140.8820782, 38.2606371 ], [ 140.8820136, 38.2598993 ], [ 140.8819619, 38.2587161 ], [ 140.8819557, 38.2583614 ], [ 140.88197, 38.2580594 ], [ 140.8820374, 38.2576089 ], [ 140.8820886, 38.2573409 ], [ 140.8821595, 38.2570008 ] ] } },
{ "type": "Feature", "properties": { "id": "0872e2b455ffffff043f7edfa6035cf2", "theme": "transportation", "type": "segment", "subtype": "rail", "class": null, "routes": null, "names": "{primary=東北新幹線, common={en=Tohoku Shinkansen, ja=東北新幹線}, rules=[{variant=common, language=null, value=東北新幹線, between=null, side=null}]}", "connector_ids": "[08f2e2b455ab1841047f6ab7bf6ef9e8, 08f2e2b45546d8db047fdf6c5b343095]" }, "geometry": { "type": "LineString", "coordinates": [ [ 140.8820671, 38.2571304 ], [ 140.882010400000013, 38.2573357 ], [ 140.881940899999989, 38.2575973 ], [ 140.8818753, 38.2578402 ], [ 140.8818321, 38.2580498 ], [ 140.881774799999988, 38.2583787 ], [ 140.8817632, 38.2587223 ], [ 140.88178, 38.2590337 ], [ 140.8818268, 38.2599031 ], [ 140.881875, 38.2606432 ], [ 140.8819174, 38.2610094 ], [ 140.8819618, 38.2613551 ], [ 140.8819993, 38.261535 ], [ 140.8820662, 38.2618075 ], [ 140.882123900000011, 38.2620312 ], [ 140.8821916, 38.2622591 ], [ 140.8822892, 38.2625174 ], [ 140.8823836, 38.2627381 ], [ 140.8824836, 38.2629731 ], [ 140.8826115, 38.2632276 ], [ 140.8827215, 38.2634264 ], [ 140.882818, 38.2635749 ], [ 140.8829001, 38.2636955 ], [ 140.8830048, 38.263834 ], [ 140.8831295, 38.2639892 ], [ 140.883224399999989, 38.2641015 ], [ 140.8833249, 38.2642183 ], [ 140.883490599999988, 38.2643821 ], [ 140.8837685, 38.2646254 ], [ 140.8840777, 38.2648613 ], [ 140.8842592, 38.2649815 ], [ 140.8844617, 38.2651101 ], [ 140.884755899999988, 38.2652693 ], [ 140.8849842, 38.2653793 ], [ 140.885267199999987, 38.2655015 ], [ 140.8856505, 38.2656556 ], [ 140.8858799, 38.2657384 ], [ 140.8861631, 38.2658399 ], [ 140.886405200000013, 38.2659305 ], [ 140.8866907, 38.2660319 ] ] } },
{ "type": "Feature", "properties": { "id": "0872e2b455ffffff043fcee9b7924ff3", "theme": "transportation", "type": "segment", "subtype": "rail", "class": null, "routes": null, "names": "{primary=東北新幹線, common={en=Tohoku Shinkansen, ja=東北新幹線}, rules=[{variant=common, language=null, value=東北新幹線, between=null, side=null}]}", "connector_ids": "[08f2e2b45546dd6d043fe37249381dbb, 08f2e2b455ab5258047f5abb5bffc2c8]" }, "geometry": { "type": "LineString", "coordinates": [ [ 140.8868425, 38.2660066 ], [ 140.8865066, 38.265855 ], [ 140.886232299999989, 38.2657329 ], [ 140.8857434, 38.2655111 ], [ 140.8853866, 38.2653447 ], [ 140.885111099999989, 38.2652156 ], [ 140.884897, 38.2651061 ], [ 140.8846313, 38.264952 ], [ 140.884448600000013, 38.264833 ], [ 140.884178, 38.2646387 ], [ 140.8839968, 38.2644843 ], [ 140.8837914, 38.2643098 ], [ 140.8836588, 38.2641866 ], [ 140.8835413, 38.2640606 ], [ 140.8834225, 38.2639193 ], [ 140.883319699999987, 38.2637783 ], [ 140.8831988, 38.2636316 ], [ 140.883097, 38.263489 ], [ 140.8829887, 38.2633311 ], [ 140.882878299999987, 38.2631302 ], [ 140.882764900000012, 38.2628975 ], [ 140.8826726, 38.2626641 ], [ 140.882592, 38.2624436 ], [ 140.8825075, 38.2621765 ], [ 140.8824519, 38.2619648 ], [ 140.8823739, 38.2616402 ], [ 140.882301, 38.2613026 ], [ 140.8822463, 38.2609607 ], [ 140.8822068, 38.2606179 ], [ 140.8821632, 38.2599011 ], [ 140.8821206, 38.2587112 ], [ 140.8820976, 38.2583675 ], [ 140.882081199999988, 38.257999 ], [ 140.8820974, 38.257624 ], [ 140.8821297, 38.2573431 ], [ 140.8821595, 38.2570008 ] ] } },
{ "type": "Feature", "properties": { "id": "0872e2bb6bffffff043ef7ca06f6ab50", "theme": "transportation", "type": "segment", "subtype": "rail", "class": null, "routes": null, "names": "{primary=東北新幹線, common={en=Tohoku Shinkansen, ja=東北新幹線}, rules=[{variant=common, language=null, value=東北新幹線, between=null, side=null}]}", "connector_ids": "[08f2e2bb6ba7232c047ff79388198917, 08f2e2bb6ba09301043fff98b726584a, 08f2e2bb6b3b216e047ffe03083a8895]" }, "geometry": { "type": "LineString", "coordinates": [ [ 140.38962, 37.4022519 ], [ 140.3897527, 37.4027131 ], [ 140.3899274, 37.40332 ], [ 140.390622900000011, 37.405649 ], [ 140.3912982, 37.4077977 ], [ 140.391646400000013, 37.4088794 ], [ 140.3922512, 37.4107195 ], [ 140.3924744, 37.4114054 ] ] } },
{ "type": "Feature", "properties": { "id": "0872e2bb6bffffff047ef7d76def6ae2", "theme": "transportation", "type": "segment", "subtype": "rail", "class": null, "routes": null, "names": "{primary=東北新幹線, common={en=Tohoku Shinkansen, ja=東北新幹線}, rules=[{variant=common, language=null, value=東北新幹線, between=null, side=null}]}", "connector_ids": "[08f2e2bb6b775528043efc22dcb6403f, 08f2e2bb6bae478a043ff7a6f11fbec3, 08f2e2bb6ba70a2a047eff8f9f6b2517]" }, "geometry": { "type": "LineString", "coordinates": [ [ 140.3932892, 37.4137452 ], [ 140.392295100000013, 37.4107108 ], [ 140.3916902, 37.4088705 ], [ 140.3913422, 37.4077892 ], [ 140.3906668, 37.4056402 ], [ 140.39011690000001, 37.4037989 ], [ 140.3899715, 37.4033122 ], [ 140.38951990000001, 37.4017211 ] ] } },
{ "type": "Feature", "properties": { "id": "0872e74da1ffffff043eee8fcf426f6a", "theme": "transportation", "type": "segment", "subtype": "rail", "class": null, "routes": null, "names": "{primary=東北新幹線, common={en=Tohoku Shinkansen, ja=東北新幹線}, rules=[{variant=common, language=null, value=東北新幹線, between=null, side=null}]}", "connector_ids": "[08f2e74da1448820043feeae8d1da6dc, 08f2e74da100c061043eed721be09ca5]" }, "geometry": { "type": "LineString", "coordinates": [ [ 139.8987917, 36.5616462 ], [ 139.8985956, 36.5608776 ], [ 139.8984297, 36.5602559 ], [ 139.8981986, 36.5593423 ], [ 139.8974763, 36.5563656 ], [ 139.8974188, 36.5560908 ], [ 139.897244300000011, 36.5553741 ] ] } },
{ "type": "Feature", "properties": { "id": "0872e74da1ffffff043efd91b45ed35f", "theme": "transportation", "type": "segment", "subtype": "rail", "class": null, "routes": null, "names": "{primary=東北新幹線, common={en=Tohoku Shinkansen, ja=東北新幹線}, rules=[{variant=common, language=null, value=東北新幹線, between=null, side=null}]}", "connector_ids": "[08f2e74da1448820043feeae8d1da6dc, 08f2e74da100c061043eed721be09ca5]" }, "geometry": { "type": "LineString", "coordinates": [ [ 139.8987917, 36.5616462 ], [ 139.8986448, 36.5608737 ], [ 139.8984787, 36.5602451 ], [ 139.8982574, 36.559336 ], [ 139.897607, 36.5566392 ], [ 139.89754, 36.556356 ], [ 139.897469199999989, 36.5560827 ], [ 139.897244300000011, 36.5553741 ] ] } },
{ "type": "Feature", "properties": { "id": "0872e74da1ffffff043fbc8df5999641", "theme": "transportation", "type": "segment", "subtype": "rail", "class": null, "routes": null, "names": "{primary=東北新幹線, common={en=Tohoku Shinkansen, ja=東北新幹線}, rules=[{variant=common, language=null, value=東北新幹線, between=null, side=null}]}", "connector_ids": "[08f2e74da100c333043ebe6ff2545a32, 08f2e74da1448876043feeacb9c3d6e1]" }, "geometry": { "type": "LineString", "coordinates": [ [ 139.897189, 36.5553818 ], [ 139.897373, 36.5560986 ], [ 139.8974366, 36.5563738 ], [ 139.897556, 36.5568879 ], [ 139.8981521, 36.5593481 ], [ 139.8983815, 36.5602571 ], [ 139.8985452, 36.5608853 ], [ 139.8987449, 36.5616486 ] ] } },
{ "type": "Feature", "properties": { "id": "0872e74da1ffffff043ffd8c8121ba44", "theme": "transportation", "type": "segment", "subtype": "rail", "class": null, "routes": null, "names": "{primary=東北新幹線, common={en=Tohoku Shinkansen, ja=東北新幹線}, rules=[{variant=common, language=null, value=東北新幹線, between=null, side=null}]}", "connector_ids": "[08f2e74da100c333043ebe6ff2545a32, 08f2e74da1448876043feeacb9c3d6e1]" }, "geometry": { "type": "LineString", "coordinates": [ [ 139.897189, 36.5553818 ], [ 139.897326, 36.5561066 ], [ 139.8973872, 36.5563784 ], [ 139.8974593, 36.55665 ], [ 139.8981115, 36.5593541 ], [ 139.89833440000001, 36.5602771 ], [ 139.898495200000013, 36.5608909 ], [ 139.8987449, 36.5616486 ] ] } },
{ "type": "Feature", "properties": { "id": "0872f5a219ffffff047eeb24a9776b7e", "theme": "transportation", "type": "segment", "subtype": "rail", "class": null, "routes": null, "names": "{primary=東北新幹線, common={en=Tohoku Shinkansen, ja=東北新幹線}, rules=[{variant=common, language=null, value=東北新幹線, between=null, side=null}]}", "connector_ids": "[08f2f5a219212214047ea1f64bec6b96, 08f2f5a219319cdb047f921964520f7b, 08f2f5a21930e5ad047ee32478cf33d1, 08f2f5a219af0408047fb355cbd3ceab]" }, "geometry": { "type": "LineString", "coordinates": [ [ 139.6188235, 35.9174816 ], [ 139.619036200000011, 35.9168416 ], [ 139.6191527, 35.9164973 ], [ 139.6192665, 35.9161548 ], [ 139.619394, 35.915799 ], [ 139.6195801, 35.9152051 ], [ 139.619722, 35.9148306 ], [ 139.620005600000013, 35.9141473 ], [ 139.620738100000011, 35.9121872 ], [ 139.6209686, 35.9115792 ], [ 139.6211769, 35.911055 ], [ 139.6212683, 35.9108401 ] ] } },
{ "type": "Feature", "properties": { "id": "0872f5a219ffffff047f9a25a759e66b", "theme": "transportation", "type": "segment", "subtype": "rail", "class": null, "routes": null, "names": "{primary=東北新幹線, common={en=Tohoku Shinkansen, ja=東北新幹線}, rules=[{variant=common, language=null, value=東北新幹線, between=null, side=null}]}", "connector_ids": "[08f2f5a219af044e047eb6535d23da6d, 08f2f5a21930e421047fff2288ee0fe4, 08f2f5a219319192047eeb1822b39e64, 08f2f5a219210021047f9df842b5e2cd]" }, "geometry": { "type": "LineString", "coordinates": [ [ 139.6212061, 35.9108276 ], [ 139.6211122, 35.9110535 ], [ 139.6209211, 35.9115603 ], [ 139.6206843, 35.9121778 ], [ 139.619956, 35.9141375 ], [ 139.6196898, 35.9148137 ], [ 139.619553700000012, 35.915181 ], [ 139.6194116, 35.91556 ], [ 139.619327, 35.9157871 ], [ 139.6191991, 35.9161339 ], [ 139.6190709, 35.9164764 ], [ 139.61894, 35.9168203 ], [ 139.618873799999989, 35.9169948 ] ] } },
{ "type": "Feature", "properties": { "id": "0872f5a328ffffff047eba3a1bd4e17c", "theme": "transportation", "type": "segment", "subtype": "rail", "class": null, "routes": null, "names": "{primary=東北新幹線, common={en=Tohoku Shinkansen, es=Tohoku Shinkansen, ja=東北新幹線}, rules=[{variant=common, language=null, value=東北新幹線, between=null, side=null}]}", "connector_ids": "[08f2f5a328c5eb30047efe00c89e46d7, 08f2f5a3285320c5047ffe8004154a30]" }, "geometry": { "type": "LineString", "coordinates": [ [ 139.7763784, 35.7112428 ], [ 139.7766111, 35.7120024 ], [ 139.7766784, 35.7122193 ], [ 139.776758699999988, 35.7124119 ], [ 139.7768596, 35.7126303 ], [ 139.7769816, 35.7128733 ], [ 139.777057, 35.7130007 ], [ 139.7771324, 35.7131302 ], [ 139.777303499999988, 35.7133886 ], [ 139.7778468, 35.7141885 ], [ 139.778295500000013, 35.7148418 ], [ 139.7784615, 35.7150735 ], [ 139.778686099999987, 35.7153643 ], [ 139.7790817, 35.7158749 ], [ 139.7792024, 35.716037 ], [ 139.779452600000013, 35.7164023 ], [ 139.7796356, 35.7166958 ] ] } },
{ "type": "Feature", "properties": { "id": "0872f5a328ffffff047fbb446aab3f44", "theme": "transportation", "type": "segment", "subtype": "rail", "class": null, "routes": null, "names": "{primary=東北新幹線, common={en=Tohoku Shinkansen, es=Tohoku Shinkansen, ja=東北新幹線}, rules=[{variant=common, language=null, value=東北新幹線, between=null, side=null}]}", "connector_ids": "[08f2f5a32853201c047e9b825a421b62, 08f2f5a328c5e860047ffb02e13da1b8]" }, "geometry": { "type": "LineString", "coordinates": [ [ 139.7796954, 35.7166721 ], [ 139.7795514, 35.7163764 ], [ 139.7794874, 35.7162403 ], [ 139.7794208, 35.7160912 ], [ 139.7792914, 35.715805 ], [ 139.7791546, 35.7155288 ], [ 139.779084399999988, 35.7153938 ], [ 139.7790092, 35.7152477 ], [ 139.7789278, 35.7151136 ], [ 139.7788477, 35.7149775 ], [ 139.7787619, 35.7148449 ], [ 139.7786476, 35.7146694 ], [ 139.7770558, 35.7123198 ], [ 139.7769695, 35.7121927 ], [ 139.776882699999987, 35.7120554 ], [ 139.7768001, 35.7119211 ], [ 139.7767212, 35.7117814 ], [ 139.776651500000014, 35.7116464 ], [ 139.7765742, 35.7115009 ], [ 139.7764321, 35.7112307 ] ] } },
{ "type": "Feature", "properties": { "id": "0872f5a32dffffff047edbaaab155ef4", "theme": "transportation", "type": "segment", "subtype": "rail", "class": null, "routes": null, "names": "{primary=東北新幹線, common={en=Tohoku Shinkansen, ru=Тохоку-синкансэн, ko=도호쿠 신칸센, es=Tohoku Shinkansen, ja=東北新幹線}, rules=[{variant=common, language=null, value=東北新幹線, between=null, side=null}]}", "connector_ids": "[08f2f5aade4b6934047fbe814645be7d, 08f2f5a32d8a9460047fbdcd9671a4e7]" }, "geometry": { "type": "LineString", "coordinates": [ [ 139.7665606, 35.678903 ], [ 139.7668242, 35.6794259 ], [ 139.76703710000001, 35.6799708 ], [ 139.76744020000001, 35.6810367 ], [ 139.767689499999989, 35.681696 ], [ 139.7678063, 35.6821598 ], [ 139.7678661, 35.6825676 ], [ 139.767917399999988, 35.6830233 ], [ 139.7679449, 35.6832077 ], [ 139.7679685, 35.6833482 ], [ 139.7680006, 35.6834779 ], [ 139.7680355, 35.6836009 ], [ 139.768076, 35.683723 ], [ 139.768117100000012, 35.6838375 ], [ 139.7681656, 35.6839757 ], [ 139.7683094, 35.6843767 ], [ 139.7685142, 35.6849581 ] ] } },
{ "type": "Feature", "properties": { "id": "0872f5a32dffffff047eddb208b4601e", "theme": "transportation", "type": "segment", "subtype": "rail", "class": null, "routes": null, "names": "{primary=東北新幹線, common={en=Tohoku Shinkansen, ru=Тохоку-синкансэн, ko=도호쿠 신칸센, es=Tohoku Shinkansen, ja=東北新幹線}, rules=[{variant=common, language=null, value=東北新幹線, between=null, side=null}]}", "connector_ids": "[08f2f5a32d8ab58e047ef8d6ac82c2f6, 08f2f5a32d96974b047e988379bae218]" }, "geometry": { "type": "LineString", "coordinates": [ [ 139.7687468, 35.685452 ], [ 139.7686304, 35.6851375 ], [ 139.7684224, 35.68453 ], [ 139.7683592, 35.6843634 ], [ 139.7682197, 35.6839659 ], [ 139.7681776, 35.6838301 ], [ 139.7681392, 35.6837109 ], [ 139.768103200000013, 35.6835871 ], [ 139.768081200000012, 35.683467 ], [ 139.768054400000011, 35.6833317 ], [ 139.768034199999988, 35.6832039 ], [ 139.7680131, 35.6830091 ], [ 139.7679542, 35.6821382 ], [ 139.767905899999988, 35.6818765 ], [ 139.7678569, 35.6816523 ], [ 139.7677932, 35.6814345 ], [ 139.7676303, 35.6809932 ], [ 139.7673743, 35.6802994 ], [ 139.7672191, 35.6799323 ], [ 139.7670769, 35.6796742 ], [ 139.76691550000001, 35.6794136 ], [ 139.7666169, 35.6788888 ] ] } },
{ "type": "Feature", "properties": { "id": "0872f5a32dffffff047edea4b13aaf4f", "theme": "transportation", "type": "segment", "subtype": "rail", "class": null, "routes": null, "names": "{primary=東北新幹線, common={en=Tohoku Shinkansen, ru=Тохоку-синкансэн, ko=도호쿠 신칸센, es=Tohoku Shinkansen, ja=東北新幹線}, rules=[{variant=common, language=null, value=東北新幹線, between=null, side=null}]}", "connector_ids": "[08f2f5a32d81ab59047fbec161045470, 08f2f5aade4b690e047f987f87602b8c]" }, "geometry": { "type": "LineString", "coordinates": [ [ 139.7682017, 35.6842406 ], [ 139.7681143, 35.6839916 ], [ 139.7680542, 35.6838509 ], [ 139.7680168, 35.6837308 ], [ 139.767973899999987, 35.6836118 ], [ 139.7679403, 35.683492 ], [ 139.767911, 35.6833534 ], [ 139.7678821, 35.6832131 ], [ 139.7678665, 35.6830489 ], [ 139.7678201, 35.6825711 ], [ 139.767763800000012, 35.6821689 ], [ 139.7676458, 35.6817082 ], [ 139.7673969, 35.6810509 ], [ 139.7669926, 35.6799832 ], [ 139.766777, 35.6794376 ], [ 139.7665159, 35.6789144 ] ] } },
{ "type": "Feature", "properties": { "id": "0872f5a32dffffff047ffc9f95528797", "theme": "transportation", "type": "segment", "subtype": "rail", "class": null, "routes": null, "names": "{primary=東北新幹線, common={en=Tohoku Shinkansen, ru=Тохоку-синкансэн, ko=도호쿠 신칸센, es=Tohoku Shinkansen, ja=東北新幹線}, rules=[{variant=common, language=null, value=東北新幹線, between=null, side=null}]}", "connector_ids": "[08f2f5aade4b6871047efd7c020ef295, 08f2f5a32d81ab59047fbec161045470]" }, "geometry": { "type": "LineString", "coordinates": [ [ 139.7664258, 35.6789365 ], [ 139.7666398, 35.6794916 ], [ 139.7668327, 35.6800226 ], [ 139.7672325, 35.6810889 ], [ 139.7674657, 35.6817652 ], [ 139.767586200000011, 35.6822037 ], [ 139.767662, 35.6825936 ], [ 139.7676844, 35.6827069 ], [ 139.7677512, 35.6830813 ], [ 139.7677851, 35.6832196 ], [ 139.7678302, 35.6833685 ], [ 139.7678733, 35.6835084 ], [ 139.76791750000001, 35.6836195 ], [ 139.7679722, 35.6837401 ], [ 139.7680195, 35.6838548 ], [ 139.768086899999986, 35.6839944 ], [ 139.7682017, 35.6842406 ] ] } },
{ "type": "Feature", "properties": { "id": "0872f5a6c0ffffff047ede9a05a88700", "theme": "transportation", "type": "segment", "subtype": "rail", "class": null, "routes": null, "names": "{primary=東北新幹線, common={en=Tohoku Shinkansen, ja=東北新幹線}, rules=[{variant=common, language=null, value=東北新幹線, between=null, side=null}]}", "connector_ids": "[08f2f5a6c0b9a24a047efe59a8d53e56, 08f2f5a6c0010485047ffedd30d9964d]" }, "geometry": { "type": "LineString", "coordinates": [ [ 139.804868, 36.3109624 ], [ 139.8050772, 36.3113822 ], [ 139.8053706, 36.3119124 ], [ 139.8060657, 36.3131079 ], [ 139.8074154, 36.3154169 ], [ 139.8077197, 36.3159328 ], [ 139.808235200000013, 36.3167222 ] ] } },
{ "type": "Feature", "properties": { "id": "0872f5a6c0ffffff047efe9a945b458b", "theme": "transportation", "type": "segment", "subtype": "rail", "class": null, "routes": null, "names": "{primary=東北新幹線, common={en=Tohoku Shinkansen, ja=東北新幹線}, rules=[{variant=common, language=null, value=東北新幹線, between=null, side=null}]}", "connector_ids": "[08f2f5a6c0012d5c047f9fe39ba7accf, 08f2f5a6c0b99424047fbf51ac2fe69d]" }, "geometry": { "type": "LineString", "coordinates": [ [ 139.8083995, 36.3169041 ], [ 139.8078076, 36.315911 ], [ 139.8075083, 36.3153868 ], [ 139.8061583, 36.3130754 ], [ 139.805457600000011, 36.311876 ], [ 139.8046636, 36.3105201 ] ] } },
{ "type": "Feature", "properties": { "id": "0872f5a6c0ffffff047f9f9b5adf8c31", "theme": "transportation", "type": "segment", "subtype": "rail", "class": null, "routes": null, "names": "{primary=東北新幹線, common={en=Tohoku Shinkansen, ja=東北新幹線}, rules=[{variant=common, language=null, value=東北新幹線, between=null, side=null}]}", "connector_ids": "[08f2f5a6c0b9a24a047efe59a8d53e56, 08f2f5a6c0010485047ffedd30d9964d]" }, "geometry": { "type": "LineString", "coordinates": [ [ 139.804868, 36.3109624 ], [ 139.805411600000014, 36.3118953 ], [ 139.80610870000001, 36.3130895 ], [ 139.8074614, 36.3154052 ], [ 139.808235200000013, 36.3167222 ] ] } },
{ "type": "Feature", "properties": { "id": "0872f5a6c0ffffff047ffea210fcb689", "theme": "transportation", "type": "segment", "subtype": "rail", "class": null, "routes": null, "names": "{primary=東北新幹線, common={en=Tohoku Shinkansen, ja=東北新幹線}, rules=[{variant=common, language=null, value=東北新幹線, between=null, side=null}]}", "connector_ids": "[08f2f5a6c0010850047e9ed9a866518c, 08f2f5a6c0169b4b047edf638ef6af1c]" }, "geometry": { "type": "LineString", "coordinates": [ [ 139.8081448, 36.3163792 ], [ 139.8076556, 36.3153184 ], [ 139.807344699999987, 36.3147264 ], [ 139.806328799999989, 36.313015 ], [ 139.8061457, 36.3127045 ], [ 139.8057541, 36.3120691 ], [ 139.80559, 36.3118277 ], [ 139.8051214, 36.3112005 ] ] } },
{ "type": "Feature", "properties": { "id": "0872f5a6c0ffffff047fff9e9e88d54d", "theme": "transportation", "type": "segment", "subtype": "rail", "class": null, "routes": null, "names": "{primary=東北新幹線, common={en=Tohoku Shinkansen, ja=東北新幹線}, rules=[{variant=common, language=null, value=東北新幹線, between=null, side=null}]}", "connector_ids": "[08f2f5a6c0010850047e9ed9a866518c, 08f2f5a6c0169b4b047edf638ef6af1c]" }, "geometry": { "type": "LineString", "coordinates": [ [ 139.8081448, 36.3163792 ], [ 139.807549200000011, 36.3153629 ], [ 139.8062091, 36.3130599 ], [ 139.805507, 36.3118574 ], [ 139.8051214, 36.3112005 ] ] } },
{ "type": "Feature", "properties": { "id": "0882e0c44c3fffff043f6714c63ca123", "theme": "transportation", "type": "segment", "subtype": "rail", "class": null, "routes": null, "names": "{primary=東北新幹線, common={en=Tohoku Shinkansen, ja=東北新幹線}, rules=[{variant=common, language=null, value=東北新幹線, between=null, side=null}]}", "connector_ids": "[08f2e0c44c2e4c96043f7f0a980d4102, 08f2e0c44c2f6b69043f671ef332f863]" }, "geometry": { "type": "LineString", "coordinates": [ [ 141.120117599999986, 39.2771102 ], [ 141.1202203, 39.2773331 ], [ 141.1206387, 39.2782436 ] ] } },
{ "type": "Feature", "properties": { "id": "0882e0c44c3fffff043fef0d68567a32", "theme": "transportation", "type": "segment", "subtype": "rail", "class": null, "routes": null, "names": "{primary=東北新幹線, common={en=Tohoku Shinkansen, ja=東北新幹線}, rules=[{variant=common, language=null, value=東北新幹線, between=null, side=null}]}", "connector_ids": "[08f2e0c44c2f40f3043f7f1ea34e5cae, 08f2e0c44c20952c047f7efc328141d7]" }, "geometry": { "type": "LineString", "coordinates": [ [ 141.1206307, 39.2780827 ], [ 141.1202672, 39.2773176 ], [ 141.119749, 39.2762234 ] ] } },
{ "type": "Feature", "properties": { "id": "0882e0c44c3fffff047fe7240f444825", "theme": "transportation", "type": "segment", "subtype": "rail", "class": null, "routes": null, "names": "{primary=東北新幹線, common={en=Tohoku Shinkansen, ja=東北新幹線}, rules=[{variant=common, language=null, value=東北新幹線, between=null, side=null}]}", "connector_ids": "[08f2e0c44c2f6b69043f671ef332f863, 08f2e0c44c28d00b047fef292aef9fa7]" }, "geometry": { "type": "LineString", "coordinates": [ [ 141.1206387, 39.2782436 ], [ 141.1209002, 39.2789225 ] ] } },
{ "type": "Feature", "properties": { "id": "0882e0e7901fffff043ff57ced859b68", "theme": "transportation", "type": "segment", "subtype": "rail", "class": null, "routes": null, "names": "{primary=東北新幹線, common={en=Tohoku Shinkansen, ja=東北新幹線}, rules=[{variant=common, language=null, value=東北新幹線, between=null, side=null}]}", "connector_ids": "[08f2e0e7900cd31a043f9582d7c9a9e7, 08f2e0e7903b05b3043fd57702cf4981]" }, "geometry": { "type": "LineString", "coordinates": [ [ 141.424661500000013, 40.5029509 ], [ 141.4243586, 40.5025605 ] ] } },
{ "type": "Feature", "properties": { "id": "0882e0e7901fffff043fff7f9391260b", "theme": "transportation", "type": "segment", "subtype": "rail", "class": null, "routes": null, "names": "{primary=東北新幹線, common={en=Tohoku Shinkansen, ja=東北新幹線}, rules=[{variant=common, language=null, value=東北新幹線, between=null, side=null}]}", "connector_ids": "[08f2e0e7900cd0f2043fb78824e67e3a, 08f2e0e7903b05b3043fd57702cf4981]" }, "geometry": { "type": "LineString", "coordinates": [ [ 141.4247972, 40.5030071 ], [ 141.4243586, 40.5025605 ] ] } },
{ "type": "Feature", "properties": { "id": "0882e0e7903fffff043fbd2a3c538b6a", "theme": "transportation", "type": "segment", "subtype": "rail", "class": null, "routes": null, "names": "{primary=東北新幹線, common={en=Tohoku Shinkansen, ja=東北新幹線}, rules=[{variant=common, language=null, value=東北新幹線, between=null, side=null}]}", "connector_ids": "[08f2e0e7903a52eb047fb53db3c93608, 08f2e0e79030210a043fd5156508593d]" }, "geometry": { "type": "LineString", "coordinates": [ [ 141.4228915, 40.5009829 ], [ 141.422642, 40.500625 ], [ 141.4222661, 40.5002206 ], [ 141.4220657, 40.5000023 ], [ 141.4218597, 40.4997841 ] ] } },
{ "type": "Feature", "properties": { "id": "0882e0ea039fffff043ff9048ea7bdfa", "theme": "transportation", "type": "segment", "subtype": "rail", "class": null, "routes": null, "names": "{primary=東北新幹線, common={en=Tohoku Shinkansen, ja=東北新幹線}, rules=[{variant=common, language=null, value=東北新幹線, between=null, side=null}]}", "connector_ids": "[08f2e0ea0390e98a043f7b2aeae10c56, 08f2e0ea03805c4c047febde6bc5dfe3]" }, "geometry": { "type": "LineString", "coordinates": [ [ 141.134052200000013, 39.703685 ], [ 141.1329983, 39.7045768 ], [ 141.1320939, 39.7053635 ] ] } },
{ "type": "Feature", "properties": { "id": "0882e0ea039fffff043fff13736a70b5", "theme": "transportation", "type": "segment", "subtype": "rail", "class": null, "routes": null, "names": "{primary=東北新幹線, common={en=Tohoku Shinkansen, ja=東北新幹線}, rules=[{variant=common, language=null, value=東北新幹線, between=null, side=null}]}", "connector_ids": "[08f2e0ea03820d43047ff9ff5a6c6320, 08f2e0ea0390e18e043ffb278c8c1269]" }, "geometry": { "type": "LineString", "coordinates": [ [ 141.132937, 39.7046937 ], [ 141.133966, 39.703829 ] ] } },
{ "type": "Feature", "properties": { "id": "0882e292333fffff047effaa14ddf16a", "theme": "transportation", "type": "segment", "subtype": "rail", "class": null, "routes": null, "names": "{primary=東北新幹線, common={en=Tohoku Shinkansen, ja=東北新幹線}, rules=[{variant=common, language=null, value=東北新幹線, between=null, side=null}]}", "connector_ids": "[08f2e292332e6d4a047fbe92aac7a6d9, 08f2e2923328c795043fffc2360c6135]" }, "geometry": { "type": "LineString", "coordinates": [ [ 140.0160426, 36.9258428 ], [ 140.0161761, 36.9260783 ], [ 140.0172598, 36.9276361 ] ] } },
{ "type": "Feature", "properties": { "id": "0882e297423fffff047ef9f99a6fd1eb", "theme": "transportation", "type": "segment", "subtype": "rail", "class": null, "routes": null, "names": "{primary=東北新幹線, common={en=Tohoku Shinkansen, ja=東北新幹線}, rules=[{variant=common, language=null, value=東北新幹線, between=null, side=null}]}", "connector_ids": "[08f2e2974234dcd3043ffda29af6f2e6, 08f2e2974238a568047fdd54fa8f5850]" }, "geometry": { "type": "LineString", "coordinates": [ [ 140.1868442, 37.1212221 ], [ 140.1871026, 37.1215587 ], [ 140.187761, 37.1223318 ], [ 140.1888839, 37.1234946 ], [ 140.1899041, 37.1245399 ], [ 140.190986400000014, 37.1255974 ], [ 140.191410600000012, 37.1259805 ] ] } },
{ "type": "Feature", "properties": { "id": "0882e297423fffff047efbfed6834dcf", "theme": "transportation", "type": "segment", "subtype": "rail", "class": null, "routes": null, "names": "{primary=東北新幹線, common={en=Tohoku Shinkansen, ja=東北新幹線}, rules=[{variant=common, language=null, value=東北新幹線, between=null, side=null}]}", "connector_ids": "[08f2e2974238acce047efd57263678f4, 08f2e2974234dca9043ef9a3fdc14d27]" }, "geometry": { "type": "LineString", "coordinates": [ [ 140.1914662, 37.1259564 ], [ 140.1911299, 37.1255696 ], [ 140.190089199999989, 37.1244276 ], [ 140.1890646, 37.1233877 ], [ 140.1879462, 37.1222313 ], [ 140.1872085, 37.1214859 ], [ 140.1868797, 37.1211937 ] ] } },
{ "type": "Feature", "properties": { "id": "0882e297423fffff047fdcfb6de10099", "theme": "transportation", "type": "segment", "subtype": "rail", "class": null, "routes": null, "names": "{primary=東北新幹線, common={en=Tohoku Shinkansen, ja=東北新幹線}, rules=[{variant=common, language=null, value=東北新幹線, between=null, side=null}]}", "connector_ids": "[08f2e2974234dcd3043ffda29af6f2e6, 08f2e2974238a568047fdd54fa8f5850]" }, "geometry": { "type": "LineString", "coordinates": [ [ 140.1868442, 37.1212221 ], [ 140.187138800000014, 37.1215244 ], [ 140.1878375, 37.1222965 ], [ 140.188954700000011, 37.1234491 ], [ 140.1899631, 37.1244843 ], [ 140.1910226, 37.1255878 ], [ 140.191410600000012, 37.1259805 ] ] } },
{ "type": "Feature", "properties": { "id": "0882e297423fffff047ffcfd7b7a2497", "theme": "transportation", "type": "segment", "subtype": "rail", "class": null, "routes": null, "names": "{primary=東北新幹線, common={en=Tohoku Shinkansen, ja=東北新幹線}, rules=[{variant=common, language=null, value=東北新幹線, between=null, side=null}]}", "connector_ids": "[08f2e2974238acce047efd57263678f4, 08f2e2974234dca9043ef9a3fdc14d27]" }, "geometry": { "type": "LineString", "coordinates": [ [ 140.1914662, 37.1259564 ], [ 140.19110040000001, 37.1255825 ], [ 140.1900221, 37.124449 ], [ 140.189014, 37.1234167 ], [ 140.1878978, 37.122273 ], [ 140.1871834, 37.1215037 ], [ 140.1868797, 37.1211937 ] ] } },
{ "type": "Feature", "properties": { "id": "0882e2b0e17fffff043f1f5c6144f700", "theme": "transportation", "type": "segment", "subtype": "rail", "class": null, "routes": null, "names": "{primary=東北新幹線, common={en=Tohoku Shinkansen, ja=東北新幹線}, rules=[{variant=common, language=null, value=東北新幹線, between=null, side=null}]}", "connector_ids": "[08f2e2b0e16edd85043f5f648c917c3c, 08f2e2b0e165e01d047fff5436c26cd2]" }, "geometry": { "type": "LineString", "coordinates": [ [ 140.6306429, 37.9923319 ], [ 140.6301201, 37.99176 ] ] } },
{ "type": "Feature", "properties": { "id": "0882e2b4555fffff047f77d18c6c048c", "theme": "transportation", "type": "segment", "subtype": "rail", "class": null, "routes": null, "names": "{primary=東北新幹線, common={en=Tohoku Shinkansen, ja=東北新幹線}, rules=[{variant=common, language=null, value=東北新幹線, between=null, side=null}]}", "connector_ids": "[08f2e2b455462968047fcbaf5338f9fa, 08f2e2b455429dae047fdff3c5543116]" }, "geometry": { "type": "LineString", "coordinates": [ [ 140.8884051, 38.2666699 ], [ 140.8901573, 38.2672543 ] ] } },
{ "type": "Feature", "properties": { "id": "0882e2b455bfffff043fdadeee930374", "theme": "transportation", "type": "segment", "subtype": "rail", "class": null, "routes": null, "names": "{primary=東北新幹線, common={en=Tohoku Shinkansen, ja=東北新幹線}, rules=[{variant=common, language=null, value=東北新幹線, between=null, side=null}]}", "connector_ids": "[08f2e2b455849500047fef1ec3b74fcd, 08f2e2b455ab1841047f6ab7bf6ef9e8]" }, "geometry": { "type": "LineString", "coordinates": [ [ 140.88470430000001, 38.253099 ], [ 140.884693199999987, 38.2531075 ], [ 140.884445, 38.253302 ], [ 140.884197, 38.2534941 ], [ 140.883948299999986, 38.2536891 ], [ 140.8836949, 38.2539008 ], [ 140.883471500000013, 38.2541044 ], [ 140.883390600000013, 38.2541856 ], [ 140.8833163, 38.2542602 ], [ 140.8831166, 38.254476 ], [ 140.8829938, 38.2546469 ], [ 140.8828689, 38.2548097 ], [ 140.8827408, 38.255012 ], [ 140.8826679, 38.2551314 ], [ 140.8826244, 38.255225 ], [ 140.882472, 38.2555342 ], [ 140.8824132, 38.2556813 ], [ 140.8823523, 38.2558756 ], [ 140.882270799999986, 38.2561745 ], [ 140.8822285, 38.2564072 ], [ 140.8820671, 38.2571304 ] ] } },
{ "type": "Feature", "properties": { "id": "0882e2b455bfffff043febe2089e3cc4", "theme": "transportation", "type": "segment", "subtype": "rail", "class": null, "routes": null, "names": "{primary=東北新幹線, common={en=Tohoku Shinkansen, ja=東北新幹線}, rules=[{variant=common, language=null, value=東北新幹線, between=null, side=null}]}", "connector_ids": "[08f2e2b455ab5258047f5abb5bffc2c8, 08f2e2b4558495a4047fdf206cac82ad]" }, "geometry": { "type": "LineString", "coordinates": [ [ 140.8821595, 38.2570008 ], [ 140.8822811, 38.2564134 ], [ 140.8823271, 38.2561823 ], [ 140.882408, 38.2558857 ], [ 140.8824682, 38.2556938 ], [ 140.8825232, 38.255544 ], [ 140.8826775, 38.2552418 ], [ 140.8827332, 38.2551398 ], [ 140.88279270000001, 38.2550309 ], [ 140.882919, 38.2548314 ], [ 140.8830427, 38.2546702 ], [ 140.8831592, 38.2545026 ], [ 140.88336240000001, 38.2542869 ], [ 140.88343660000001, 38.2542124 ], [ 140.8835158, 38.2541329 ], [ 140.8837374, 38.2539309 ], [ 140.8839894, 38.2537204 ], [ 140.8842373, 38.253526 ], [ 140.8844853, 38.2533338 ], [ 140.8847333, 38.2531395 ], [ 140.884746799999988, 38.2531292 ] ] } },
{ "type": "Feature", "properties": { "id": "0882e2ba895fffff047f5f1d495f07e8", "theme": "transportation", "type": "segment", "subtype": "rail", "class": null, "routes": null, "names": "{primary=東北新幹線, common=null, rules=[{variant=common, language=null, value=東北新幹線, between=null, side=null}]}", "connector_ids": "[08f2e2ba8959c9b6047ffe1be92be243, 08f2e2ba8b968322043fc21ea99e24ab]" }, "geometry": { "type": "LineString", "coordinates": [ [ 140.4586473, 37.7490686 ], [ 140.4587177, 37.7504704 ] ] } },
{ "type": "Feature", "properties": { "id": "0882e2ba8b9fffff043f261f887b559d", "theme": "transportation", "type": "segment", "subtype": "rail", "class": null, "routes": null, "names": "{primary=東北新幹線, common={en=Tohoku Shinkansen, ja=東北新幹線}, rules=[{variant=common, language=null, value=東北新幹線, between=null, side=null}]}", "connector_ids": "[08f2e2ba8b8d2169047f4a1fed8ab2b3, 08f2e2ba8b96bdad043f021ead501b0d]" }, "geometry": { "type": "LineString", "coordinates": [ [ 140.4587501, 37.7581386 ], [ 140.458753300000012, 37.7575249 ], [ 140.458752, 37.756271 ], [ 140.458742, 37.7544061 ], [ 140.458725500000014, 37.7525699 ], [ 140.4587299, 37.7516899 ], [ 140.4587181, 37.7508098 ] ] } },
{ "type": "Feature", "properties": { "id": "0882e2ba8b9fffff043f531d6f6b576f", "theme": "transportation", "type": "segment", "subtype": "rail", "class": null, "routes": null, "names": "{primary=東北新幹線, common={en=Tohoku Shinkansen, ja=東北新幹線}, rules=[{variant=common, language=null, value=東北新幹線, between=null, side=null}]}", "connector_ids": "[08f2e2ba8b96bc05043f3a1c50a33e1f, 08f2e2ba8b8d2a8c047f661d89292855]" }, "geometry": { "type": "LineString", "coordinates": [ [ 140.4586576, 37.7508152 ], [ 140.4586682, 37.7516877 ], [ 140.4586758, 37.752572 ], [ 140.458686199999988, 37.7544079 ], [ 140.458698199999986, 37.7562669 ], [ 140.4587117, 37.7575301 ], [ 140.4586889, 37.7581414 ] ] } },
{ "type": "Feature", "properties": { "id": "0882e2ba8b9fffff043f6a1b391a233c", "theme": "transportation", "type": "segment", "subtype": "rail", "class": null, "routes": null, "names": "{primary=東北新幹線, common={en=Tohoku Shinkansen, ja=東北新幹線}, rules=[{variant=common, language=null, value=東北新幹線, between=null, side=null}]}", "connector_ids": "[08f2e2ba8b94e384047fef1a4954763b, 08f2e2ba8b8d5c42043fe31c8e2d67af]" }, "geometry": { "type": "LineString", "coordinates": [ [ 140.4586057, 37.7517295 ], [ 140.458614899999986, 37.7525732 ], [ 140.458622600000012, 37.7544085 ], [ 140.4586467, 37.7562587 ], [ 140.458663800000011, 37.7573347 ] ] } },
{ "type": "Feature", "properties": { "id": "0882e2ba8b9fffff043f6e25c955b0b5", "theme": "transportation", "type": "segment", "subtype": "rail", "class": null, "routes": null, "names": "{primary=東北新幹線, common={en=Tohoku Shinkansen, ja=東北新幹線}, rules=[{variant=common, language=null, value=東北新幹線, between=null, side=null}]}", "connector_ids": "[08f2e2ba8b8f33b2043fab227a94298f, 08f2e2ba8b8f5368047fc72682500cda, 08f2e2ba8b94e111047f37215bdcb2df]" }, "geometry": { "type": "LineString", "coordinates": [ [ 140.4588154, 37.7570731 ], [ 140.458881, 37.7566604 ], [ 140.4589244, 37.7561505 ], [ 140.458931299999989, 37.7544081 ], [ 140.4588986, 37.7525599 ], [ 140.4587867, 37.7516855 ] ] } },
{ "type": "Feature", "properties": { "id": "0882e2ba8b9fffff043f732215bdab50", "theme": "transportation", "type": "segment", "subtype": "rail", "class": null, "routes": null, "names": "{primary=東北新幹線, common={en=Tohoku Shinkansen, ja=東北新幹線}, rules=[{variant=common, language=null, value=東北新幹線, between=null, side=null}]}", "connector_ids": "[08f2e2ba8b8f33b2043fab227a94298f, 08f2e2ba8b94e111047f37215bdcb2df]" }, "geometry": { "type": "LineString", "coordinates": [ [ 140.4588154, 37.7570731 ], [ 140.458816500000012, 37.7561553 ], [ 140.4588132, 37.7544089 ], [ 140.4587867, 37.7525651 ], [ 140.4587867, 37.7516855 ] ] } },
{ "type": "Feature", "properties": { "id": "0882e2bb697fffff043ef7418f887059", "theme": "transportation", "type": "segment", "subtype": "rail", "class": null, "routes": null, "names": "{primary=東北新幹線, common={en=Tohoku Shinkansen, ja=東北新幹線}, rules=[{variant=common, language=null, value=東北新幹線, between=null, side=null}]}", "connector_ids": "[08f2e2bb6970bcec043ff73ebdfa0766, 08f2e2bb69624494047ff74460b46d00]" }, "geometry": { "type": "LineString", "coordinates": [ [ 140.387449299999986, 37.3940178 ], [ 140.3875936, 37.3946704 ] ] } },
{ "type": "Feature", "properties": { "id": "0882e2bb697fffff043ff73e8782e117", "theme": "transportation", "type": "segment", "subtype": "rail", "class": null, "routes": null, "names": "{primary=東北新幹線, common={en=Tohoku Shinkansen, ja=東北新幹線}, rules=[{variant=common, language=null, value=東北新幹線, between=null, side=null}]}", "connector_ids": "[08f2e2bb69626886047eff47eb7da97a, 08f2e2bb69770d92047fff35407c8955]" }, "geometry": { "type": "LineString", "coordinates": [ [ 140.387684299999989, 37.3947963 ], [ 140.3874994, 37.3940112 ], [ 140.3872064, 37.3927338 ] ] } },
{ "type": "Feature", "properties": { "id": "0882f5a20a5fffff043eef0aa96f7cf1", "theme": "transportation", "type": "segment", "subtype": "rail", "class": null, "routes": null, "names": "{primary=東北新幹線, common={en=Tohoku Shinkansen, ja=東北新幹線}, rules=[{variant=common, language=null, value=東北新幹線, between=null, side=null}]}", "connector_ids": "[08f2f5a20a4055aa047fab2a8b339d55, 08f2f5a20a41d934047edb135fd7c6f0, 08f2f5a20a4f52c6043fcfeb86622670]" }, "geometry": { "type": "LineString", "coordinates": [ [ 139.6267147, 35.9008042 ], [ 139.6264568, 35.9011326 ], [ 139.6262515, 35.9013663 ], [ 139.626121500000011, 35.9015131 ], [ 139.625828899999988, 35.9019045 ], [ 139.6256228, 35.9021618 ], [ 139.62542160000001, 35.9024284 ], [ 139.6251014, 35.9028557 ] ] } },
{ "type": "Feature", "properties": { "id": "0882f5a20a5fffff043ff7f34f988be0", "theme": "transportation", "type": "segment", "subtype": "rail", "class": null, "routes": null, "names": "{primary=東北新幹線, common={en=Tohoku Shinkansen, ja=東北新幹線}, rules=[{variant=common, language=null, value=東北新幹線, between=null, side=null}]}", "connector_ids": "[08f2f5a20a4f52c6043fcfeb86622670, 08f2f5a20a419681043f9ffb1710729e]" }, "geometry": { "type": "LineString", "coordinates": [ [ 139.6251014, 35.9028557 ], [ 139.625393, 35.9024123 ], [ 139.6254999, 35.9022493 ] ] } },
{ "type": "Feature", "properties": { "id": "0882f5a219bfffff043ec2654b0586fa", "theme": "transportation", "type": "segment", "subtype": "rail", "class": null, "routes": null, "names": "{primary=東北新幹線, common={en=Tohoku Shinkansen, ja=東北新幹線}, rules=[{variant=common, language=null, value=東北新幹線, between=null, side=null}]}", "connector_ids": "[08f2f5a219af4b86047ee3602be1579c, 08f2f5a219a1801a043f926a44c74252]" }, "geometry": { "type": "LineString", "coordinates": [ [ 139.6215339, 35.9102563 ], [ 139.6217446, 35.9097801 ], [ 139.6217924, 35.9096592 ] ] } },
{ "type": "Feature", "properties": { "id": "0882f5a219bfffff043fbb61b738d31c", "theme": "transportation", "type": "segment", "subtype": "rail", "class": null, "routes": null, "names": "{primary=東北新幹線, common={en=Tohoku Shinkansen, ja=東北新幹線}, rules=[{variant=common, language=null, value=東北新幹線, between=null, side=null}]}", "connector_ids": "[08f2f5a219a18aac043fd367134058f9, 08f2f5a219af4a0c047f9f5c5bd25775]" }, "geometry": { "type": "LineString", "coordinates": [ [ 139.6217107, 35.9095251 ], [ 139.6216238, 35.9097505 ], [ 139.6214363, 35.9102367 ] ] } },
{ "type": "Feature", "properties": { "id": "0882f5a219bfffff047e9f86943e4d7c", "theme": "transportation", "type": "segment", "subtype": "rail", "class": null, "routes": null, "names": "{primary=東北新幹線, common={en=Tohoku Shinkansen, ja=東北新幹線}, rules=[{variant=common, language=null, value=東北新幹線, between=null, side=null}]}", "connector_ids": "[08f2f5a219b09805043fdfa233497d7b, 08f2f5a219a1801a043f926a44c74252]" }, "geometry": { "type": "LineString", "coordinates": [ [ 139.6232243, 35.9061471 ], [ 139.6230349, 35.9066529 ], [ 139.6226217, 35.9077045 ], [ 139.6224335, 35.9081416 ], [ 139.6223152, 35.9084046 ], [ 139.6221998, 35.9086503 ], [ 139.6220606, 35.9089515 ], [ 139.6219491, 35.9092456 ], [ 139.6217924, 35.9096592 ] ] } },
{ "type": "Feature", "properties": { "id": "0882f5a32d9fffff047fbec7837594f5", "theme": "transportation", "type": "segment", "subtype": "rail", "class": null, "routes": null, "names": "{primary=東北新幹線, common={en=Tohoku Shinkansen, ru=Тохоку-синкансэн, ko=도호쿠 신칸센, es=Tohoku Shinkansen, ja=東北新幹線}, rules=[{variant=common, language=null, value=東北新幹線, between=null, side=null}]}", "connector_ids": "[08f2f5a32d81ab59047fbec161045470, 08f2f5a32d8a9460047fbdcd9671a4e7]" }, "geometry": { "type": "LineString", "coordinates": [ [ 139.7682017, 35.6842406 ], [ 139.7682667, 35.684386 ], [ 139.7685142, 35.6849581 ] ] } },
{ "type": "Feature", "properties": { "id": "0882f5a6c0bfffff047eff5a9d3cf0a2", "theme": "transportation", "type": "segment", "subtype": "rail", "class": null, "routes": null, "names": "{primary=東北新幹線, common={en=Tohoku Shinkansen, ja=東北新幹線}, rules=[{variant=common, language=null, value=東北新幹線, between=null, side=null}]}", "connector_ids": "[08f2f5a6c0169b4b047edf638ef6af1c, 08f2f5a6c0b99424047fbf51ac2fe69d]" }, "geometry": { "type": "LineString", "coordinates": [ [ 139.8051214, 36.3112005 ], [ 139.8046636, 36.3105201 ] ] } },
{ "type": "Feature", "properties": { "id": "0892e0a1841bffff043fe5f577cf4415", "theme": "transportation", "type": "segment", "subtype": "rail", "class": null, "routes": null, "names": "{primary=東北新幹線, common={en=Tohoku Shinkansen, ja=東北新幹線}, rules=[{variant=common, language=null, value=東北新幹線, between=null, side=null}]}", "connector_ids": "[08f2e0a18418139d043f2df614fb35a0, 08f2e0a1841aa725043fbdf56c639ca9, 08f2e0a1841a84f4043f77f4dbcb02ec]" }, "geometry": { "type": "LineString", "coordinates": [ [ 140.693608399999988, 40.8245805 ], [ 140.6935916, 40.8241849 ], [ 140.6935771, 40.8238418 ] ] } },
{ "type": "Feature", "properties": { "id": "0892e0a1841bffff043feff54e6bc1b8", "theme": "transportation", "type": "segment", "subtype": "rail", "class": null, "routes": null, "names": "{primary=東北新幹線, common={en=Tohoku Shinkansen, ja=東北新幹線}, rules=[{variant=common, language=null, value=東北新幹線, between=null, side=null}]}", "connector_ids": "[08f2e0a1841a84a5043f67f6e1cb3374, 08f2e0a1841aa725043fbdf56c639ca9, 08f2e0a1841812ad043f3df3bbae5253]" }, "geometry": { "type": "LineString", "coordinates": [ [ 140.6936289, 40.8238438 ], [ 140.6935916, 40.8241849 ], [ 140.6935483, 40.8245816 ] ] } },
{ "type": "Feature", "properties": { "id": "0892e0c44c23ffff047fef0365a42e79", "theme": "transportation", "type": "segment", "subtype": "rail", "class": null, "routes": null, "names": "{primary=東北新幹線, common={en=Tohoku Shinkansen, ja=東北新幹線}, rules=[{variant=common, language=null, value=東北新幹線, between=null, side=null}]}", "connector_ids": "[08f2e0c44c2e4c96043f7f0a980d4102, 08f2e0c44c20952c047f7efc328141d7]" }, "geometry": { "type": "LineString", "coordinates": [ [ 141.120117599999986, 39.2771102 ], [ 141.119749, 39.2762234 ] ] } },
{ "type": "Feature", "properties": { "id": "0892e0c44c6fffff047f6fc101d32ac4", "theme": "transportation", "type": "segment", "subtype": "rail", "class": null, "routes": null, "names": "{primary=東北新幹線, common={en=Tohoku Shinkansen, ja=東北新幹線}, rules=[{variant=common, language=null, value=東北新幹線, between=null, side=null}]}", "connector_ids": "[08f2e0c44c6c01ab047f7fb5ad83d6ac, 08f2e0c44c6d56b4047f77cc5490640d]" }, "geometry": { "type": "LineString", "coordinates": [ [ 141.1244973, 39.2854332 ], [ 141.1250772, 39.2861975 ] ] } },
{ "type": "Feature", "properties": { "id": "0892e0ea003bffff043feb1e84b5aabb", "theme": "transportation", "type": "segment", "subtype": "rail", "class": null, "routes": null, "names": "{primary=東北新幹線, common={en=Tohoku Shinkansen, ja=東北新幹線}, rules=[{variant=common, language=null, value=東北新幹線, between=null, side=null}]}", "connector_ids": "[08f2e0ea003ae82b047fef135601c9dc, 08f2e0ea003a5a0e043fff29b1a3a1e0]" }, "geometry": { "type": "LineString", "coordinates": [ [ 141.1400022, 39.6981423 ], [ 141.140574500000014, 39.6975319 ] ] } },
{ "type": "Feature", "properties": { "id": "0892e0ea003bffff043ffe1cb947c757", "theme": "transportation", "type": "segment", "subtype": "rail", "class": null, "routes": null, "names": "{primary=東北新幹線, common={en=Tohoku Shinkansen, ja=東北新幹線}, rules=[{variant=common, language=null, value=東北新幹線, between=null, side=null}]}", "connector_ids": "[08f2e0ea003a5a71043f6e28181d0f0c, 08f2e0ea003ae863047fef115a378df8]" }, "geometry": { "type": "LineString", "coordinates": [ [ 141.1405336, 39.6975118 ], [ 141.1399514, 39.6981165 ] ] } },
{ "type": "Feature", "properties": { "id": "0892e0ea003bffff047fee0133233865", "theme": "transportation", "type": "segment", "subtype": "rail", "class": null, "routes": null, "names": "{primary=東北新幹線, common={en=Tohoku Shinkansen, ja=東北新幹線}, rules=[{variant=common, language=null, value=東北新幹線, between=null, side=null}]}", "connector_ids": "[08f2e0ea003ae863047fef115a378df8, 08f2e0ea0038c0f1047f69f114d57a79]" }, "geometry": { "type": "LineString", "coordinates": [ [ 141.1399514, 39.6981165 ], [ 141.1397885, 39.6982852 ], [ 141.1391252, 39.6989793 ] ] } },
{ "type": "Feature", "properties": { "id": "0892e0ea003bffff047ffb03280b5c20", "theme": "transportation", "type": "segment", "subtype": "rail", "class": null, "routes": null, "names": "{primary=東北新幹線, common={en=Tohoku Shinkansen, ja=東北新幹線}, rules=[{variant=common, language=null, value=東北新幹線, between=null, side=null}]}", "connector_ids": "[08f2e0ea0038c083047f79f2e7b0628c, 08f2e0ea003ae82b047fef135601c9dc]" }, "geometry": { "type": "LineString", "coordinates": [ [ 141.1391719, 39.6990065 ], [ 141.139846799999987, 39.6983077 ], [ 141.1400022, 39.6981423 ] ] } },
{ "type": "Feature", "properties": { "id": "0892e0ea0383ffff047f6cbfe21c5343", "theme": "transportation", "type": "segment", "subtype": "rail", "class": null, "routes": null, "names": "{primary=東北新幹線, common={en=Tohoku Shinkansen, ja=東北新幹線}, rules=[{variant=common, language=null, value=東北新幹線, between=null, side=null}]}", "connector_ids": "[08f2e0ea0380a55d043ff9b0261bcb69, 08f2e0ea03801c5d047ffecf9d6a2fc5]" }, "geometry": { "type": "LineString", "coordinates": [ [ 141.1309094, 39.7064345 ], [ 141.1317149, 39.7056958 ] ] } },
{ "type": "Feature", "properties": { "id": "0892e0ea0383ffff047f7ac7c873b36e", "theme": "transportation", "type": "segment", "subtype": "rail", "class": null, "routes": null, "names": "{primary=東北新幹線, common={en=Tohoku Shinkansen, ja=東北新幹線}, rules=[{variant=common, language=null, value=東北新幹線, between=null, side=null}]}", "connector_ids": "[08f2e0ea03805c4c047febde6bc5dfe3, 08f2e0ea03801c5d047ffecf9d6a2fc5, 08f2e0ea0380a1b5043f6fb0f37904c3]" }, "geometry": { "type": "LineString", "coordinates": [ [ 141.1320939, 39.7053635 ], [ 141.131806899999987, 39.7056149 ], [ 141.1317149, 39.7056958 ], [ 141.130929900000012, 39.7063527 ] ] } },
{ "type": "Feature", "properties": { "id": "0892e0ea0383ffff047feeeee3480c0e", "theme": "transportation", "type": "segment", "subtype": "rail", "class": null, "routes": null, "names": "{primary=東北新幹線, common={en=Tohoku Shinkansen, ja=東北新幹線}, rules=[{variant=common, language=null, value=東北新幹線, between=null, side=null}]}", "connector_ids": "[08f2e0ea03820d43047ff9ff5a6c6320, 08f2e0ea03805c4c047febde6bc5dfe3]" }, "geometry": { "type": "LineString", "coordinates": [ [ 141.132937, 39.7046937 ], [ 141.1320939, 39.7053635 ] ] } },
{ "type": "Feature", "properties": { "id": "0892e2b0e167ffff047fde2b407e1b8c", "theme": "transportation", "type": "segment", "subtype": "rail", "class": null, "routes": null, "names": "{primary=東北新幹線, common={en=Tohoku Shinkansen, ja=東北新幹線}, rules=[{variant=common, language=null, value=東北新幹線, between=null, side=null}]}", "connector_ids": "[08f2e2b0e165d84c047fdd3b9a10cf9e, 08f2e2b0e164daa6043fdf1ae572dc31]" }, "geometry": { "type": "LineString", "coordinates": [ [ 140.629852199999988, 37.9914457 ], [ 140.629014899999987, 37.9905243 ] ] } },
{ "type": "Feature", "properties": { "id": "0892e2b0e3a7ffff047f5f2d83a40a05", "theme": "transportation", "type": "segment", "subtype": "rail", "class": null, "routes": null, "names": "{primary=東北新幹線, common={en=Tohoku Shinkansen, ja=東北新幹線}, rules=[{variant=common, language=null, value=東北新幹線, between=null, side=null}]}", "connector_ids": "[08f2e2b0e3a43099047f7f1ddb02c54b, 08f2e2b0e3a5346d043f3d3d2bac12e3]" }, "geometry": { "type": "LineString", "coordinates": [ [ 140.6356443, 37.9983482 ], [ 140.6363493, 37.9992419 ], [ 140.636445900000012, 37.9993644 ] ] } },
{ "type": "Feature", "properties": { "id": "0892e2b45543ffff047fe718b98f47b8", "theme": "transportation", "type": "segment", "subtype": "rail", "class": null, "routes": null, "names": "{primary=東北新幹線, common={en=Tohoku Shinkansen, ja=東北新幹線}, rules=[{variant=common, language=null, value=東北新幹線, between=null, side=null}]}", "connector_ids": "[08f2e2b455428155047feffced9b9bbe, 08f2e2b455422608043fdd34841ae33e]" }, "geometry": { "type": "LineString", "coordinates": [ [ 140.8903917, 38.2673389 ], [ 140.8918148, 38.2679001 ] ] } },
{ "type": "Feature", "properties": { "id": "0892e2b45587ffff043f4b337f868771", "theme": "transportation", "type": "segment", "subtype": "rail", "class": null, "routes": null, "names": "{primary=東北新幹線, common={en=Tohoku Shinkansen, ja=東北新幹線}, rules=[{variant=common, language=null, value=東北新幹線, between=null, side=null}]}", "connector_ids": "[08f2e2b4558495a4047fdf206cac82ad, 08f2e2b45586aaa1043fef468bf8a929]" }, "geometry": { "type": "LineString", "coordinates": [ [ 140.884746799999988, 38.2531292 ], [ 140.8850803, 38.2528746 ], [ 140.8855522, 38.2525142 ], [ 140.8857227, 38.2523822 ] ] } },
{ "type": "Feature", "properties": { "id": "0892e2b45587ffff043f5f31d59f5335", "theme": "transportation", "type": "segment", "subtype": "rail", "class": null, "routes": null, "names": "{primary=東北新幹線, common={en=Tohoku Shinkansen, ja=東北新幹線}, rules=[{variant=common, language=null, value=東北新幹線, between=null, side=null}]}", "connector_ids": "[08f2e2b45586aa1d043fc344df33a1cc, 08f2e2b455849500047fef1ec3b74fcd]" }, "geometry": { "type": "LineString", "coordinates": [ [ 140.885679900000014, 38.2523523 ], [ 140.8855122, 38.2524821 ], [ 140.885037399999987, 38.2528447 ], [ 140.88470430000001, 38.253099 ] ] } },
{ "type": "Feature", "properties": { "id": "0892e2b45587ffff043fef32a769ab7e", "theme": "transportation", "type": "segment", "subtype": "rail", "class": null, "routes": null, "names": "{primary=東北新幹線, common={en=Tohoku Shinkansen, ja=東北新幹線}, rules=[{variant=common, language=null, value=東北新幹線, between=null, side=null}]}", "connector_ids": "[08f2e2b45586aaa1043fef468bf8a929, 08f2e2b45584c345043fef32a62925b5, 08f2e2b455849500047fef1ec3b74fcd]" }, "geometry": { "type": "LineString", "coordinates": [ [ 140.8857227, 38.2523822 ], [ 140.8852134, 38.2527407 ], [ 140.8850529, 38.2528536 ], [ 140.88470430000001, 38.253099 ] ] } },
{ "type": "Feature", "properties": { "id": "0892e2b45587ffff043ff332a67ad3df", "theme": "transportation", "type": "segment", "subtype": "rail", "class": null, "routes": null, "names": "{primary=東北新幹線, common={en=Tohoku Shinkansen, ja=東北新幹線}, rules=[{variant=common, language=null, value=東北新幹線, between=null, side=null}]}", "connector_ids": "[08f2e2b4558495a4047fdf206cac82ad, 08f2e2b45584c345043fef32a62925b5, 08f2e2b45586aa1d043fc344df33a1cc]" }, "geometry": { "type": "LineString", "coordinates": [ [ 140.884746799999988, 38.2531292 ], [ 140.8850669, 38.2528627 ], [ 140.8852134, 38.2527407 ], [ 140.885679900000014, 38.2523523 ] ] } },
{ "type": "Feature", "properties": { "id": "0892e2ba895bffff043f5f1d32609ea8", "theme": "transportation", "type": "segment", "subtype": "rail", "class": null, "routes": null, "names": "{primary=東北新幹線, common=null, rules=[{variant=common, language=null, value=東北新幹線, between=null, side=null}]}", "connector_ids": "[08f2e2ba89582224047f4f1bdd1d55b0, 08f2e2ba895a3343043f6e1e874fd24f]" }, "geometry": { "type": "LineString", "coordinates": [ [ 140.45864610000001, 37.7488719 ], [ 140.4587143, 37.7476462 ] ] } },
{ "type": "Feature", "properties": { "id": "0892e2ba8b13ffff047f121eb9ced693", "theme": "transportation", "type": "segment", "subtype": "rail", "class": null, "routes": null, "names": "{primary=東北新幹線, common=null, rules=[{variant=common, language=null, value=東北新幹線, between=null, side=null}]}", "connector_ids": "[08f2e2ba8b123249047fb21fdc9b2af7, 08f2e2ba8b8d2761047f6f1d96d35e5f]" }, "geometry": { "type": "LineString", "coordinates": [ [ 140.4587484, 37.7590962 ], [ 140.4586902, 37.7582957 ] ] } },
{ "type": "Feature", "properties": { "id": "0892e2ba8b8fffff043f0e1ae1ac14fc", "theme": "transportation", "type": "segment", "subtype": "rail", "class": null, "routes": null, "names": "{primary=東北新幹線, common={en=Tohoku Shinkansen, ja=東北新幹線}, rules=[{variant=common, language=null, value=東北新幹線, between=null, side=null}]}", "connector_ids": "[08f2e2ba8b8f128a043f3a1934995390, 08f2e2ba8b8d5c42043fe31c8e2d67af]" }, "geometry": { "type": "LineString", "coordinates": [ [ 140.458578, 37.7566776 ], [ 140.458663800000011, 37.7573347 ] ] } },
{ "type": "Feature", "properties": { "id": "0892e2ba8b8fffff043f7f21651b551c", "theme": "transportation", "type": "segment", "subtype": "rail", "class": null, "routes": null, "names": "{primary=東北新幹線, common={en=Tohoku Shinkansen, ja=東北新幹線}, rules=[{variant=common, language=null, value=東北新幹線, between=null, side=null}]}", "connector_ids": "[08f2e2ba8b8d2169047f4a1fed8ab2b3, 08f2e2ba8b8f33b2043fab227a94298f]" }, "geometry": { "type": "LineString", "coordinates": [ [ 140.4587501, 37.7581386 ], [ 140.458797, 37.7575345 ], [ 140.4588154, 37.7570731 ] ] } },
{ "type": "Feature", "properties": { "id": "0892e2ba8b97ffff043f1f20045414f0", "theme": "transportation", "type": "segment", "subtype": "rail", "class": null, "routes": null, "names": "{primary=東北新幹線, common={en=Tohoku Shinkansen, ja=東北新幹線}, rules=[{variant=common, language=null, value=東北新幹線, between=null, side=null}]}", "connector_ids": "[08f2e2ba8b94e111047f37215bdcb2df, 08f2e2ba8b96bdad043f021ead501b0d]" }, "geometry": { "type": "LineString", "coordinates": [ [ 140.4587867, 37.7516855 ], [ 140.4587181, 37.7508098 ] ] } },
{ "type": "Feature", "properties": { "id": "0892e2bb6963ffff047ef745f1d57525", "theme": "transportation", "type": "segment", "subtype": "rail", "class": null, "routes": null, "names": "{primary=東北新幹線, common={en=Tohoku Shinkansen, ja=東北新幹線}, rules=[{variant=common, language=null, value=東北新幹線, between=null, side=null}]}", "connector_ids": "[08f2e2bb69624494047ff74460b46d00, 08f2e2bb6963516c047fff4782ee540d]" }, "geometry": { "type": "LineString", "coordinates": [ [ 140.3875936, 37.3946704 ], [ 140.387673799999988, 37.3952379 ] ] } },
{ "type": "Feature", "properties": { "id": "0892f5a21933ffff047f8b1df6f13f54", "theme": "transportation", "type": "segment", "subtype": "rail", "class": null, "routes": null, "names": "{primary=東北新幹線, common={en=Tohoku Shinkansen, ja=東北新幹線}, rules=[{variant=common, language=null, value=東北新幹線, between=null, side=null}]}", "connector_ids": "[08f2f5a21930e421047fff2288ee0fe4, 08f2f5a21931d294047f8b1d49bfef43, 08f2f5a219319cdb047f921964520f7b]" }, "geometry": { "type": "LineString", "coordinates": [ [ 139.619956, 35.9141375 ], [ 139.619821699999989, 35.9145353 ], [ 139.619722, 35.9148306 ] ] } },
{ "type": "Feature", "properties": { "id": "0892f5a21933ffff047fe71e4d47114c", "theme": "transportation", "type": "segment", "subtype": "rail", "class": null, "routes": null, "names": "{primary=東北新幹線, common={en=Tohoku Shinkansen, ja=東北新幹線}, rules=[{variant=common, language=null, value=東北新幹線, between=null, side=null}]}", "connector_ids": "[08f2f5a219319192047eeb1822b39e64, 08f2f5a21931d294047f8b1d49bfef43, 08f2f5a21930e5ad047ee32478cf33d1]" }, "geometry": { "type": "LineString", "coordinates": [ [ 139.6196898, 35.9148137 ], [ 139.619821699999989, 35.9145353 ], [ 139.620005600000013, 35.9141473 ] ] } },
{ "type": "Feature", "properties": { "id": "0892f5a32d8bffff043e99d8a4417f39", "theme": "transportation", "type": "segment", "subtype": "rail", "class": null, "routes": null, "names": "{primary=東北新幹線, common={en=Tohoku Shinkansen, es=Tohoku Shinkansen, ja=東北新幹線}, rules=[{variant=common, language=null, value=東北新幹線, between=null, side=null}]}", "connector_ids": "[08f2f5a32d8ab411047fb8d4c7323aa2, 08f2f5a32d88e80a043ef9dc81c37314]" }, "geometry": { "type": "LineString", "coordinates": [ [ 139.768698300000011, 35.685456 ], [ 139.7688961, 35.6860145 ] ] } },
{ "type": "Feature", "properties": { "id": "0892f5a32d8bffff043fbfdaa6960eb5", "theme": "transportation", "type": "segment", "subtype": "rail", "class": null, "routes": null, "names": "{primary=東北新幹線, common={en=Tohoku Shinkansen, ru=Тохоку-синкансэн, ko=도호쿠 신칸센, ja=東北新幹線}, rules=[{variant=common, language=null, value=東北新幹線, between=null, side=null}]}", "connector_ids": "[08f2f5a32d88e834043efedea050fbad, 08f2f5a32d8ab58e047ef8d6ac82c2f6]" }, "geometry": { "type": "LineString", "coordinates": [ [ 139.7689504, 35.6860022 ], [ 139.7687468, 35.685452 ] ] } },
{ "type": "Feature", "properties": { "id": "0892f5a32d8bffff043fdbd9b3b9fbb4", "theme": "transportation", "type": "segment", "subtype": "rail", "class": null, "routes": null, "names": "{primary=東北新幹線, common={en=Tohoku Shinkansen, ru=Тохоку-синкансэн, ko=도호쿠 신칸센, es=Tohoku Shinkansen, ja=東北新幹線}, rules=[{variant=common, language=null, value=東北新幹線, between=null, side=null}]}", "connector_ids": "[08f2f5a32d8ab411047fb8d4c7323aa2, 08f2f5a32d88cc5d043f98d9554f6e93, 08f2f5a32d88e834043efedea050fbad]" }, "geometry": { "type": "LineString", "coordinates": [ [ 139.768698300000011, 35.685456 ], [ 139.7688149, 35.6857088 ], [ 139.7689504, 35.6860022 ] ] } },
{ "type": "Feature", "properties": { "id": "0892f5a32d8bffff043ffdd996384dd6", "theme": "transportation", "type": "segment", "subtype": "rail", "class": null, "routes": null, "names": "{primary=東北新幹線, common={en=Tohoku Shinkansen, ru=Тохоку-синкансэн, ko=도호쿠 신칸센, es=Tohoku Shinkansen, ja=東北新幹線}, rules=[{variant=common, language=null, value=東北新幹線, between=null, side=null}]}", "connector_ids": "[08f2f5a32d88e80a043ef9dc81c37314, 08f2f5a32d88cc5d043f98d9554f6e93, 08f2f5a32d8ab58e047ef8d6ac82c2f6]" }, "geometry": { "type": "LineString", "coordinates": [ [ 139.7688961, 35.6860145 ], [ 139.7688149, 35.6857088 ], [ 139.7687468, 35.685452 ] ] } },
{ "type": "Feature", "properties": { "id": "08a2e0e790707fff043f97ffa25ddead", "theme": "transportation", "type": "segment", "subtype": "rail", "class": null, "routes": null, "names": "{primary=東北新幹線, common={en=Tohoku Shinkansen, ja=東北新幹線}, rules=[{variant=common, language=null, value=東北新幹線, between=null, side=null}]}", "connector_ids": "[08f2e0e790706c43043ff60867e52355, 08f2e0e790704453043f95ffaea69ce2, 08f2e0e790704aee043fbdf6dd7cc450]" }, "geometry": { "type": "LineString", "coordinates": [ [ 141.42808070000001, 40.5065058 ], [ 141.4278574, 40.5062421 ], [ 141.4276317, 40.5059757 ] ] } },
{ "type": "Feature", "properties": { "id": "08a2e0e790707fff043f97ffb06ce7f1", "theme": "transportation", "type": "segment", "subtype": "rail", "class": null, "routes": null, "names": "{primary=東北新幹線, common={en=Tohoku Shinkansen, ja=東北新幹線}, rules=[{variant=common, language=null, value=東北新幹線, between=null, side=null}]}", "connector_ids": "[08f2e0e790705d96043f9ff53128458d, 08f2e0e790704453043f95ffaea69ce2, 08f2e0e790706d5b043f960a2f9296dd]" }, "geometry": { "type": "LineString", "coordinates": [ [ 141.427588899999989, 40.5059998 ], [ 141.4278574, 40.5062421 ], [ 141.4281263, 40.5064848 ] ] } },
{ "type": "Feature", "properties": { "id": "08a2e0e792b27fff043fffed8bb1f0ef", "theme": "transportation", "type": "segment", "subtype": "rail", "class": null, "routes": null, "names": "{primary=東北新幹線, common={en=Tohoku Shinkansen, ja=東北新幹線}, rules=[{variant=common, language=null, value=東北新幹線, between=null, side=null}]}", "connector_ids": "[08f2e0e792b20a28047fb6e2a138bea5, 08f2e0e792b26689043fd7f874aef4aa]" }, "geometry": { "type": "LineString", "coordinates": [ [ 141.4336673, 40.5121974 ], [ 141.434226, 40.5126979 ] ] } },
{ "type": "Feature", "properties": { "id": "08a2e2ba8b8d7fff043fa31d25bdcca7", "theme": "transportation", "type": "segment", "subtype": "rail", "class": null, "routes": null, "names": "{primary=東北新幹線, common={en=Tohoku Shinkansen, ja=東北新幹線}, rules=[{variant=common, language=null, value=東北新幹線, between=null, side=null}]}", "connector_ids": "[08f2e2ba8b8d5c42043fe31c8e2d67af, 08f2e2ba8b8d2a8c047f661d89292855]" }, "geometry": { "type": "LineString", "coordinates": [ [ 140.458663800000011, 37.7573347 ], [ 140.458674800000011, 37.7575244 ], [ 140.4586889, 37.7581414 ] ] } },
{ "type": "Feature", "properties": { "id": "08a2e2bb6ba77fff047ef78df39629ef", "theme": "transportation", "type": "segment", "subtype": "rail", "class": null, "routes": null, "names": "{primary=東北新幹線, common={en=Tohoku Shinkansen, ja=東北新幹線}, rules=[{variant=common, language=null, value=東北新幹線, between=null, side=null}]}", "connector_ids": "[08f2e2bb6ba75212047fff885d02126a, 08f2e2bb6ba7232c047ff79388198917]" }, "geometry": { "type": "LineString", "coordinates": [ [ 140.389334100000013, 37.401476 ], [ 140.38962, 37.4022519 ] ] } },
{ "type": "Feature", "properties": { "id": "08a2f5a219af7fff047faa57dc1f227a", "theme": "transportation", "type": "segment", "subtype": "rail", "class": null, "routes": null, "names": "{primary=東北新幹線, common={en=Tohoku Shinkansen, ja=東北新幹線}, rules=[{variant=common, language=null, value=東北新幹線, between=null, side=null}]}", "connector_ids": "[08f2f5a219af4a0c047f9f5c5bd25775, 08f2f5a219af044e047eb6535d23da6d]" }, "geometry": { "type": "LineString", "coordinates": [ [ 139.6214363, 35.9102367 ], [ 139.6212061, 35.9108276 ] ] } },
{ "type": "Feature", "properties": { "id": "08a2f5a219af7fff047fca5afbb62680", "theme": "transportation", "type": "segment", "subtype": "rail", "class": null, "routes": null, "names": "{primary=東北新幹線, common={en=Tohoku Shinkansen, ja=東北新幹線}, rules=[{variant=common, language=null, value=東北新幹線, between=null, side=null}]}", "connector_ids": "[08f2f5a219af0408047fb355cbd3ceab, 08f2f5a219af4b86047ee3602be1579c]" }, "geometry": { "type": "LineString", "coordinates": [ [ 139.6212683, 35.9108401 ], [ 139.6215339, 35.9102563 ] ] } },
{ "type": "Feature", "properties": { "id": "08a2f5a32d8affff047fffd12ff83256", "theme": "transportation", "type": "segment", "subtype": "rail", "class": null, "routes": null, "names": "{primary=東北新幹線, common={en=Tohoku Shinkansen, es=Tohoku Shinkansen, ja=東北新幹線}, rules=[{variant=common, language=null, value=東北新幹線, between=null, side=null}]}", "connector_ids": "[08f2f5a32d8a9460047fbdcd9671a4e7, 08f2f5a32d8ab411047fb8d4c7323aa2]" }, "geometry": { "type": "LineString", "coordinates": [ [ 139.7685142, 35.6849581 ], [ 139.768698300000011, 35.685456 ] ] } },
{ "type": "Feature", "properties": { "id": "08a2f5a6c0017fff047edfdea2198ab0", "theme": "transportation", "type": "segment", "subtype": "rail", "class": null, "routes": null, "names": "{primary=東北新幹線, common={en=Tohoku Shinkansen, ja=東北新幹線}, rules=[{variant=common, language=null, value=東北新幹線, between=null, side=null}]}", "connector_ids": "[08f2f5a6c0012d5c047f9fe39ba7accf, 08f2f5a6c0010850047e9ed9a866518c]" }, "geometry": { "type": "LineString", "coordinates": [ [ 139.8083995, 36.3169041 ], [ 139.8081448, 36.3163792 ] ] } },
{ "type": "Feature", "properties": { "id": "08b2e2b0e3a6bfff043ffdfd56e90250", "theme": "transportation", "type": "segment", "subtype": "rail", "class": null, "routes": null, "names": "{primary=東北新幹線, common={en=Tohoku Shinkansen, ja=東北新幹線}, rules=[{variant=common, language=null, value=東北新幹線, between=null, side=null}]}", "connector_ids": "[08f2e2b0e3a6b4d3047fdf024be37adb, 08f2e2b0e3a6ba6c043f3ff860c9fc3d]" }, "geometry": { "type": "LineString", "coordinates": [ [ 140.6354081, 37.9980604 ], [ 140.6350201, 37.9975607 ] ] } },
{ "type": "Feature", "properties": { "id": "08b2f5a20a403fff047e831718b24f58", "theme": "transportation", "type": "segment", "subtype": "rail", "class": null, "routes": null, "names": "{primary=東北新幹線, common={en=Tohoku Shinkansen, ja=東北新幹線}, rules=[{variant=common, language=null, value=東北新幹線, between=null, side=null}]}", "connector_ids": "[08f2f5a20a401482047ea71ad08defdb, 08f2f5a20a41d934047edb135fd7c6f0]" }, "geometry": { "type": "LineString", "coordinates": [ [ 139.626312, 35.9011878 ], [ 139.626121500000011, 35.9015131 ] ] } }
]
}
