{
"type": "FeatureCollection",
"name": "japan_polygon",
"crs": { "type": "name", "properties": { "name": "urn:ogc:def:crs:OGC:1.3:CRS84" } },
"features": [
{ "type": "Feature", "properties": { }, "geometry": { "type": "MultiPolygon", "coordinates": [ [ [ [ 123.60279381600003, 25.745469468000067 ], [ 123.606293165000125, 25.738999742000146 ], [ 123.604665561000161, 25.73875560100015 ], [ 123.600433790000011, 25.739365953000174 ], [ 123.60279381600003, 25.745469468000067 ] ] ], [ [ [ 123.545339389000219, 25.761786200000131 ], [ 123.528900587000066, 25.761786200000131 ], [ 123.511485222000147, 25.758083401000079 ], [ 123.513926629000139, 25.769110419000128 ], [ 123.531423373000052, 25.773342190000051 ], [ 123.537445509000122, 25.773260809000135 ], [ 123.545339389000219, 25.761786200000131 ] ] ], [ [ [ 123.672048373000166, 25.927476304000152 ], [ 123.67172285200013, 25.929754950000017 ], [ 123.673024936000161, 25.928697006999982 ], [ 123.672048373000166, 25.927476304000152 ] ] ], [ [ [ 141.571605432944892, 45.83603566021776 ], [ 141.615745661733541, 45.821901643346479 ], [ 141.63647021003257, 45.816410175189731 ], [ 141.646180038178699, 45.81288103763012 ], [ 141.64786954774209, 45.812178903633765 ], [ 141.689510077628512, 45.793882921460096 ], [ 141.777857693878303, 45.764076444472551 ], [ 141.790173489315777, 45.761190780830276 ], [ 141.818403956577953, 45.754041564466945 ], [ 141.833180488688953, 45.749914516242256 ], [ 141.865991661786353, 45.739083691259765 ], [ 141.973992375848155, 45.715803129411171 ], [ 141.975923395648493, 45.715392191396802 ], [ 141.977855872351171, 45.714986338149345 ], [ 141.979789805955448, 45.71458556786996 ], [ 141.981725196460872, 45.714189881458083 ], [ 141.98366204386852, 45.713799278913996 ], [ 141.985600347278563, 45.713413761136536 ], [ 141.987540108489412, 45.713033327226583 ], [ 141.989481325703053, 45.71265797718425 ], [ 141.991423999817954, 45.71228771190863 ], [ 141.993368130835023, 45.711922531399864 ], [ 142.131597430377695, 45.686332755152819 ], [ 142.21135281408138, 45.673301059796302 ], [ 142.337599045759902, 45.653982392873331 ], [ 142.469670914781119, 45.645032516137945 ], [ 142.490540509337592, 45.646278835300308 ], [ 142.497128422838927, 45.646683722676045 ], [ 142.708279052636698, 45.663390038919573 ], [ 142.790073857723002, 45.669572279037652 ], [ 142.803180742697549, 45.670661446169163 ], [ 142.852221812587146, 45.627474624654468 ], [ 142.90894442464591, 45.582402456308529 ], [ 142.966423078762404, 45.544782109107445 ], [ 142.989330788885496, 45.530446972350234 ], [ 143.01825344184337, 45.513923409138329 ], [ 143.26755200342248, 45.396798234751117 ], [ 143.422418967661741, 45.328526655780848 ], [ 143.601591646237893, 45.258676014786545 ], [ 143.603257296787291, 45.258105438115905 ], [ 143.604782305958821, 45.257657681856813 ], [ 143.653590794080486, 45.24657448552432 ], [ 143.725638243210852, 45.231850728328709 ], [ 143.882226238250979, 45.204507766020868 ], [ 143.933087157346705, 45.198488702491943 ], [ 144.093476306087126, 45.188789611351751 ], [ 144.141521306663179, 45.185919566235413 ], [ 144.308307156850532, 45.182586677833172 ], [ 144.384966247594917, 45.196521322201534 ], [ 144.595814252825988, 45.316257859812794 ], [ 144.778639936184362, 45.420602104903622 ], [ 144.952283873302775, 45.519216368141144 ], [ 145.0253691014033, 45.560427394409118 ], [ 145.130881979520126, 45.616672423293949 ], [ 145.231133794888905, 45.669467555683383 ], [ 145.411546775264327, 45.222525027608242 ], [ 145.518353669732988, 44.957929079526139 ], [ 145.52353989015424, 44.945081098913931 ], [ 145.578450822448104, 44.791368625861566 ], [ 145.591665430015865, 44.752598731047016 ], [ 145.614684168639684, 44.683494599296637 ], [ 145.630192587018911, 44.637866951199157 ], [ 145.63078003946751, 44.636205826937726 ], [ 145.646867572680918, 44.590068425118147 ], [ 145.6571654324392, 44.509114403407295 ], [ 145.65821838926766, 44.500889689607845 ], [ 145.664685252223109, 44.447631534967741 ], [ 145.659542236285716, 44.429309008404317 ], [ 145.644175565450183, 44.381813526873117 ], [ 145.642568328566341, 44.376860088022909 ], [ 145.637589793234639, 44.357557337301557 ], [ 145.633897027626318, 44.342539055733141 ], [ 145.633883882236006, 44.342376964625487 ], [ 145.624013213039603, 44.29266180070195 ], [ 145.609834734585746, 44.267228228600231 ], [ 145.589446220667043, 44.226500840641563 ], [ 145.582202807513937, 44.214740874791715 ], [ 145.579234022233067, 44.210481388805391 ], [ 145.558023397562266, 44.184259787559512 ], [ 145.555599809184486, 44.180193487639713 ], [ 145.55079695011969, 44.172689636218166 ], [ 145.545733482814427, 44.165302609428238 ], [ 145.540409490006567, 44.158032453135434 ], [ 145.534825058929556, 44.150879215903387 ], [ 145.533380695563466, 44.149140489142582 ], [ 145.529670399469552, 44.143532645115926 ], [ 145.524478240978311, 44.136202747758944 ], [ 145.519022143157855, 44.128991400832774 ], [ 145.518799471918356, 44.12871530446796 ], [ 145.513502036990047, 44.121808729689405 ], [ 145.507725605153013, 44.114741310263526 ], [ 145.501684843681147, 44.107792828876114 ], [ 145.498035462266927, 44.103839956848702 ], [ 145.496186466033322, 44.102503760340596 ], [ 145.48595234842233, 44.09575111352342 ], [ 145.472273576464914, 44.084789860763749 ], [ 145.447052101373828, 44.065360929763358 ], [ 145.446503657018383, 44.064892891993736 ], [ 145.444832465746259, 44.063385746955106 ], [ 145.439699646322168, 44.053709653278219 ], [ 145.439119552125845, 44.052950844905837 ], [ 145.435887899507662, 44.049385575284418 ], [ 145.417604177791276, 44.029454818085469 ], [ 145.408459896407265, 44.019450156200037 ], [ 145.397592423152474, 44.011039703619616 ], [ 145.386092060100879, 44.001312161527267 ], [ 145.377574842705343, 43.994774053380127 ], [ 145.36116449874325, 43.980563231708004 ], [ 145.359655171049468, 43.979150993923497 ], [ 145.340643385184563, 43.961452011401434 ], [ 145.336280479860733, 43.957808739082395 ], [ 145.326638337389937, 43.949713488986532 ], [ 145.32014679254101, 43.94305176272897 ], [ 145.31700322132221, 43.938818151137184 ], [ 145.306749269163703, 43.930833416928976 ], [ 145.3062017663988, 43.930392246405404 ], [ 145.28701584210765, 43.91559413236368 ], [ 145.275440338001744, 43.904035025596301 ], [ 145.267947360282761, 43.892829712121852 ], [ 145.257132274335419, 43.873244713672904 ], [ 145.253958227790605, 43.868317551214233 ], [ 145.253214787932421, 43.867110817510536 ], [ 145.250854291492686, 43.855848269382449 ], [ 145.243405411131249, 43.815859751826338 ], [ 145.243182964722592, 43.781573860545421 ], [ 145.245053381908775, 43.778698225243289 ], [ 145.251317793981713, 43.768602555563831 ], [ 145.252724252722629, 43.759894281696148 ], [ 145.256355211524152, 43.750840944254549 ], [ 145.264005868276541, 43.731634112524603 ], [ 145.266996561942079, 43.728765813891584 ], [ 145.268314358321476, 43.727309949095144 ], [ 145.272863280316443, 43.722598358627664 ], [ 145.28320642363812, 43.713523722542163 ], [ 145.286410938314674, 43.711236084677864 ], [ 145.316410528523789, 43.691724524867197 ], [ 145.319694882313371, 43.690092557525674 ], [ 145.327982495596103, 43.684858951979379 ], [ 145.337664162371965, 43.6793129444371 ], [ 145.35202544152159, 43.671046808763549 ], [ 145.370231087694748, 43.661875454189271 ], [ 145.372337963626507, 43.660921785212594 ], [ 145.383029592442398, 43.655835236807008 ], [ 145.400061092745744, 43.648167258212709 ], [ 145.431635958833141, 43.635361322367544 ], [ 145.431659267461526, 43.63535247933379 ], [ 145.439010815097419, 43.62432526130209 ], [ 145.453225926535566, 43.602822169008306 ], [ 145.458659639331216, 43.596076649318121 ], [ 145.468331682461695, 43.583752527956989 ], [ 145.491578092555102, 43.557007259577631 ], [ 145.53382732677008, 43.508798771246717 ], [ 145.542100913327118, 43.510602800479205 ], [ 145.560573325399247, 43.514507535394699 ], [ 145.61641451461881, 43.526530326313889 ], [ 145.630984116324527, 43.52962439614916 ], [ 145.682484483073068, 43.54162029733908 ], [ 145.691647100733718, 43.543889758106104 ], [ 145.692192782371393, 43.543009997213971 ], [ 145.769873111755061, 43.467107453946198 ], [ 145.776101842326938, 43.461111604617258 ], [ 145.790543985817095, 43.447044901101577 ], [ 145.800858354429721, 43.437656366548396 ], [ 145.803637390853197, 43.434980588483768 ], [ 145.818479395407991, 43.428039069647696 ], [ 145.82789245807092, 43.424169696074841 ], [ 145.830394493411433, 43.423265554561908 ], [ 145.83723476027663, 43.42075016788624 ], [ 145.84154728737812, 43.418987759278025 ], [ 145.851472899754896, 43.409878110786565 ], [ 145.854486170001024, 43.406547735989562 ], [ 145.854071612215677, 43.378529855868351 ], [ 145.854115363333989, 43.376850707394567 ], [ 145.854169179664581, 43.376038718512405 ], [ 145.854148622961219, 43.375173527536646 ], [ 145.854175069324157, 43.373497622017936 ], [ 145.854267480959749, 43.371809250996535 ], [ 145.854425851572188, 43.370108410874906 ], [ 145.854650179362494, 43.368395102552142 ], [ 145.854940458035941, 43.366669324230116 ], [ 145.855296683995249, 43.364931074109904 ], [ 145.855718853642799, 43.363180351292527 ], [ 145.856206962481821, 43.361417153978692 ], [ 145.858423013412022, 43.354314560269074 ], [ 145.858703126148868, 43.353455312013239 ], [ 145.858996555147399, 43.352591964647729 ], [ 145.859303297709658, 43.351724518172176 ], [ 145.859623356532921, 43.350852971687686 ], [ 145.859956728920423, 43.349977326092983 ], [ 145.860303415770403, 43.349097579589966 ], [ 145.860663417982977, 43.348213732178351 ], [ 145.86103673285939, 43.347325784757516 ], [ 145.861423362199247, 43.346433736428082 ], [ 145.861823306001298, 43.345537586290874 ], [ 145.871282663065102, 43.324927658385064 ], [ 145.872975911109876, 43.321048027145139 ], [ 145.875557862006275, 43.315593453675262 ], [ 145.878412224744949, 43.309975910460139 ], [ 145.881539021809175, 43.304195319258866 ], [ 145.884938275681606, 43.298251602729692 ], [ 145.888610013341719, 43.292144675436674 ], [ 145.892554263568769, 43.285874453743361 ], [ 145.896771059637359, 43.27944084681792 ], [ 145.90126043482158, 43.272843765627613 ], [ 145.906022425994905, 43.266083113944887 ], [ 145.90746713919728, 43.264096232755179 ], [ 145.908285840619584, 43.26081201746095 ], [ 145.909884886478864, 43.254825306143175 ], [ 145.917747356056424, 43.218456707311475 ], [ 145.917937269489727, 43.217586412683119 ], [ 145.917988441814003, 43.217354133087184 ], [ 145.927067767863633, 43.188485062635664 ], [ 145.9286720315894, 43.184273776713724 ], [ 145.938544652314278, 43.157106719100085 ], [ 145.952552665173613, 43.123895273948023 ], [ 145.96919235784182, 43.088774662520962 ], [ 145.988465276251787, 43.051739396256352 ], [ 146.010373215452177, 43.01278362236647 ], [ 146.03491822319782, 42.971901128334764 ], [ 146.062102597257734, 42.929085333821405 ], [ 146.091928886309546, 42.884329293362413 ], [ 146.107056924737918, 42.862574803684652 ], [ 146.138128552691143, 42.818608524464139 ], [ 147.007438187822487, 41.521606647329151 ], [ 147.054588757765515, 41.45516261486307 ], [ 147.102764860610279, 41.387454628428657 ], [ 147.151968161002486, 41.31847680825831 ], [ 147.202200356861596, 41.248223162169467 ], [ 147.253463184778553, 41.17668757836941 ], [ 147.305758412821291, 41.103863834448759 ], [ 147.359087847726727, 41.029745587489288 ], [ 147.41345333130684, 40.954326381257601 ], [ 147.467796380399051, 40.879068102411111 ], [ 147.468856739547476, 40.877599638113054 ], [ 147.525299985306702, 40.799558666199829 ], [ 147.591504737854137, 40.708150139917421 ], [ 147.853140555392798, 40.321015083779486 ], [ 147.837574973406987, 40.313940620863491 ], [ 147.835999343195709, 40.313225968304124 ], [ 147.832843568176628, 40.311797931229762 ], [ 147.831265178845825, 40.311085341715597 ], [ 147.824943693097367, 40.308237882172961 ], [ 147.823363280291943, 40.307527616506604 ], [ 147.820199751318142, 40.306109180594575 ], [ 147.818617920281582, 40.305401584116112 ], [ 147.805943909584386, 40.299744487818202 ], [ 147.802773114088524, 40.298335652168987 ], [ 147.79642249390352, 40.295527174639972 ], [ 147.79324438691927, 40.29412829268685 ], [ 147.780512915838955, 40.288550150569222 ], [ 147.779655738722028, 40.288174997478592 ], [ 147.778151867215769, 40.287519165077924 ], [ 147.773424077259875, 40.285461938917848 ], [ 147.770232761033668, 40.284079894971796 ], [ 147.768581415100954, 40.283368205678698 ], [ 147.767756367163344, 40.283013066999956 ], [ 147.75496827386749, 40.277514233395777 ], [ 147.754369719287894, 40.277257037183006 ], [ 147.753170629821426, 40.276742253552527 ], [ 147.752571121060924, 40.276485107701859 ], [ 147.750170227075074, 40.275456197845529 ], [ 147.74842378413112, 40.274709716480629 ], [ 147.744928457483098, 40.273219607299609 ], [ 147.743180045922855, 40.272476180032129 ], [ 147.738587710954818, 40.270528581229541 ], [ 147.737439539304006, 40.270042462589885 ], [ 147.735141669853107, 40.269071251437509 ], [ 147.733976273487116, 40.268579548008233 ], [ 147.732521448306699, 40.267966836300729 ], [ 147.731363657507728, 40.267479599804062 ], [ 147.710946066707976, 40.258891788325769 ], [ 147.709878400568215, 40.258443052705019 ], [ 147.708095303056353, 40.257694415665014 ], [ 147.707025335551435, 40.257245663856679 ], [ 147.703810853688793, 40.255898883227275 ], [ 147.702739602851153, 40.255450523523223 ], [ 147.700953253390622, 40.254703660845763 ], [ 147.699881688689658, 40.254256122222699 ], [ 147.695401215894123, 40.252386715874763 ], [ 147.694567190923436, 40.252039160279423 ], [ 147.692898092373667, 40.251344485260233 ], [ 147.692063534105301, 40.250997580774111 ], [ 147.688722919627736, 40.249610679589637 ], [ 147.687887991737881, 40.249264474776027 ], [ 147.68621721865, 40.248572556178942 ], [ 147.685382051540756, 40.248227123883112 ], [ 147.678693066832494, 40.245463757246881 ], [ 147.677857559778914, 40.245118996744594 ], [ 147.67618517600593, 40.244429783308249 ], [ 147.675348978273092, 40.244085609163932 ], [ 147.672001484881463, 40.242709503441233 ], [ 147.671164907635131, 40.242366024472858 ], [ 147.669490837632878, 40.241679561163295 ], [ 147.668654158763303, 40.241336909571032 ], [ 147.659972422989739, 40.237785499401696 ], [ 147.659019187486393, 40.23739608036513 ], [ 147.657110945713981, 40.236617646987298 ], [ 147.656156784808587, 40.236228977086057 ], [ 147.652336787613223, 40.234675134750091 ], [ 147.651382016967119, 40.234287317406256 ], [ 147.649471365911523, 40.233512357209975 ], [ 147.648516259817853, 40.23312552912023 ], [ 147.640865954700445, 40.230031269527871 ], [ 147.639910264048325, 40.22964525352603 ], [ 147.63799725766799, 40.228873688270511 ], [ 147.63704071715577, 40.228488452880356 ], [ 147.633211350823473, 40.22694841783553 ], [ 147.63225416190042, 40.226564019714033 ], [ 147.630338676989282, 40.225795902459254 ], [ 147.629380997935442, 40.225412429740231 ], [ 147.624089554289895, 40.223296616346062 ], [ 147.623317393683493, 40.222988208239713 ], [ 147.621771974397717, 40.222371681608024 ], [ 147.620999283190969, 40.222063790611855 ], [ 147.617906236783966, 40.220832739239995 ], [ 147.617133209230616, 40.220525425608201 ], [ 147.615586358224306, 40.219911210234528 ], [ 147.614813160699811, 40.219604556705463 ], [ 147.608620515425201, 40.217151240337813 ], [ 147.607847024720996, 40.216845148885 ], [ 147.606298826530548, 40.216233211493773 ], [ 147.605524747669534, 40.215927614668317 ], [ 147.602426032835666, 40.214705699508954 ], [ 147.601651645507701, 40.214400689940248 ], [ 147.600102074051762, 40.213791085390653 ], [ 147.59932762826773, 40.213486779091909 ], [ 147.591526921430983, 40.210424941858008 ], [ 147.590708681361235, 40.210104146489613 ], [ 147.589070729031192, 40.209462788677257 ], [ 147.588251765007755, 40.209142519412183 ], [ 147.584973165979392, 40.207861949569747 ], [ 147.584153758589906, 40.207542297239542 ], [ 147.582514082259905, 40.20690346472341 ], [ 147.581694479716731, 40.206584544441597 ], [ 147.575129820885451, 40.204033148011803 ], [ 147.574309823540403, 40.203714827577613 ], [ 147.57266852573278, 40.203078488881573 ], [ 147.571847891667545, 40.202760728724911 ], [ 147.56856278244689, 40.201490272658418 ], [ 147.567741740089588, 40.201173143825969 ], [ 147.566098798321178, 40.200539361902514 ], [ 147.56527754552306, 40.200222958822934 ], [ 147.558984505331438, 40.197801337262234 ], [ 147.5581015455505, 40.197462004168528 ], [ 147.55633429769037, 40.19678376066264 ], [ 147.555450676008405, 40.196445103858792 ], [ 147.551913468831827, 40.195091257256138 ], [ 147.551029416375258, 40.194753345091243 ], [ 147.549260360877867, 40.19407808823351 ], [ 147.548376074596518, 40.193741016934808 ], [ 147.541293539366137, 40.191044771199699 ], [ 147.540408844792893, 40.190708410365232 ], [ 147.538638026624341, 40.19003607540489 ], [ 147.537752622485897, 40.189700372874228 ], [ 147.534208183861239, 40.188358312786278 ], [ 147.533322320169333, 40.188023345001739 ], [ 147.531549644900707, 40.187353977804435 ], [ 147.530663539291737, 40.187019845489999 ], [ 147.523762609557053, 40.184421022412721 ], [ 147.522937503163718, 40.184110669072538 ], [ 147.521285953984517, 40.183490260967204 ], [ 147.520460200978192, 40.183180467005172 ], [ 147.517154585416648, 40.181941882911929 ], [ 147.516328433111511, 40.181632723871502 ], [ 147.514675280440571, 40.181014889625885 ], [ 147.513848950069161, 40.18070646533161 ], [ 147.507230595416473, 40.178239188787984 ], [ 147.506403915209518, 40.177931381428493 ], [ 147.504749257972691, 40.177316086868302 ], [ 147.503921953635569, 40.17700884877982 ], [ 147.500610174120681, 40.175780513360564 ], [ 147.499782506458274, 40.175473924582377 ], [ 147.49812632577013, 40.174861232660191 ], [ 147.497298529503752, 40.174555395715288 ], [ 147.48998979319461, 40.171858379261209 ], [ 147.489100190122059, 40.171530534107319 ], [ 147.48731953786708, 40.170875233205976 ], [ 147.486429223430861, 40.170548048154302 ], [ 147.482865132820308, 40.169240073271226 ], [ 147.481974371420648, 40.168913625663777 ], [ 147.480191910628974, 40.16826130961212 ], [ 147.479300934291558, 40.167935705568851 ], [ 147.472164751802353, 40.165331253634889 ], [ 147.471273349186191, 40.165006352861326 ], [ 147.469489123924433, 40.164356956009215 ], [ 147.468597025232981, 40.164032723431887 ], [ 147.465025829978714, 40.162736573734264 ], [ 147.464133256445308, 40.162413067809382 ], [ 147.462347172284836, 40.161766637820477 ], [ 147.461454309169568, 40.161443947580437 ], [ 147.455262172012141, 40.159209105316478 ], [ 147.454015291673073, 40.158759633151021 ], [ 147.45193550601951, 40.158010901682019 ], [ 147.450687693082983, 40.15756227398029 ], [ 147.44694138993404, 40.156217094143955 ], [ 147.445692741527665, 40.155769320797901 ], [ 147.443610516912628, 40.155023604756195 ], [ 147.442360901735157, 40.154576665081322 ], [ 147.441325232573973, 40.154206691186261 ], [ 147.440474905592879, 40.153902968547555 ], [ 147.439626341283571, 40.153599875434281 ], [ 147.43877866550352, 40.153297098882376 ], [ 147.437929108342274, 40.152993650536814 ], [ 147.437078659053242, 40.152689883831499 ], [ 147.436229587526014, 40.152386609055185 ], [ 147.435382013369832, 40.152083869375474 ], [ 147.434893193167028, 40.151909270496816 ], [ 147.434314990245213, 40.151702626975066 ], [ 147.43350833883963, 40.151414717116012 ], [ 147.431893670857022, 40.150839154603773 ], [ 147.43108637283845, 40.150551759156684 ], [ 147.427854573630299, 40.149402707968989 ], [ 147.427046886205716, 40.149115903376469 ], [ 147.425430712757844, 40.148542755543986 ], [ 147.424622882340969, 40.148256645228457 ], [ 147.418152653223245, 40.145967858929993 ], [ 147.417344380339415, 40.145682288207468 ], [ 147.415726600702584, 40.145111454330504 ], [ 147.414917749555372, 40.144826423201323 ], [ 147.411679904205045, 40.143686896733271 ], [ 147.410847931487211, 40.143394477673382 ], [ 147.409183168568944, 40.142810139576795 ], [ 147.408320861718749, 40.142507888229034 ], [ 147.407058897051144, 40.142066205991227 ], [ 147.40513412753856, 40.141393208230511 ], [ 147.403690941384781, 40.140889107646643 ], [ 147.402810107600914, 40.14058151792301 ], [ 147.402177653976338, 40.140360892641411 ], [ 147.400913842101005, 40.139920476649195 ], [ 147.400282000014982, 40.139700515966297 ], [ 147.397753467949116, 40.138821154372977 ], [ 147.397121572802945, 40.138601617271235 ], [ 147.395857225830952, 40.138162800273363 ], [ 147.395225285718794, 40.137943699342742 ], [ 147.390164851827222, 40.136190868514149 ], [ 147.389532919809227, 40.135972190264795 ], [ 147.388268157349927, 40.135534974060221 ], [ 147.387635839523028, 40.13531661327147 ], [ 147.38510478845572, 40.13444343721531 ], [ 147.384472504803085, 40.134225528785521 ], [ 147.383207382615097, 40.133789970031557 ], [ 147.3825755378314, 40.133572662348854 ], [ 147.370390397699026, 40.12938538113076 ], [ 147.369488360600059, 40.129075805704133 ], [ 147.367682205369789, 40.128456857198785 ], [ 147.366779154734814, 40.128147849244272 ], [ 147.363163497897773, 40.126912426267808 ], [ 147.362259863602645, 40.126604113489577 ], [ 147.360451675005578, 40.125988089579039 ], [ 147.359547853651094, 40.125680627559262 ], [ 147.352308264415711, 40.123221281237647 ], [ 147.351403991601757, 40.122914519789589 ], [ 147.349594037635399, 40.122301432165727 ], [ 147.3486890903296, 40.121995356001321 ], [ 147.34506652040389, 40.120771896706202 ], [ 147.344161187289814, 40.120466582267227 ], [ 147.342349602852238, 40.119856558633643 ], [ 147.34144413843697, 40.119552112940198 ], [ 147.333437610057928, 40.116863798325994 ], [ 147.332805117762319, 40.116651626671711 ], [ 147.331538843543598, 40.116227293255292 ], [ 147.330905773883075, 40.116015372511953 ], [ 147.328371328774011, 40.115167833429382 ], [ 147.327737960539167, 40.114956247233437 ], [ 147.326470674582907, 40.114533336544582 ], [ 147.325837270374592, 40.114322183822054 ], [ 147.320764119169354, 40.112632649077966 ], [ 147.32013040469522, 40.112421807520775 ], [ 147.318709659324355, 40.111949667943463 ], [ 147.317945586320121, 40.111691122747629 ], [ 147.316653305506208, 40.111252712243299 ], [ 147.314057994281512, 40.110374115973059 ], [ 147.312745871724957, 40.109930881505534 ], [ 147.311474697100465, 40.109502433690807 ], [ 147.310192431136471, 40.10907053517758 ], [ 147.309295918572644, 40.108768616578828 ], [ 147.308434649540374, 40.108478564534494 ], [ 147.307561324196655, 40.108184452051233 ], [ 147.306697252876774, 40.10789346021545 ], [ 147.305837463228755, 40.107603905496319 ], [ 147.304964628015938, 40.107309957588882 ], [ 147.304098621354711, 40.107018313744618 ], [ 147.303232257663609, 40.106726544894627 ], [ 147.30236648752421, 40.106434980190613 ], [ 147.301506676292576, 40.106145418276697 ], [ 147.300633845576073, 40.105851471268807 ], [ 147.299767838915528, 40.105559827424713 ], [ 147.298901475223744, 40.105268058574467 ], [ 147.298035707782361, 40.104976493870367 ], [ 147.297175897450103, 40.104686931956707 ], [ 147.296303068532694, 40.104392985848108 ], [ 147.295437062771185, 40.104101341104297 ], [ 147.294570699978664, 40.103809573153512 ], [ 147.293704969409561, 40.103518021040401 ], [ 147.292855106478925, 40.103231809101089 ], [ 147.292013280788552, 40.102948297826174 ], [ 147.290571601898506, 40.102463940958501 ], [ 147.287687058811713, 40.101497141880031 ], [ 147.286244638879595, 40.101014847157813 ], [ 147.280471232362203, 40.099088943600123 ], [ 147.279027800693171, 40.09860856983002 ], [ 147.276139087449366, 40.097649513914462 ], [ 147.274694289710311, 40.097170994546133 ], [ 147.273874108004208, 40.096900012625952 ], [ 147.273043124540919, 40.096625440612115 ], [ 147.272177896693421, 40.096339553328221 ], [ 147.271308912377009, 40.096052423181277 ], [ 147.270441498277165, 40.095765814640913 ], [ 147.269575152572116, 40.095479556836608 ], [ 147.268705399335232, 40.095192173980081 ], [ 147.267840056374467, 40.094906248924531 ], [ 147.266971072956977, 40.094619118777757 ], [ 147.26610365975651, 40.094332510237564 ], [ 147.265237314950838, 40.094046251533541 ], [ 147.26436756441197, 40.093758870475909 ], [ 147.263502221451205, 40.093472944521181 ], [ 147.263019489658092, 40.093313439863891 ], [ 147.257896488132957, 40.091577369700161 ], [ 147.252860757718082, 40.089885036265798 ], [ 147.252008905487543, 40.089601189543572 ], [ 147.25113970893122, 40.08931156287872 ], [ 147.250272738197083, 40.089022679953132 ], [ 147.249405021924559, 40.088733547015977 ], [ 147.248538113244166, 40.088444683875451 ], [ 147.247674248767936, 40.088156835170224 ], [ 147.246805026131852, 40.087867200411381 ], [ 147.245938056296637, 40.08757831658653 ], [ 147.245070340924286, 40.08728918364929 ], [ 147.244203434041566, 40.087000321408141 ], [ 147.243339571365055, 40.086712472702743 ], [ 147.242470348728517, 40.086422837044694 ], [ 147.241603417564335, 40.086133966709582 ], [ 147.240738766181749, 40.085845854502963 ], [ 147.239868756638231, 40.085555957142077 ], [ 147.239001800293209, 40.085267077813796 ], [ 147.238135647042924, 40.084978465584044 ], [ 147.237268748254706, 40.084689605141648 ], [ 147.236404097771498, 40.08440149293483 ], [ 147.235534090925995, 40.084111596473321 ], [ 147.234667135480692, 40.083822717145239 ], [ 147.233734480062736, 40.083675865948777 ], [ 147.232881486591765, 40.083367715947617 ], [ 147.232022338160874, 40.083076154841251 ], [ 147.231160754365902, 40.082764973225409 ], [ 147.230292529976992, 40.082486586287359 ], [ 147.229429902068688, 40.082188431351256 ], [ 147.228567105987878, 40.081888462483022 ], [ 147.227707048342069, 40.081587913551857 ], [ 147.22684210647904, 40.08128429973101 ], [ 147.225969194823193, 40.081011851016569 ], [ 147.225106579505706, 40.080719814168532 ], [ 147.224233055411588, 40.08046327446084 ], [ 147.218212476525224, 40.078438941004606 ], [ 147.217326754027027, 40.078141134106431 ], [ 147.216461754606854, 40.077846007187873 ], [ 147.215600593493406, 40.077552175293079 ], [ 147.214731729686633, 40.07725570748525 ], [ 147.213869845517621, 40.076961644464745 ], [ 147.213000797349792, 40.076670872962751 ], [ 147.212134059540091, 40.076380855092765 ], [ 147.211271155539663, 40.076092126850654 ], [ 147.210400516471537, 40.075800813057384 ], [ 147.209535536836057, 40.075511382444745 ], [ 147.208672315375708, 40.075222548082451 ], [ 147.207799402820484, 40.074930473463041 ], [ 147.206935879187796, 40.074641527584959 ], [ 147.206067981253028, 40.074351135596658 ], [ 147.205202613110743, 40.074061574582458 ], [ 147.20433913624268, 40.073772655683797 ], [ 147.203467981862588, 40.073481166523152 ], [ 147.202602378997113, 40.073191529066207 ], [ 147.201734266123964, 40.072901061535276 ], [ 147.200869824283728, 40.072611811686158 ], [ 147.200074938707786, 40.072345489153236 ], [ 147.199137877511504, 40.072037800504461 ], [ 147.198270719718295, 40.071777114022979 ], [ 147.192488182384437, 40.069903562699665 ], [ 147.191644816155673, 40.069581484897981 ], [ 147.190793805690106, 40.069279803720519 ], [ 147.18992688891538, 40.068994236595103 ], [ 147.189057802076178, 40.068707787234871 ], [ 147.188189805216012, 40.068421544718973 ], [ 147.187322986466967, 40.068135552214528 ], [ 147.186453538100778, 40.067897201295182 ], [ 147.185583834327332, 40.06758532360422 ], [ 147.184709896545286, 40.06731945612853 ], [ 147.183836864380311, 40.067052779262781 ], [ 147.182973824583001, 40.066757610975287 ], [ 147.182097654683531, 40.066499560406811 ], [ 147.181231284696224, 40.06621312543578 ], [ 147.180361042229066, 40.065938824117779 ], [ 147.179650545436999, 40.06552595795722 ], [ 147.178945440080753, 40.065292609066887 ], [ 147.173461061279255, 40.063494494675638 ], [ 147.1679098547568, 40.061578257930705 ], [ 147.16704719177531, 40.061290804927268 ], [ 147.166181086189027, 40.061002204388586 ], [ 147.165316475275773, 40.060714102074684 ], [ 147.16444726163266, 40.060424465516917 ], [ 147.163579548058607, 40.060135328982653 ], [ 147.162712633981897, 40.059846458647513 ], [ 147.161846529294195, 40.059557859008237 ], [ 147.160981920180376, 40.059269756694306 ], [ 147.160112715530346, 40.058980122834669 ], [ 147.159245771775346, 40.058691243506644 ], [ 147.158378082483097, 40.058402114166711 ], [ 147.157511200782011, 40.05811325552267 ], [ 147.156647362386622, 40.057825409515573 ], [ 147.155778177521739, 40.057535781951231 ], [ 147.154919503932348, 40.057249658145594 ], [ 147.148142135651625, 40.055017227863203 ], [ 147.143409548712413, 40.053476110035007 ], [ 147.142543055518416, 40.053184102864464 ], [ 147.141677481430889, 40.052892410456991 ], [ 147.140818340194784, 40.052602880019322 ], [ 147.139946210949603, 40.052308973480848 ], [ 147.139082034408972, 40.05201775141856 ], [ 147.138214190432819, 40.051725287392401 ], [ 147.137347465213935, 40.051433206477753 ], [ 147.136488305991321, 40.051143670644478 ], [ 147.135616178544439, 40.050849764105806 ], [ 147.134752002903525, 40.050558542043518 ], [ 147.133884159826749, 40.050266078017557 ], [ 147.133017437305767, 40.049973998002088 ], [ 147.132158295169603, 40.049684467564589 ], [ 147.131291700352364, 40.049392426219981 ], [ 147.130437867814095, 40.049104683634567 ], [ 147.127558161280859, 40.048138923273115 ], [ 147.121794386502614, 40.046215169095206 ], [ 147.118910452256358, 40.045257219345558 ], [ 147.11807272028048, 40.044980313591054 ], [ 147.117225942923625, 40.044700396906023 ], [ 147.116357807567312, 40.044413421442528 ], [ 147.115490941154604, 40.044126865962653 ], [ 147.114622588162348, 40.043839816754513 ], [ 147.113754605690843, 40.043552893451619 ], [ 147.11288836970337, 40.043266543916246 ], [ 147.112029125944019, 40.042982508336308 ], [ 147.107572491477669, 40.041520468795227 ], [ 147.104536699509737, 40.04053208328952 ], [ 147.099782255447195, 40.038907377973374 ], [ 147.095464927764993, 40.037457107859581 ], [ 147.094385887898994, 40.037095272829021 ], [ 147.092226621961828, 40.036372500291122 ], [ 147.091147271829897, 40.036011855962755 ], [ 147.082503167288138, 40.033128440625603 ], [ 147.081423282059433, 40.032768827819496 ], [ 147.079261744434717, 40.03205030907489 ], [ 147.078180967977943, 40.031691693617205 ], [ 147.073854378177913, 40.030258611346227 ], [ 147.072772779740802, 40.029900989639401 ], [ 147.070608400257953, 40.029186649145004 ], [ 147.069526000524917, 40.02883005716194 ], [ 147.068719413870468, 40.028564818312134 ], [ 147.067887181248722, 40.028291126734644 ], [ 147.064882093933903, 40.027273712012573 ], [ 147.062473739172248, 40.026461400273888 ], [ 147.05762669731476, 40.024833058998752 ], [ 147.05520168171293, 40.024021658273284 ], [ 147.054353030168869, 40.023738867355235 ], [ 147.053483919048546, 40.023449258676862 ], [ 147.052617794576491, 40.023160646447195 ], [ 147.051750926365145, 40.022871785105053 ], [ 147.050884065348129, 40.022582926461382 ], [ 147.050018699903859, 40.022294566041751 ], [ 147.049149529427638, 40.022004937578231 ], [ 147.04828340585496, 40.021716325348393 ], [ 147.047416539441912, 40.021427464006791 ], [ 147.04654968022399, 40.02113860536258 ], [ 147.045684315678983, 40.02085024494329 ], [ 147.044815147002311, 40.020560616479685 ], [ 147.043949051308033, 40.020272013243357 ], [ 147.043084474569042, 40.019983915425854 ], [ 147.042215299597302, 40.019694284264119 ], [ 147.041347621096435, 40.019405153125717 ], [ 147.040480743891663, 40.019116288186638 ], [ 147.039614675177944, 40.018827693943194 ], [ 147.038750100237763, 40.018539595226571 ], [ 147.037880926164604, 40.018249964964411 ], [ 147.037013250361753, 40.017960834725187 ], [ 147.036146374056699, 40.017671969786022 ], [ 147.035280306241731, 40.017383374643487 ], [ 147.034415732201097, 40.01709527682587 ], [ 147.033546568020569, 40.016805649261642 ], [ 147.032679662037623, 40.016516775329308 ], [ 147.031812011415724, 40.016227651385407 ], [ 147.030945166586918, 40.015938798137427 ], [ 147.030081363264713, 40.015650956626786 ], [ 147.029212207178062, 40.015361331760573 ], [ 147.028345302094777, 40.015072457828069 ], [ 147.027477654170781, 40.014783334783715 ], [ 147.026610811141069, 40.01449448153565 ], [ 147.025747008718241, 40.014206640024668 ], [ 147.024877853530853, 40.013917015158512 ], [ 147.024010978125176, 40.013628150219262 ], [ 147.023145619875237, 40.013339790699177 ], [ 147.022276457493405, 40.013050164034127 ], [ 147.02141034291347, 40.012761552703751 ], [ 147.020543481896453, 40.012472691362149 ], [ 147.019676631671956, 40.012183835416039 ], [ 147.018811275221111, 40.011895475895869 ], [ 147.017942113737973, 40.011605848331527 ], [ 147.017076000057642, 40.011317237001322 ], [ 147.016209141739438, 40.011028377457933 ], [ 147.015342300507228, 40.010739523310576 ], [ 147.014477713876232, 40.010451420097297 ], [ 147.013607777177555, 40.010161534427681 ], [ 147.012740887382762, 40.009872664991946 ], [ 147.011874799782987, 40.009584060856156 ], [ 147.011007967544202, 40.009295210306078 ], [ 147.010143381812128, 40.009007107092714 ], [ 147.009273446912545, 40.00871722052392 ], [ 147.008406584996607, 40.008428360081155 ], [ 147.007542787969811, 40.008140519469634 ], [ 147.006673639077491, 40.007850895502855 ], [ 147.005806740289614, 40.007562022469642 ], [ 147.004939098661026, 40.00727290032458 ], [ 147.004072261925927, 40.006984047975948 ], [ 147.003208465798508, 40.006696207364513 ], [ 147.002339318705623, 40.006406584296769 ], [ 147.001472421715704, 40.006117711263983 ], [ 147.00060478098672, 40.005828589118465 ], [ 146.999737946050033, 40.005539736769862 ], [ 146.998874149922955, 40.005251896158597 ], [ 146.998005004628027, 40.004962273090854 ], [ 146.997138109436747, 40.004673400957074 ], [ 146.996270468707536, 40.004384278811926 ], [ 146.99540363557017, 40.0040954273625 ], [ 146.994539842140767, 40.003807586751236 ], [ 146.993670696846181, 40.003517963683493 ], [ 146.992803812446283, 40.003229094247558 ], [ 146.991936944235277, 40.002940229308479 ], [ 146.991069331384921, 40.002651117055848 ], [ 146.990204759142586, 40.002363017439592 ], [ 146.989336388164617, 40.0020736515782 ], [ 146.9884695388387, 40.001784793833622 ], [ 146.987604959402034, 40.001496691519606 ], [ 146.986735031696782, 40.001206806749025 ], [ 146.985868149095978, 40.000917938212837 ], [ 146.985002069590706, 40.000629335875601 ], [ 146.984135246345346, 40.0003404862249 ], [ 146.983270667807602, 40.000052383910827 ], [ 146.982400740102349, 39.999762499140672 ], [ 146.981533860200358, 39.999473630604029 ], [ 146.980667781593212, 39.999185028266794 ], [ 146.979800959247228, 39.998896179515469 ], [ 146.978936381609657, 39.998608077201396 ], [ 146.97806645660242, 39.998318192431157 ], [ 146.977199576699633, 39.998029324793976 ], [ 146.976333498992659, 39.997740722456911 ], [ 146.975466678445315, 39.997451872806238 ], [ 146.974602112498388, 39.997163774089444 ], [ 146.973732958210377, 39.996874146525101 ], [ 146.972865327373512, 39.996585027977062 ], [ 146.972000759627946, 39.99629692836109 ], [ 146.971132393146291, 39.996007563398877 ], [ 146.970265523135851, 39.99571869756025 ], [ 146.969398662118834, 39.995429833520348 ], [ 146.968531091537244, 39.995140734757655 ], [ 146.967679856240949, 39.994857077792176 ], [ 146.964109994681422, 39.993674695930963 ], [ 146.956963722698021, 39.991321878802182 ], [ 146.954800077062288, 39.99061367977788 ], [ 146.953930272564349, 39.990320710332895 ], [ 146.953070583641107, 39.990031143922579 ], [ 146.952197854548018, 39.989737186122625 ], [ 146.951331963000399, 39.989445534184455 ], [ 146.950465710824375, 39.989153758139878 ], [ 146.949600052201532, 39.98886218444261 ], [ 146.948740362378118, 39.988572618032293 ], [ 146.947867651271537, 39.988278665628457 ], [ 146.947011441824912, 39.987990274631784 ], [ 146.94617607956323, 39.987708895649433 ], [ 146.94473656174344, 39.987225190790326 ], [ 146.941856330905608, 39.986259691232164 ], [ 146.940416067547886, 39.985778046719815 ], [ 146.934651288226775, 39.983854740404354 ], [ 146.933210014031403, 39.983375015944716 ], [ 146.930325618433045, 39.982417260448671 ], [ 146.928882979965948, 39.981939390390835 ], [ 146.928062452020896, 39.981668258284003 ], [ 146.92723012587058, 39.981393206031925 ], [ 146.926364862049553, 39.981107269285303 ], [ 146.925497254595399, 39.980820556423851 ], [ 146.924627632659423, 39.980533179862704 ], [ 146.923762348154497, 39.980247235921667 ], [ 146.922893497837464, 39.979960112069847 ], [ 146.922026185360693, 39.979673499033083 ], [ 146.921159934983308, 39.979387234033993 ], [ 146.920290327437243, 39.97909986196953 ], [ 146.919425044730957, 39.978813918028294 ], [ 146.918556195312505, 39.97852679507605 ], [ 146.917688884634828, 39.978240182039286 ], [ 146.917184115854894, 39.978073373987286 ], [ 146.911875547318942, 39.976275017678347 ], [ 146.906970718624194, 39.974626899412215 ], [ 146.906118981506467, 39.974343072475335 ], [ 146.905251414521814, 39.974053970114966 ], [ 146.904384608363586, 39.973765122263018 ], [ 146.903520838316723, 39.973477284349514 ], [ 146.902651722699289, 39.973187665778624 ], [ 146.90178485538766, 39.972898797242067 ], [ 146.900917244336227, 39.972609679593489 ], [ 146.900050439077091, 39.972320831741541 ], [ 146.899186670828527, 39.972032994727215 ], [ 146.898317556111266, 39.971743376156326 ], [ 146.897450717577414, 39.971454516613107 ], [ 146.896585395300036, 39.971166161589508 ], [ 146.895716272488272, 39.970876540320319 ], [ 146.894850194781299, 39.970587934386231 ], [ 146.893983371535938, 39.970299079339412 ], [ 146.893116567176349, 39.970010230588088 ], [ 146.892252014719617, 39.969722131871293 ], [ 146.891382115792595, 39.969432251597652 ], [ 146.890515262870082, 39.969143387557665 ], [ 146.889649211242869, 39.968854788817936 ], [ 146.888782414977271, 39.968565942764371 ], [ 146.887917862520254, 39.968277844047748 ], [ 146.887047967190625, 39.967987964673284 ], [ 146.886181115167034, 39.967699100633496 ], [ 146.885315063540276, 39.967410501893568 ], [ 146.88444826817377, 39.967121655840174 ], [ 146.883583718414599, 39.966833557123209 ], [ 146.88271382308497, 39.966543677748916 ], [ 146.881846998940688, 39.966254822702268 ], [ 146.880983236987078, 39.965966986587603 ], [ 146.880114126766131, 39.9656773680166 ], [ 146.879247265749115, 39.965388500379419 ], [ 146.878379661892183, 39.965099384529395 ], [ 146.877512863828457, 39.964810537576739 ], [ 146.876649101874847, 39.964522701461874 ], [ 146.875779993452994, 39.964233082890814 ], [ 146.874913135133653, 39.963944216152981 ], [ 146.874045531277062, 39.963655099403866 ], [ 146.873178734111917, 39.96336625245101 ], [ 146.872314973957401, 39.963078416336089 ], [ 146.871445867333847, 39.962788799563924 ], [ 146.870579018907478, 39.962499934624844 ], [ 146.869712186668863, 39.962211075081427 ], [ 146.868844611590333, 39.961921969123949 ], [ 146.867980072622714, 39.961633874004292 ], [ 146.867111737617648, 39.961344512639556 ], [ 146.866244899083455, 39.961055652197047 ], [ 146.865378068643764, 39.960766792653828 ], [ 146.864510494464326, 39.960477685797059 ], [ 146.863645957295631, 39.960189590677658 ], [ 146.86277762498824, 39.959900231111305 ], [ 146.86191081343398, 39.959611378762588 ], [ 146.861046269070499, 39.959323280945 ], [ 146.860176380935997, 39.959033402470084 ], [ 146.859309537006112, 39.958744539329473 ], [ 146.858443493473402, 39.958455941488751 ], [ 146.857576707100321, 39.958167097234281 ], [ 146.856712163636217, 39.957878999416494 ], [ 146.855842277300013, 39.957589121841124 ], [ 146.854975434269505, 39.957300258700343 ], [ 146.854109391635717, 39.957011660859962 ], [ 146.853242607060935, 39.956722817504328 ], [ 146.852378065395925, 39.956434719687081 ], [ 146.851508179959438, 39.956144841211909 ], [ 146.850641337827852, 39.955855978970561 ], [ 146.849775296993158, 39.95556738113018 ], [ 146.848908513317753, 39.955278537774745 ], [ 146.84798721453879, 39.95497152631529 ], [ 146.847297767278889, 39.954737502933796 ], [ 146.846212428561586, 39.954368433756628 ], [ 146.841868059164113, 39.952893721868293 ], [ 146.840782255497317, 39.952525788534814 ], [ 146.838609442172498, 39.95179083557889 ], [ 146.837523314749916, 39.951424113632385 ], [ 146.828824445092351, 39.948491952342351 ], [ 146.827737983122262, 39.948126350950702 ], [ 146.825563270429058, 39.947395865826934 ], [ 146.824475901042348, 39.947031278870668 ], [ 146.820122897254606, 39.945574329491933 ], [ 146.819035231092045, 39.945210932339023 ], [ 146.816858702667361, 39.944485056240779 ], [ 146.81577130720089, 39.944123065627281 ], [ 146.79827579449298, 39.938307837037428 ], [ 146.797557893582876, 39.938069335032083 ], [ 146.796357668272691, 39.937670911084183 ], [ 146.795637505567157, 39.937432036759418 ], [ 146.793473634201774, 39.936714850810034 ], [ 146.792752724159726, 39.93647610059196 ], [ 146.791550772151226, 39.936078355632048 ], [ 146.790830231730553, 39.935840108135039 ], [ 146.784763726265652, 39.933835607427653 ], [ 146.783452834881047, 39.933403389655155 ], [ 146.780790603304609, 39.932579334568942 ], [ 146.780256905132916, 39.932249658395563 ], [ 146.77590846000831, 39.927815517772274 ], [ 146.774812966146015, 39.926731590091322 ], [ 146.772618596072022, 39.924564853485549 ], [ 146.771520611088278, 39.923482923198662 ], [ 146.762718198886574, 39.914825952955795 ], [ 146.761617640942319, 39.913745665730431 ], [ 146.759412553647081, 39.911585635369278 ], [ 146.758308919122243, 39.910506769072526 ], [ 146.753886585697984, 39.906192371381138 ], [ 146.752780246011895, 39.905115201206058 ], [ 146.750564197780051, 39.902962000296384 ], [ 146.749455388555958, 39.901886842803918 ], [ 146.740566384232153, 39.893284166431613 ], [ 146.739455022731732, 39.892210668188227 ], [ 146.737228334620937, 39.890064239173626 ], [ 146.736113912727689, 39.888992179845559 ], [ 146.731648445120442, 39.884705059491381 ], [ 146.730531337851886, 39.883634712472343 ], [ 146.728293766145299, 39.88149518035857 ], [ 146.727174211820767, 39.880426861311207 ], [ 146.718199241302528, 39.871879012107286 ], [ 146.717077153588235, 39.870812368496416 ], [ 146.714829022042323, 39.868679673028737 ], [ 146.713703890122957, 39.867614488118591 ], [ 146.709195602196161, 39.863354909501908 ], [ 146.708067805585671, 39.862291453088488 ], [ 146.705808868684841, 39.860165720172063 ], [ 146.704678646602957, 39.859104307018583 ], [ 146.695618339415347, 39.850611811986141 ], [ 146.694485604627431, 39.849552089557676 ], [ 146.692216187027981, 39.847433259837544 ], [ 146.691080425122124, 39.846375013196734 ], [ 146.6865296325374, 39.842143239819166 ], [ 146.685391224826077, 39.841086738762215 ], [ 146.683111081012072, 39.838974939042572 ], [ 146.681970271211668, 39.837920495634876 ], [ 146.672825259578559, 39.829483879977516 ], [ 146.669343358909174, 39.82629127412352 ], [ 146.662353484426745, 39.819921436325671 ], [ 146.660452057716981, 39.818194346792041 ], [ 146.658857400549238, 39.816754918904763 ], [ 146.65202766024882, 39.810604819657129 ], [ 146.651299238170083, 39.809941275569713 ], [ 146.650143600347661, 39.808889849387413 ], [ 146.649565865972392, 39.808364746936036 ], [ 146.643300120204827, 39.802675046616514 ], [ 146.642462284807408, 39.801915290358693 ], [ 146.641774214408798, 39.801293041341239 ], [ 146.638716872885908, 39.798531407698761 ], [ 146.637186274427364, 39.797152535661411 ], [ 146.631052302722452, 39.791641030609412 ], [ 146.62999825051989, 39.790695606617334 ], [ 146.627887113599769, 39.788805504171137 ], [ 146.626348239580267, 39.787431441708122 ], [ 146.625383374043992, 39.786572237519351 ], [ 146.624900916544362, 39.786142971321397 ], [ 146.621890912636019, 39.783466957634488 ], [ 146.621293541564029, 39.78293639989522 ], [ 146.62009769415377, 39.781875399530492 ], [ 146.619499584738975, 39.781345280660645 ], [ 146.617104738693598, 39.779224811476212 ], [ 146.616506169724545, 39.778695354507448 ], [ 146.615308013754458, 39.777636630326867 ], [ 146.614709227149802, 39.777108070881411 ], [ 146.605120747225357, 39.768651626971405 ], [ 146.604296270357423, 39.76792505389858 ], [ 146.603057166455443, 39.766834053948912 ], [ 146.60091578983284, 39.764955722728928 ], [ 146.596624134197356, 39.761205012901314 ], [ 146.594474437046216, 39.759333139713135 ], [ 146.586967218563103, 39.752819641513497 ], [ 146.585088014101103, 39.751194259907464 ], [ 146.581321994215529, 39.747947266653455 ], [ 146.579436331722178, 39.74632664785679 ], [ 146.56988653073941, 39.738144370366939 ], [ 146.569193911570807, 39.737551539972031 ], [ 146.567806499570594, 39.736365399843862 ], [ 146.567113350700907, 39.735773495750664 ], [ 146.566005255538613, 39.734828335259976 ], [ 146.563802260066524, 39.732929491403439 ], [ 146.561437012508719, 39.730898948128385 ], [ 146.55667581813546, 39.726827770285723 ], [ 146.554290665882348, 39.724796430211711 ], [ 146.544703586201905, 39.716663396898667 ], [ 146.542302811825977, 39.714634714321022 ], [ 146.537489593470724, 39.710583749640676 ], [ 146.535078663949804, 39.70856273917957 ], [ 146.522277285868682, 39.697873097865681 ], [ 146.520676525901791, 39.696539711738836 ], [ 146.517468759276568, 39.693874802880259 ], [ 146.515863053937125, 39.692544362033004 ], [ 146.50942802788191, 39.687226279569359 ], [ 146.507817948240387, 39.685899107758132 ], [ 146.504592428098732, 39.683247372168807 ], [ 146.502978298810291, 39.681923883081254 ], [ 146.49003685671633, 39.671338920155534 ], [ 146.48841862831776, 39.67001862366098 ], [ 146.485175955406504, 39.667379944429342 ], [ 146.483552825703242, 39.666062632784787 ], [ 146.477048159745465, 39.66079716875484 ], [ 146.47542070340333, 39.659483162118704 ], [ 146.472160469430406, 39.656857800047845 ], [ 146.470529016501388, 39.655547509410439 ], [ 146.457449050033944, 39.645068362515417 ], [ 146.455813545659254, 39.643761296846833 ], [ 146.452536351372288, 39.641149131427568 ], [ 146.450895990658097, 39.639845091078712 ], [ 146.444322457316076, 39.634632810256392 ], [ 146.442677817627469, 39.633332110888603 ], [ 146.439383256532693, 39.630733404723145 ], [ 146.437734673317237, 39.629436452830419 ], [ 146.424517731109091, 39.619064247017803 ], [ 146.422865145011343, 39.617770554268077 ], [ 146.419553816955414, 39.615185182350814 ], [ 146.41789641858557, 39.613894552692102 ], [ 146.411254794873599, 39.608736016254625 ], [ 146.409593166092264, 39.607448762650733 ], [ 146.4062646663821, 39.604876991180731 ], [ 146.404599148032645, 39.603593517427498 ], [ 146.391246789508642, 39.59332936695705 ], [ 146.389577316840274, 39.592049184722526 ], [ 146.386032011268668, 39.589338148736942 ], [ 146.385921298429508, 39.588526710239762 ], [ 146.385862446795187, 39.584887942624874 ], [ 146.3858298400759, 39.583069573702261 ], [ 146.385543211750388, 39.568509325845071 ], [ 146.385515550402857, 39.567189396274102 ], [ 146.385456816579364, 39.564547612582828 ], [ 146.385413169782879, 39.562728390203688 ], [ 146.385380973153957, 39.561482768015622 ], [ 146.385180026837389, 39.553955311189043 ], [ 146.385128257363618, 39.552136705744772 ], [ 146.385018298156552, 39.548498625211863 ], [ 146.38496015608726, 39.546680626809888 ], [ 146.384461609716396, 39.531903639641769 ], [ 146.384415893579131, 39.530581366437247 ], [ 146.384345629547994, 39.5285952523692 ], [ 146.384277985241312, 39.526776086647487 ], [ 146.384136298851928, 39.523137663472653 ], [ 146.384062275654315, 39.521318898848506 ], [ 146.383828313426676, 39.515808094368481 ], [ 146.383767958125219, 39.514429660300948 ], [ 146.383643546813033, 39.511672143754822 ], [ 146.383579431446407, 39.510291868775198 ], [ 146.382855619292201, 39.495142616239036 ], [ 146.382783874976468, 39.493660773626232 ], [ 146.382684310133669, 39.491684097943107 ], [ 146.3824807332999, 39.487790107228165 ], [ 146.382375317467762, 39.485843746791943 ], [ 146.381943878507997, 39.47814468133231 ], [ 146.381832512761235, 39.476221036871777 ], [ 146.381602581294743, 39.472372961942938 ], [ 146.381484108205456, 39.470450032443409 ], [ 146.380563358013006, 39.455940468578149 ], [ 146.380445226666353, 39.454128572975719 ], [ 146.380202501445098, 39.450503071260158 ], [ 146.380078005596175, 39.448690937337432 ], [ 146.379567117828884, 39.441439037282294 ], [ 146.379436306940448, 39.439627164162744 ], [ 146.379168284688859, 39.436002716452606 ], [ 146.379031183942544, 39.434191604159423 ], [ 146.377919633585094, 39.419837550163152 ], [ 146.377847620372023, 39.418917981679925 ], [ 146.377701811490311, 39.41707698131799 ], [ 146.377628110249844, 39.416156768920246 ], [ 146.377329815019294, 39.412473141322721 ], [ 146.377254467120707, 39.411552771543569 ], [ 146.377102097684343, 39.409711614699518 ], [ 146.377025139099857, 39.408791574971559 ], [ 146.376402333401558, 39.401423697446319 ], [ 146.376323742547385, 39.400503567785762 ], [ 146.37616484313358, 39.398662394753956 ], [ 146.376084599325537, 39.397742100517945 ], [ 146.375760194977801, 39.394059102445908 ], [ 146.375678314403473, 39.393138785726904 ], [ 146.375512876918521, 39.39129774129799 ], [ 146.375429368570991, 39.390377545088086 ], [ 146.375046991226355, 39.386204892242432 ], [ 146.374940730930945, 39.385059164049579 ], [ 146.37472562748647, 39.382767285881982 ], [ 146.374616840994833, 39.381621728560276 ], [ 146.374176482559079, 39.377037990211477 ], [ 146.374065193254552, 39.375892746753266 ], [ 146.373840026396948, 39.373601789491602 ], [ 146.373726242372783, 39.372457004687504 ], [ 146.372805170223302, 39.363291395881788 ], [ 146.372688896875644, 39.362146866485119 ], [ 146.372453700778379, 39.359856723109715 ], [ 146.37233487245706, 39.358712039929117 ], [ 146.371854270258751, 39.354131149733234 ], [ 146.371732931930211, 39.35298666440346 ], [ 146.371487666123613, 39.350697236888323 ], [ 146.371363847464551, 39.349553304641631 ], [ 146.370232972474611, 39.339210070488889 ], [ 146.3701331684114, 39.338304393833084 ], [ 146.369931824594943, 39.3364917463974 ], [ 146.369830390061367, 39.335585720804715 ], [ 146.369421232704127, 39.331959455564629 ], [ 146.369318210867647, 39.331053432670046 ], [ 146.36911053042698, 39.329241005568576 ], [ 146.369005957260043, 39.328335336107273 ], [ 146.368162277167954, 39.321083173450035 ], [ 146.368056137381387, 39.320177573236919 ], [ 146.367842162586527, 39.318365505863966 ], [ 146.367734413912814, 39.317459773450082 ], [ 146.367300039566004, 39.313835112600742 ], [ 146.367190720676064, 39.312929517783573 ], [ 146.366970445230805, 39.311117954030777 ], [ 146.366859583103775, 39.310212768404966 ], [ 146.365877471268988, 39.302250214176553 ], [ 146.365735309137932, 39.301107798186649 ], [ 146.365448335473189, 39.29882207857645 ], [ 146.365303630958607, 39.297679623916054 ], [ 146.364719513195638, 39.293107881623939 ], [ 146.364572311264197, 39.291965659887637 ], [ 146.364275315554124, 39.289680793734021 ], [ 146.364125643184167, 39.288539077416885 ], [ 146.362917237640801, 39.279397710736021 ], [ 146.362765084042195, 39.278256167988047 ], [ 146.362458102260149, 39.275972050070322 ], [ 146.362303398183855, 39.274830402101884 ], [ 146.361679247999774, 39.270261756175501 ], [ 146.361522033016087, 39.269120226018003 ], [ 146.361205009404358, 39.266836758310291 ], [ 146.36104530509752, 39.265695570794406 ], [ 146.36012480851403, 39.259169467697291 ], [ 146.359996460868814, 39.258265093260007 ], [ 146.359738063161927, 39.256455597048728 ], [ 146.359608112025597, 39.25555116235671 ], [ 146.359084903546119, 39.251931838084232 ], [ 146.358953388488686, 39.251027564370901 ], [ 146.358688711715132, 39.24921866620889 ], [ 146.358555657918174, 39.248314776506163 ], [ 146.357484032063354, 39.241077492232961 ], [ 146.357349441324601, 39.240173829159346 ], [ 146.357078540343167, 39.238365667541757 ], [ 146.356942339817721, 39.237461902845155 ], [ 146.356394112198956, 39.233845176713857 ], [ 146.356256370236139, 39.232941707893929 ], [ 146.35597923875153, 39.23113442581348 ], [ 146.355840011108427, 39.230231651270202 ], [ 146.354020935318346, 39.218501825299484 ], [ 146.35384310697421, 39.217363151388867 ], [ 146.35348470555553, 39.215084455483634 ], [ 146.353304303351507, 39.213945535158928 ], [ 146.352577278818927, 39.209387520118412 ], [ 146.352394378298783, 39.208248751778967 ], [ 146.352025980015611, 39.205970842780573 ], [ 146.351840633339208, 39.204832626624921 ], [ 146.350346571637743, 39.195718964459275 ], [ 146.350158742832519, 39.19458084093344 ], [ 146.349780387255606, 39.192303612721929 ], [ 146.349590013368726, 39.191165432539123 ], [ 146.348823138977451, 39.186610761178258 ], [ 146.348630246988847, 39.185472618766738 ], [ 146.348241862173069, 39.183195976013849 ], [ 146.348046453881039, 39.182057967601537 ], [ 146.347575285571594, 39.179331694402521 ], [ 146.347418571510758, 39.178429526002105 ], [ 146.347103512917585, 39.176624987753485 ], [ 146.34694524212992, 39.175723045982352 ], [ 146.346308807206043, 39.172114268958751 ], [ 146.346149004873524, 39.171212645547598 ], [ 146.345827749051665, 39.169409080365085 ], [ 146.345666425066298, 39.168507869742768 ], [ 146.344368567555676, 39.161292671919739 ], [ 146.344205741702439, 39.160391828220725 ], [ 146.343878348907339, 39.158589336828754 ], [ 146.343713914166671, 39.157688421184105 ], [ 146.343052711014167, 39.154083158711444 ], [ 146.342886767211468, 39.153182660351916 ], [ 146.342553226650608, 39.151381350668998 ], [ 146.342385857422329, 39.150481758826544 ], [ 146.339692216123723, 39.136069545673337 ], [ 146.33952399883438, 39.135173559212859 ], [ 146.339185648699441, 39.133379815526553 ], [ 146.339015745181342, 39.132483275083501 ], [ 146.338332496048253, 39.128894552941745 ], [ 146.338161006126171, 39.127997946848296 ], [ 146.337816383220485, 39.126204428891725 ], [ 146.337643391429907, 39.125308246378836 ], [ 146.336251874025407, 39.118131763470615 ], [ 146.336077318314011, 39.117235535092448 ], [ 146.335726467602768, 39.115442291429019 ], [ 146.335550316494761, 39.114546004594672 ], [ 146.334842248771366, 39.11095928884049 ], [ 146.334664516654612, 39.11006297952315 ], [ 146.33430740846066, 39.108270064112787 ], [ 146.334128093537316, 39.107373770983031 ], [ 146.333917003767652, 39.106323310672735 ], [ 146.333802306931972, 39.105754129749812 ], [ 146.333572260352327, 39.104615703152376 ], [ 146.33345695557469, 39.104046682308962 ], [ 146.332994342515718, 39.101769995489349 ], [ 146.332878441487566, 39.101201169798543 ], [ 146.332645954148489, 39.100063288190569 ], [ 146.332529460467043, 39.099494694524907 ], [ 146.332006857231505, 39.096950752575538 ], [ 146.330989254551156, 39.091711964236055 ], [ 146.330529321471801, 39.089371829346646 ], [ 146.329597996151648, 39.08468824826457 ], [ 146.329127061665218, 39.08234715739593 ], [ 146.328946609099177, 39.08146034402003 ], [ 146.328765525209434, 39.080570412694783 ], [ 146.328584443118331, 39.079680480470159 ], [ 146.328403362825526, 39.078790546447067 ], [ 146.328222286130114, 39.077900613322981 ], [ 146.328041211233341, 39.077010681098358 ], [ 146.327860138135321, 39.076120747974556 ], [ 146.327679067735659, 39.075230814850556 ], [ 146.327497963161392, 39.074340700063686 ], [ 146.327316898156624, 39.073450768738439 ], [ 146.327135871823685, 39.072561017277479 ], [ 146.326954811316028, 39.071671085053055 ], [ 146.326773753506842, 39.070781151929054 ], [ 146.326592697495499, 39.069891218805054 ], [ 146.326411644182627, 39.069001286580601 ], [ 146.326230593567772, 39.068111354355807 ], [ 146.326049544751555, 39.067221421232006 ], [ 146.325868498633014, 39.066331489007382 ], [ 146.325687455212773, 39.065441556783014 ], [ 146.325506413590716, 39.064551623658758 ], [ 146.325325374667301, 39.063661690534929 ], [ 146.325144338440765, 39.062771758310504 ], [ 146.324963304014119, 39.061881825186333 ], [ 146.324782235412755, 39.060991711298925 ], [ 146.324601206381345, 39.060101779973593 ], [ 146.324420216020513, 39.059212029412265 ], [ 146.324239191486214, 39.058322097187556 ], [ 146.324058169649589, 39.057432164963018 ], [ 146.323877150510981, 39.056542232738138 ], [ 146.323696133171012, 39.055652300513771 ], [ 146.323515117629341, 39.054762368289062 ], [ 146.323334105685063, 39.053872435165061 ], [ 146.32315309553988, 39.052982502940608 ], [ 146.322972088091916, 39.052092570715985 ], [ 146.322791082443047, 39.051202639390567 ], [ 146.322610079491852, 39.050312707166114 ], [ 146.322429079239015, 39.049422774042313 ], [ 146.322248043912992, 39.04853266015445 ], [ 146.322067048156129, 39.047642728829373 ], [ 146.321886091970356, 39.046752978267619 ], [ 146.321705101609524, 39.045863046942372 ], [ 146.321524113047786, 39.044973115617381 ], [ 146.321343127184065, 39.044083182493296 ], [ 146.321162143119096, 39.043193251168134 ], [ 146.320981161751689, 39.042303318943254 ], [ 146.320800183082753, 39.041413387618178 ], [ 146.320619207111378, 39.040523455393554 ], [ 146.320438232938756, 39.039633524967485 ], [ 146.320257520469141, 39.038744867082414 ], [ 146.320076552591132, 39.037854935757082 ], [ 146.319895326608645, 39.036963730092538 ], [ 146.319714324557168, 39.036073613506943 ], [ 146.319533362075816, 39.035183683080959 ], [ 146.319352440063682, 39.034293933418667 ], [ 146.319171482978192, 39.033404002093391 ], [ 146.318990527691341, 39.032514069868768 ], [ 146.318809576001883, 39.031624140342274 ], [ 146.318629259233802, 39.030737324268529 ], [ 146.318165709080773, 39.02848236417006 ], [ 146.317228792675252, 39.02397356722679 ], [ 146.316755567615843, 39.021720398577969 ], [ 146.314842702429502, 39.012707741969052 ], [ 146.314360572283391, 39.010459573550861 ], [ 146.313386310630534, 39.005963306861418 ], [ 146.312858756626753, 39.003555051025245 ], [ 146.312003864687114, 38.999482633017436 ], [ 146.311625260897728, 38.997690052154667 ], [ 146.310861443301889, 38.994103720410749 ], [ 146.310476746604905, 38.992312388706267 ], [ 146.305896275493438, 38.971152771783295 ], [ 146.305211126092928, 38.968031635951547 ], [ 146.303821428016846, 38.961789056720136 ], [ 146.303117382961346, 38.958669889504165 ], [ 146.300262573260085, 38.946192346499998 ], [ 146.299539942814391, 38.943075918619087 ], [ 146.298075565035703, 38.936844068299393 ], [ 146.297718965857968, 38.935336091387967 ], [ 146.297334418449196, 38.933731173855051 ], [ 146.291326906712158, 38.908817227333685 ], [ 146.290775935261905, 38.906552845937597 ], [ 146.289663275141066, 38.902022204461474 ], [ 146.289002354375754, 38.899359936012672 ], [ 146.288752891433802, 38.898366133890477 ], [ 146.286023196314005, 38.887520760575057 ], [ 146.285231501533332, 38.884413652368607 ], [ 146.283629102101969, 38.878200945917257 ], [ 146.282818613288924, 38.875096187639429 ], [ 146.282287600492879, 38.873086610259179 ], [ 146.281933201056773, 38.871749692494689 ], [ 146.276291078471019, 38.850530727511483 ], [ 146.276146393741925, 38.849987559478791 ], [ 146.275855695085198, 38.848898477782939 ], [ 146.275710099342206, 38.848354131638246 ], [ 146.275125658722487, 38.846173504104314 ], [ 146.274979342623425, 38.845628689413019 ], [ 146.274686057516391, 38.844538859481105 ], [ 146.274539208118227, 38.843994286707385 ], [ 146.273360450525189, 38.839631710535429 ], [ 146.272685994963382, 38.837158465191436 ], [ 146.271325096776792, 38.832213385539717 ], [ 146.270638921249912, 38.829742514405893 ], [ 146.267869905072672, 38.819859882428148 ], [ 146.267172126493307, 38.817391407987571 ], [ 146.265764397909294, 38.812455189356115 ], [ 146.265054938035775, 38.809989155675567 ], [ 146.260591180039484, 38.794605297896794 ], [ 146.260030259389993, 38.792684775882208 ], [ 146.258900663235778, 38.788842945845545 ], [ 146.25833244368792, 38.786923197248115 ], [ 146.256044183493174, 38.779242684802512 ], [ 146.255468918656248, 38.777324346342084 ], [ 146.254310942596504, 38.773487955405244 ], [ 146.253728768268644, 38.771571675492993 ], [ 146.2480733977699, 38.753072092203723 ], [ 146.247362086191998, 38.750762719524317 ], [ 146.245928342919541, 38.746143454357423 ], [ 146.245206489488197, 38.74383543605677 ], [ 146.242297036979409, 38.734602423963224 ], [ 146.24156494296804, 38.732296403956269 ], [ 146.240090028732681, 38.727685153547213 ], [ 146.239347811053364, 38.725381794634359 ], [ 146.233364543239446, 38.706946168431301 ], [ 146.232612315206694, 38.70464483928842 ], [ 146.231096742621304, 38.700041781703362 ], [ 146.23033401230569, 38.697741922052359 ], [ 146.227261074739687, 38.688541787374106 ], [ 146.226488157802834, 38.686244038432051 ], [ 146.22493163009122, 38.681649448863425 ], [ 146.22414865333846, 38.679354472531429 ], [ 146.217839280558934, 38.660986408796276 ], [ 146.217046359102966, 38.658693571951346 ], [ 146.215449410462526, 38.6541076212701 ], [ 146.214646028991666, 38.651816370829266 ], [ 146.211410513785069, 38.642650910411618 ], [ 146.21059700414915, 38.64036188129603 ], [ 146.208959319817183, 38.635784850091397 ], [ 146.208135813317568, 38.633498704202367 ], [ 146.201502180981691, 38.615201788531976 ], [ 146.200668798127396, 38.612917890948211 ], [ 146.198990936583215, 38.608349942895842 ], [ 146.198147135982168, 38.606067746829581 ], [ 146.194749980227954, 38.596938748524735 ], [ 146.193896111717123, 38.594658887098603 ], [ 146.192177742909081, 38.59010030548518 ], [ 146.191313944083987, 38.587823436102894 ], [ 146.184357950659802, 38.569601232511332 ], [ 146.183484343828383, 38.567326720252453 ], [ 146.181726046920318, 38.562777663359043 ], [ 146.180842068207681, 38.560504967730452 ], [ 146.177284234180917, 38.551414208599226 ], [ 146.17639024781252, 38.549143956428793 ], [ 146.174591680162422, 38.544604712038108 ], [ 146.173687830929708, 38.542337561629552 ], [ 146.166411427945746, 38.524193614344313 ], [ 146.165497841752909, 38.521928928977246 ], [ 146.16365960051067, 38.517399649074832 ], [ 146.162735690100618, 38.515136893653221 ], [ 146.159018166156471, 38.506086140862976 ], [ 146.158084310143664, 38.503825940415197 ], [ 146.156206039177647, 38.499306914582888 ], [ 146.155262390447461, 38.497049923815467 ], [ 146.147667581594447, 38.47898775638032 ], [ 146.147192646923742, 38.477861288967802 ], [ 146.146239243247379, 38.47560657258569 ], [ 146.145761419055162, 38.474479848866366 ], [ 146.143843621986463, 38.469970617550388 ], [ 146.143363194256864, 38.468844247264627 ], [ 146.142399576979784, 38.466591564249768 ], [ 146.141916778636784, 38.465466166131051 ], [ 146.138040601693007, 38.456455924201975 ], [ 146.137555269960529, 38.455330890308716 ], [ 146.136581582974287, 38.453080276633926 ], [ 146.136093620724893, 38.451955612361985 ], [ 146.134135784039614, 38.44745587069221 ], [ 146.133645233540989, 38.446331600323333 ], [ 146.132477925216591, 38.444150461075537 ], [ 146.132035498340116, 38.443007999220185 ], [ 146.13168849223095, 38.442164733715828 ], [ 146.131336905874292, 38.441311099927816 ], [ 146.130986502125694, 38.44045559734829 ], [ 146.13060791992055, 38.439611017035219 ], [ 146.130244945448482, 38.438760520981646 ], [ 146.129881329760252, 38.437908528456319 ], [ 146.129512693156613, 38.437043843798762 ], [ 146.129149905744413, 38.436211355769842 ], [ 146.128779900372734, 38.435361981170928 ], [ 146.128410882457302, 38.434514865668916 ], [ 146.128041301565105, 38.4336664533445 ], [ 146.12767180071333, 38.432818223582615 ], [ 146.12730200668264, 38.431969314832486 ], [ 146.126932195564819, 38.431120368310872 ], [ 146.126563185743095, 38.430273256405968 ], [ 146.126193610247384, 38.429424839585096 ], [ 146.125823567104504, 38.428575348074361 ], [ 146.125454612141567, 38.427728355779209 ], [ 146.125084993478509, 38.426879826543171 ], [ 146.124715556478492, 38.426031722686162 ], [ 146.124346266967251, 38.425183936290068 ], [ 146.123968471667951, 38.424336552790066 ], [ 146.12359249389911, 38.423493193756258 ], [ 146.123215641988992, 38.422647876898424 ], [ 146.122838422255683, 38.421801723671194 ], [ 146.122462206166375, 38.42095782234594 ], [ 146.122085415409998, 38.420112629594598 ], [ 146.121708707391264, 38.41926761760692 ], [ 146.121331698100363, 38.418421931127682 ], [ 146.120954675318927, 38.41757620507812 ], [ 146.120578468222249, 38.416732308250062 ], [ 146.120201681962641, 38.41588711100178 ], [ 146.119824419961361, 38.415040841761851 ], [ 146.119448270422282, 38.41419706274462 ], [ 146.119071438296515, 38.413351754879926 ], [ 146.11869479862699, 38.41250686789806 ], [ 146.118317962903944, 38.411661547443003 ], [ 146.117940547119275, 38.410814915776172 ], [ 146.117496559019656, 38.409859417578446 ], [ 146.117178428342214, 38.40913534462095 ], [ 146.116777266858008, 38.408301253100831 ], [ 146.116378313209481, 38.407468952130813 ], [ 146.116006834748333, 38.406622438275377 ], [ 146.115624807240039, 38.405781117105391 ], [ 146.115236908057142, 38.40494289679765 ], [ 146.115029338233768, 38.404008521876392 ], [ 146.114657032396764, 38.40316228860911 ], [ 146.114284606949838, 38.402315776552314 ], [ 146.113911460245987, 38.40146762413201 ], [ 146.113539360353485, 38.400621845022329 ], [ 146.11316674425089, 38.399774884204135 ], [ 146.112794126348405, 38.39892791888883 ], [ 146.112421508446715, 38.398080944580443 ], [ 146.112048171986117, 38.397232336203729 ], [ 146.111676282534887, 38.39638701215128 ], [ 146.111303675424921, 38.395540049534077 ], [ 146.110930545808657, 38.394691897113802 ], [ 146.110558463003287, 38.393846118004376 ], [ 146.110185863087651, 38.392999159883772 ], [ 146.109813262273093, 38.392152193669176 ], [ 146.109440662357457, 38.391305223857557 ], [ 146.109067541734618, 38.390457067839861 ], [ 146.108695270071081, 38.389610837270709 ], [ 146.108322878798418, 38.38876432791173 ], [ 146.107949767168833, 38.387916177290265 ], [ 146.107577701450651, 38.387070401778146 ], [ 146.107205119521467, 38.38622344275791 ], [ 146.106832535793416, 38.385376480140877 ], [ 146.106459952964912, 38.384529511228465 ], [ 146.106086851227843, 38.383681359707538 ], [ 146.105714794502688, 38.382835580598112 ], [ 146.105342020118798, 38.381988162923676 ], [ 146.104969125225608, 38.381140468258451 ], [ 146.104597077493878, 38.380294694545 ], [ 146.104224512651427, 38.379447738223121 ], [ 146.103851946011133, 38.378600775605832 ], [ 146.103479380269761, 38.377753807592512 ], [ 146.103106293821185, 38.376905653373569 ], [ 146.102734056331911, 38.37605942550249 ], [ 146.102361699233512, 38.375212919741102 ], [ 146.101988621778361, 38.374364770018474 ], [ 146.101616590234386, 38.373518997204201 ], [ 146.101244042479522, 38.372672041781868 ], [ 146.100871492925563, 38.371825080963134 ], [ 146.100498944271322, 38.370978113849105 ], [ 146.100125876708518, 38.370129965925742 ], [ 146.099753855057344, 38.369284189514246 ], [ 146.099381114846921, 38.368436774538111 ], [ 146.099008253229073, 38.367589080771808 ], [ 146.098636240570528, 38.366743310655664 ], [ 146.098263709902795, 38.365896356132339 ], [ 146.097891177436765, 38.365049396212981 ], [ 146.097518645869656, 38.364202430897848 ], [ 146.097145594494265, 38.363354281175759 ], [ 146.096773590829144, 38.362508511059332 ], [ 146.096401067355742, 38.361661549341591 ], [ 146.096027822626667, 38.360812947260087 ], [ 146.095656025805425, 38.359967631301544 ], [ 146.095283513124542, 38.35912068037544 ], [ 146.094910997744847, 38.358273722254893 ], [ 146.09453848326487, 38.357426757838965 ], [ 146.094165449875987, 38.356578610814722 ], [ 146.093793462399077, 38.355732837101073 ], [ 146.093420759061274, 38.354885430218815 ], [ 146.093048455022569, 38.354038928054706 ], [ 146.092675952233691, 38.353191967235801 ], [ 146.092302928737951, 38.352343821110736 ], [ 146.091930952951685, 38.351498050994763 ], [ 146.091558458256515, 38.350651093773422 ], [ 146.091185441056183, 38.34980294674881 ], [ 146.090813472464703, 38.348957179330739 ], [ 146.09044098586358, 38.348110225706904 ], [ 146.09006829781427, 38.34726281522714 ], [ 146.089696010862696, 38.346416307666914 ], [ 146.089323006252386, 38.345568163340431 ], [ 146.088951047553252, 38.34472239592219 ], [ 146.088578569945838, 38.343875440499602 ], [ 146.088205570730935, 38.343027296173091 ], [ 146.087833618327664, 38.342181527855672 ], [ 146.087461148813674, 38.341334578728208 ], [ 146.087088677501384, 38.340487619708313 ], [ 146.086716008337504, 38.339640204732177 ], [ 146.086343219564498, 38.338792516361991 ], [ 146.085971278851872, 38.337946750742162 ], [ 146.085598818331306, 38.337099797118299 ], [ 146.085225835304897, 38.336251652791958 ], [ 146.084853900887225, 38.335405886272923 ], [ 146.084481447561444, 38.334558936246367 ], [ 146.084108794585774, 38.333711527565356 ], [ 146.083736541808804, 38.33286502270289 ], [ 146.08336357047304, 38.332016881074765 ], [ 146.082991646847546, 38.331171116354199 ], [ 146.082619203414112, 38.330324163629712 ], [ 146.082246238373756, 38.329476021101954 ], [ 146.081874320144294, 38.328630255482267 ], [ 146.081501884804567, 38.327783309052847 ], [ 146.0811294476662, 38.326936352731138 ], [ 146.080756811778002, 38.326088939553387 ], [ 146.080384057179259, 38.325241253881131 ], [ 146.080012151540615, 38.324395490959574 ], [ 146.079639727891987, 38.323548547228086 ], [ 146.079269531863844, 38.322706664881139 ], [ 146.077850556358754, 38.319505796955383 ], [ 146.075651220228025, 38.314584086186869 ], [ 146.075309560588067, 38.313794159473304 ], [ 146.074949115909845, 38.312960773921105 ], [ 146.074306141115841, 38.311479782066613 ], [ 146.073015814528759, 38.308518856860246 ], [ 146.072368665981827, 38.307039384860246 ], [ 146.069770794387097, 38.301122148868558 ], [ 146.069119383053504, 38.299643859476845 ], [ 146.067811895603114, 38.296687674597024 ], [ 146.067156023632066, 38.295210246756 ], [ 146.066789670407417, 38.294388055964447 ], [ 146.066420924086657, 38.293560443160374 ], [ 146.066044449892075, 38.292715481534742 ], [ 146.065667719390177, 38.291869936248872 ], [ 146.065290563509421, 38.291023438581163 ], [ 146.064914256588423, 38.29017883848303 ], [ 146.064537173552509, 38.289332491901433 ], [ 146.064160122892218, 38.288486217265444 ], [ 146.063777813895314, 38.287636298576786 ], [ 146.063403094277675, 38.286796276927021 ], [ 146.063203054478009, 38.286353224122365 ], [ 146.061701881836967, 38.283014194250114 ], [ 146.061513090757131, 38.282572219732515 ], [ 146.061149204373265, 38.281720322535278 ], [ 146.060785733475683, 38.280869410994939 ], [ 146.060389258358356, 38.279943449231155 ], [ 146.06005425460117, 38.279162918634029 ], [ 146.05895579027802, 38.276620320271945 ], [ 146.058503103036202, 38.275579390976645 ], [ 146.058077077095987, 38.274600903409237 ], [ 146.057707661680212, 38.273752507272775 ], [ 146.05733754119538, 38.272902492356536 ], [ 146.056968583533973, 38.272055144829466 ], [ 146.056599359673243, 38.271207177669339 ], [ 146.056229188826734, 38.270357035049557 ], [ 146.055860520747302, 38.269510342228813 ], [ 146.055490919171376, 38.268661496431264 ], [ 146.055121577499648, 38.26781325048151 ], [ 146.054752123412669, 38.266964736533964 ], [ 146.054382336575969, 38.266115459960986 ], [ 146.054014934742469, 38.265271651265977 ], [ 146.052439848620594, 38.261687109173153 ], [ 146.05206667223959, 38.260845522703107 ], [ 146.051692802481767, 38.26000234173506 ], [ 146.051317984837652, 38.259157018582073 ], [ 146.050942883008503, 38.258311053312838 ], [ 146.050567796466936, 38.257465115922855 ], [ 146.050192552545042, 38.256618823300641 ], [ 146.049817155737543, 38.255772179043106 ], [ 146.049442371369111, 38.254926914346015 ], [ 146.049067122950106, 38.25408060283803 ], [ 146.048691664989207, 38.253233811091718 ], [ 146.048318107295273, 38.25239130191747 ], [ 146.046642529130082, 38.248647756089554 ], [ 146.046030685268903, 38.247271654863425 ], [ 146.045651933989944, 38.246432021720693 ], [ 146.045271664656326, 38.245589003529972 ], [ 146.044891040989597, 38.244745204728019 ], [ 146.044639217326704, 38.244186940675178 ], [ 146.044268135466979, 38.243087158845839 ], [ 146.043896620133893, 38.242241829397443 ], [ 146.043523675777607, 38.241393247101087 ], [ 146.043152179330406, 38.240547954524885 ], [ 146.042779967022767, 38.239701026081775 ], [ 146.042407752916034, 38.238854089545043 ], [ 146.042035537910721, 38.238007146712931 ], [ 146.041662804895424, 38.237159020372928 ], [ 146.04129111869068, 38.236313273639126 ], [ 146.040918913577372, 38.235466338001402 ], [ 146.040546185958561, 38.234618208963639 ], [ 146.040174306399678, 38.233772008072066 ], [ 146.039802309929343, 38.232925533786727 ], [ 146.039430112910082, 38.232078599947954 ], [ 146.039057916789858, 38.231231661612128 ], [ 146.038687004002696, 38.230387638878824 ], [ 146.036382861780254, 38.225212806726176 ], [ 146.032454736397341, 38.216503216250857 ], [ 146.031905492544894, 38.215244306579933 ], [ 146.031532311667576, 38.21440103657892 ], [ 146.031159379003071, 38.213558312466375 ], [ 146.02957827461799, 38.210029976202691 ], [ 146.028786587931478, 38.208204603360286 ], [ 146.028400150147746, 38.207334222396895 ], [ 146.027542074607965, 38.205314597790846 ], [ 146.025578879762435, 38.200742549729284 ], [ 146.021598519956143, 38.191579963544768 ], [ 146.019587812128435, 38.187004617669345 ], [ 146.017819200895957, 38.183026262452529 ], [ 146.017477096091994, 38.182229017055988 ], [ 146.016527096349279, 38.180027522552479 ], [ 146.014431687672783, 38.175198759415593 ], [ 146.013378267693525, 38.172785993479209 ], [ 146.01300951148076, 38.171946559086905 ], [ 146.012637470043643, 38.171099643234356 ], [ 146.01226522536038, 38.170252257935886 ], [ 146.011892861966572, 38.169404600142684 ], [ 146.011521347532522, 38.168558868697261 ], [ 146.011149311492233, 38.167711945650211 ], [ 146.010776752945645, 38.166863829202725 ], [ 146.010405243907172, 38.166018097757501 ], [ 146.010033217759684, 38.165171180106285 ], [ 146.009661188913384, 38.164324257059207 ], [ 146.009289160966802, 38.163477326817542 ], [ 146.008916412663012, 38.162628756212484 ], [ 146.008545114066266, 38.16178348072367 ], [ 146.008173096911406, 38.1609365612739 ], [ 146.007800556350873, 38.160088448423551 ], [ 146.007429063501405, 38.15924271607895 ], [ 146.007057053540876, 38.158395800226401 ], [ 146.006685040882786, 38.157548875380769 ], [ 146.006312830373787, 38.156701492780314 ], [ 146.005940500254525, 38.155853835886205 ], [ 146.005569019095702, 38.155008107138826 ], [ 146.005197018128257, 38.154161186789764 ], [ 146.004824493755933, 38.153313073939614 ], [ 146.004453017992802, 38.152467344292944 ], [ 146.0040810251202, 38.151620429339744 ], [ 146.003709031347086, 38.150773508990682 ], [ 146.003337036675845, 38.149926580547771 ], [ 146.002964322545978, 38.149078012640615 ], [ 146.002593057224459, 38.148232738950099 ], [ 146.002221074243863, 38.147385822198459 ], [ 146.001848566958671, 38.146537712046211 ], [ 146.001477108282671, 38.145691982399626 ], [ 146.00110513249669, 38.144845069245008 ], [ 146.000733154911501, 38.143998148895946 ], [ 146.000361178226314, 38.143151224949605 ], [ 145.999988679934546, 38.14230311120005 ], [ 145.999617032401062, 38.141456928294986 ], [ 145.999245264358166, 38.140610465701002 ], [ 145.998872775059027, 38.139762357347422 ], [ 145.998501333470159, 38.138916630398484 ], [ 145.998129374771821, 38.138069718143413 ], [ 145.997757413374671, 38.137222799592934 ], [ 145.997385452876898, 38.136375874747301 ], [ 145.99701277292192, 38.135527308638899 ], [ 145.996641541774494, 38.134682038545691 ], [ 145.996269592068785, 38.133835123592576 ], [ 145.995897118957686, 38.132987016138259 ], [ 145.99552569445612, 38.132141289189519 ], [ 145.9951537519444, 38.13129437783374 ], [ 145.994781808534555, 38.1304474610819 ], [ 145.994409865123458, 38.129600538934199 ], [ 145.994037401005954, 38.128752426983397 ], [ 145.993665786747471, 38.127906246776234 ], [ 145.993294052878724, 38.127059787779388 ], [ 145.992921597753849, 38.126211681224532 ], [ 145.992550189440323, 38.125365956973724 ], [ 145.99217826401653, 38.124519046517207 ], [ 145.991806337693362, 38.123672131564007 ], [ 145.991434411369852, 38.122825210315682 ], [ 145.991061966137323, 38.121977103760742 ], [ 145.99069056681688, 38.121131376811832 ], [ 145.990318449837247, 38.120284006802024 ], [ 145.989946210549675, 38.1194363571027 ], [ 145.989574820222202, 38.118590635549822 ], [ 145.989202911885542, 38.117743726891945 ], [ 145.988831002649164, 38.116896811938943 ], [ 145.988459092513409, 38.116049892489173 ], [ 145.988086662570169, 38.115201784135394 ], [ 145.987715082485948, 38.114355605727184 ], [ 145.987343381892089, 38.113509149428154 ], [ 145.986970960042555, 38.112661044672052 ], [ 145.986599586802214, 38.111815324018465 ], [ 145.986227694652968, 38.110968416259965 ], [ 145.985855801604345, 38.110121503105233 ], [ 145.985483909455439, 38.109274584554669 ], [ 145.985111497498252, 38.108426480697915 ], [ 145.984740133250995, 38.107580756447192 ], [ 145.984368049546703, 38.106733388235511 ], [ 145.983995843534018, 38.105885740335282 ], [ 145.983624487380467, 38.105040021480249 ], [ 145.98325261321807, 38.104193116419765 ], [ 145.982880736357203, 38.103346204164495 ], [ 145.982508861295713, 38.102499286513307 ], [ 145.982136465526111, 38.101651181757006 ], [ 145.981765119265702, 38.100805462902144 ], [ 145.981393251398259, 38.099958550646988 ], [ 145.981020662274631, 38.099109990833796 ], [ 145.980649521958782, 38.098264727935202 ], [ 145.980277665782552, 38.097417825572393 ], [ 145.979905806008475, 38.096570915116217 ], [ 145.979533948033833, 38.095723998364292 ], [ 145.979161569351987, 38.094875897205384 ], [ 145.978790239278993, 38.094030178350437 ], [ 145.978418389398058, 38.093183267894005 ], [ 145.978046016111449, 38.092335163137619 ], [ 145.977674492684315, 38.091488990125271 ], [ 145.977302852345559, 38.090642543718786 ], [ 145.976931010558502, 38.089795635060909 ], [ 145.976559168771274, 38.088948721007 ], [ 145.976186807175765, 38.088100618948999 ], [ 145.975815494190243, 38.087254901892521 ], [ 145.975443660497518, 38.08640799143609 ], [ 145.975071104648151, 38.085559434320942 ], [ 145.974699998506509, 38.084714175019371 ], [ 145.974328175605507, 38.083867274455656 ], [ 145.973956350905411, 38.083020366696957 ], [ 145.973584525306393, 38.082173453542424 ], [ 145.973212180798015, 38.081325353282807 ], [ 145.972840884899625, 38.080479637125876 ], [ 145.972469080884053, 38.07963275724623 ], [ 145.972101428139268, 38.078795330140792 ], [ 145.971809067535361, 38.078130517110225 ], [ 145.971223430817219, 38.076801031343052 ], [ 145.97093025722657, 38.076136587933433 ], [ 145.969755483629598, 38.073478479748474 ], [ 145.96946151953378, 38.072814432040815 ], [ 145.968872564318332, 38.071486218814471 ], [ 145.968577812416953, 38.07082259378808 ], [ 145.966214498401001, 38.065510144677773 ], [ 145.965918986572575, 38.064846924346512 ], [ 145.965326774012425, 38.063520008841749 ], [ 145.965030314298502, 38.062856853261678 ], [ 145.963842121017848, 38.060203279458165 ], [ 145.963544886087931, 38.059540546559361 ], [ 145.962949389203942, 38.058214965648546 ], [ 145.962651531044031, 38.057553015160011 ], [ 145.957870458055851, 38.046943610459721 ], [ 145.957571812989585, 38.046281893794969 ], [ 145.95697301019689, 38.044957271561202 ], [ 145.956673257166045, 38.044295263516119 ], [ 145.955471563262819, 38.041645571186564 ], [ 145.955170874936499, 38.040983629691254 ], [ 145.954568471258796, 38.039659636083798 ], [ 145.954266999623229, 38.038998120866978 ], [ 145.951849299106726, 38.033701259705992 ], [ 145.951546920954257, 38.033039822729961 ], [ 145.950940973947382, 38.031716480231808 ], [ 145.950637649708057, 38.031055113403113 ], [ 145.949421991132823, 38.028408712592437 ], [ 145.949117743290259, 38.027747440192854 ], [ 145.948508219679212, 38.026424790172314 ], [ 145.948203049132331, 38.025763641879053 ], [ 145.947819246361433, 38.024933476798907 ], [ 145.947430519803476, 38.024092657450808 ], [ 145.947041558521533, 38.023251326388134 ], [ 145.946652379604444, 38.022409517785576 ], [ 145.946263970506749, 38.021569374727164 ], [ 145.945875240350603, 38.02072852660055 ], [ 145.945485739476027, 38.019886011130893 ], [ 145.945096784489493, 38.019044671075136 ], [ 145.944707612766734, 38.018202857976007 ], [ 145.94431866677391, 38.017361529611435 ], [ 145.943929944711982, 38.01652068148465 ], [ 145.943541002316266, 38.015679351321523 ], [ 145.943151838687214, 38.014837538222196 ], [ 145.942762899888891, 38.013996209857538 ], [ 145.942374186819876, 38.013155362630329 ], [ 145.941985253417585, 38.012314035165019 ], [ 145.941596320913874, 38.011472704102516 ], [ 145.941207167177964, 38.010630892801942 ], [ 145.940818241869039, 38.009789569833401 ], [ 145.940430088178601, 38.008949910610283 ], [ 145.940041165568033, 38.008108582245796 ], [ 145.939651471338976, 38.007265584739315 ], [ 145.939102519766067, 38.006484282524127 ], [ 145.938730079930025, 38.005638583454243 ], [ 145.938345919229533, 38.00479686838105 ], [ 145.937987149088286, 38.003943658173682 ], [ 145.937596895480993, 38.003103426981852 ], [ 145.937229503539498, 38.002253398575874 ], [ 145.936863501949489, 38.001403380062442 ], [ 145.936470404686389, 38.000563889012597 ], [ 145.936018980092427, 37.999583871698718 ], [ 145.9357099253738, 37.998874991887874 ], [ 145.935324716963038, 37.998032566350275 ], [ 145.93493987817331, 37.997190952001318 ], [ 145.934554392771844, 37.996347911327604 ], [ 145.934168234676832, 37.99550340206082 ], [ 145.933782848200764, 37.994660579023048 ], [ 145.933397644286316, 37.993818149888142 ], [ 145.933012233528615, 37.992975267495126 ], [ 145.932626590744945, 37.99213187248813 ], [ 145.932241213262301, 37.991289056645144 ], [ 145.931856014743886, 37.990446629309076 ], [ 145.931470612080062, 37.989603752311723 ], [ 145.931085209415443, 37.988760869918593 ], [ 145.930699573826729, 37.987917476710521 ], [ 145.930314203538074, 37.987074662665833 ], [ 145.929929323380435, 37.986232909821354 ], [ 145.929539006820761, 37.985391455551792 ], [ 145.929149588683032, 37.984551923133182 ], [ 145.928759277518935, 37.983710463467332 ], [ 145.928368792785847, 37.982868626086542 ], [ 145.927957313379835, 37.981981854079777 ], [ 145.927585168521347, 37.981189500095752 ], [ 145.927190277109872, 37.980350491982108 ], [ 145.926795659992223, 37.979512058534993 ], [ 145.926401223638237, 37.978674012696047 ], [ 145.926006579540655, 37.977835519893574 ], [ 145.92561193454415, 37.976997022594787 ], [ 145.925217050327007, 37.976158015380491 ], [ 145.924822440404142, 37.975319584631478 ], [ 145.924428013042785, 37.974481541490292 ], [ 145.924033377938912, 37.973643054084022 ], [ 145.923639094469564, 37.97280530861849 ], [ 145.923244416197718, 37.971966726783421 ], [ 145.922861358065489, 37.971126056722653 ], [ 145.922452902180368, 37.970295290895422 ], [ 145.92205168853539, 37.969460630104436 ], [ 145.921763313726302, 37.968564659831713 ], [ 145.92137448914221, 37.967723339560848 ], [ 145.920985890287426, 37.966882502226156 ], [ 145.920597070199307, 37.966041182854639 ], [ 145.920208028878193, 37.965199378748764 ], [ 145.919819213286729, 37.964358060276709 ], [ 145.919430622525653, 37.963517223841308 ], [ 145.919041811430958, 37.962675906268345 ], [ 145.918653001235811, 37.961834584199096 ], [ 145.918263972504889, 37.960992787287637 ], [ 145.917875716291661, 37.960152657719419 ], [ 145.917487137222025, 37.959311822183281 ], [ 145.917097786534242, 37.958469315706793 ], [ 145.916708760501621, 37.957627508003412 ], [ 145.916319963795587, 37.956786190430648 ], [ 145.915931391920736, 37.95594535489451 ], [ 145.915542599711813, 37.955104039120329 ], [ 145.915153806603172, 37.954262718849805 ], [ 145.914764794960007, 37.953420918341124 ], [ 145.914376008146775, 37.952579601667651 ], [ 145.913987446164271, 37.951738767930237 ], [ 145.913598663847807, 37.950897450357473 ], [ 145.913209659398973, 37.950055650747913 ], [ 145.912820883377464, 37.949214339470643 ], [ 145.912432878974897, 37.94837469373752 ], [ 145.91204410655078, 37.94753338066144 ], [ 145.911654783741852, 37.946690873285576 ], [ 145.911265787386725, 37.945849068280296 ], [ 145.910877019459718, 37.945007753405463 ], [ 145.910488476362644, 37.944166920567454 ], [ 145.910099712033031, 37.943325604793245 ], [ 145.909710726469626, 37.942483806083231 ], [ 145.909321966636327, 37.941642491208398 ], [ 145.908933431633301, 37.940801659269567 ], [ 145.908544677195692, 37.939960347092665 ], [ 145.908155921859048, 37.939119029520157 ], [ 145.907766947087822, 37.938277231709321 ], [ 145.907378197146869, 37.937435918633128 ], [ 145.906989675634037, 37.936595092090357 ], [ 145.906601483272226, 37.935754976011594 ], [ 145.906215849482265, 37.93492039076375 ], [ 145.904535480628425, 37.931315675078963 ], [ 145.9027795345485, 37.927581365288233 ], [ 145.902509337736461, 37.92699129311427 ], [ 145.902123357707552, 37.926148361258129 ], [ 145.901736990070646, 37.925304579543052 ], [ 145.901351041518325, 37.924461713337791 ], [ 145.900965424815041, 37.923619564791494 ], [ 145.900579355753081, 37.922776423393827 ], [ 145.900193479146679, 37.921933701079951 ], [ 145.899807123200873, 37.921089925659913 ], [ 145.899422298800886, 37.920249494818563 ], [ 145.899041156225252, 37.919417091326096 ], [ 145.898632217403502, 37.918525934224931 ], [ 145.897812721879887, 37.916743964462768 ], [ 145.897402302774964, 37.915853448578105 ], [ 145.895757041655003, 37.912291224061136 ], [ 145.895345078413442, 37.911401165931551 ], [ 145.89451936587696, 37.909621026289614 ], [ 145.894105755077391, 37.908731246950083 ], [ 145.893722059326393, 37.907907602853953 ], [ 145.893335851769081, 37.90707853584621 ], [ 145.892944308533998, 37.906238009676827 ], [ 145.892552701446363, 37.905397343213281 ], [ 145.892161168104082, 37.904556830533721 ], [ 145.891769380253464, 37.903715769267592 ], [ 145.891377811837202, 37.902875172951383 ], [ 145.890986286588628, 37.902034666566806 ], [ 145.890594711877299, 37.90119405316338 ], [ 145.890203255876173, 37.900353688872173 ], [ 145.889814719074508, 37.899519586560132 ], [ 145.889385770337896, 37.89860078160109 ], [ 145.888471985394091, 37.896648037777027 ], [ 145.887163412462115, 37.893682062877303 ], [ 145.886777419842389, 37.892846489274461 ], [ 145.88638878591442, 37.892005193285598 ], [ 145.886000372319614, 37.891164370339737 ], [ 145.885611739291363, 37.890323068055636 ], [ 145.885223106262316, 37.889481760375503 ], [ 145.884834253798232, 37.888639972457185 ], [ 145.884445628863233, 37.887798674669483 ], [ 145.884057774647118, 37.886959041527007 ], [ 145.883669152409794, 37.886117738343444 ], [ 145.883279758554323, 37.885274762420863 ], [ 145.882891136317795, 37.884433452941721 ], [ 145.882502741608874, 37.883592632694331 ], [ 145.882114127465599, 37.882751330409974 ], [ 145.88172551242306, 37.881910025427828 ], [ 145.881336678845543, 37.881068239308092 ], [ 145.880948069199036, 37.880226937023735 ], [ 145.880559685281838, 37.879386116776345 ], [ 145.880171080131646, 37.878544813592612 ], [ 145.879782253748459, 37.877703028372594 ], [ 145.879393653095377, 37.87686172698767 ], [ 145.879005279970585, 37.87602091393444 ], [ 145.878617233299366, 37.875180802352531 ], [ 145.878228638041975, 37.874339498269876 ], [ 145.877839272964735, 37.873496525045141 ], [ 145.877450679505984, 37.872655218264185 ], [ 145.877062314475012, 37.871814399815008 ], [ 145.876673727311669, 37.870973098430198 ], [ 145.876284919813912, 37.870131314109358 ], [ 145.87589633804626, 37.869290014523187 ], [ 145.875507980209619, 37.868449196073925 ], [ 145.875119402939077, 37.867607898286224 ], [ 145.87473082566774, 37.86676659510249 ], [ 145.874342028062784, 37.865924811681111 ], [ 145.873953456187934, 37.865083512994119 ], [ 145.873565109143016, 37.864242696343695 ], [ 145.873176544462495, 37.863401402153556 ], [ 145.872788304437478, 37.862560808535022 ], [ 145.872400733507817, 37.861721658328378 ], [ 145.870475984679757, 37.857596105676151 ], [ 145.869409774542333, 37.85538594170805 ], [ 145.869000018236562, 37.854488392226017 ], [ 145.868647963333643, 37.853718255993101 ], [ 145.868263025618518, 37.852876182989689 ], [ 145.867877620256678, 37.852033081162233 ], [ 145.867491870453733, 37.851189226601946 ], [ 145.867106560419899, 37.850346328920352 ], [ 145.866721235097572, 37.849503395265742 ], [ 145.866335584220479, 37.848659743952567 ], [ 145.865950256200136, 37.847816801304702 ], [ 145.865565167399296, 37.846974373968465 ], [ 145.865179813298397, 37.846131364771168 ], [ 145.864794167817337, 37.845287714357028 ], [ 145.864408846990983, 37.844444772608625 ], [ 145.864024153892188, 37.843603199628433 ], [ 145.863640456342893, 37.842763794014246 ], [ 145.861954177144213, 37.839107810677206 ], [ 145.861565215862726, 37.838272017639923 ], [ 145.861175509942569, 37.837434593232246 ], [ 145.860784850741055, 37.836595114773246 ], [ 145.860393812025592, 37.835754822427674 ], [ 145.86000236681619, 37.834913648746465 ], [ 145.859611026828048, 37.834072700794934 ], [ 145.859219956636167, 37.83323233020829 ], [ 145.85882899796016, 37.832392196143218 ], [ 145.858437930466749, 37.831551822858842 ], [ 145.858047839636896, 37.830713547692397 ], [ 145.856876689408097, 37.828212103206454 ], [ 145.856653819419222, 37.827739683939825 ], [ 145.856092445510541, 37.826536916246027 ], [ 145.855468443714614, 37.825216382330382 ], [ 145.855072741115038, 37.824381638802038 ], [ 145.854675746189656, 37.823544163132965 ], [ 145.85427949860096, 37.822708263975585 ], [ 145.853550576498634, 37.821247684033892 ], [ 145.852613385799913, 37.819256748700241 ], [ 145.851832952329261, 37.817327053601048 ], [ 145.851429502070715, 37.816442380611875 ], [ 145.849780971914953, 37.812869634926187 ], [ 145.849555290644759, 37.812375917914551 ], [ 145.847658003514681, 37.80822944613243 ], [ 145.847318250437894, 37.807487782435572 ], [ 145.846297909321862, 37.805263093517169 ], [ 145.845993782887064, 37.804600562066753 ], [ 145.845633115176526, 37.803814502437717 ], [ 145.844703752177253, 37.801792768022295 ], [ 145.844238090416098, 37.800782251100401 ], [ 145.843853519625242, 37.799949765769441 ], [ 145.842895988059837, 37.797887404480662 ], [ 145.840972489289612, 37.793765054314093 ], [ 145.84005568352373, 37.791809438055481 ], [ 145.839617462776488, 37.790879496791746 ], [ 145.83922642675887, 37.790049688742727 ], [ 145.838894472602448, 37.789345260575828 ], [ 145.837540493799594, 37.7863209187758 ], [ 145.834716620775822, 37.780109500153685 ], [ 145.834330137127012, 37.779272287086911 ], [ 145.833941557157829, 37.778430527946909 ], [ 145.833553748806963, 37.777590437049525 ], [ 145.833165616700427, 37.776749639284958 ], [ 145.832776714774383, 37.77590716968075 ], [ 145.83238835873604, 37.775065878188201 ], [ 145.831999785062891, 37.774224112753046 ], [ 145.831611437118596, 37.773382832052476 ], [ 145.831223314005484, 37.772542034287738 ], [ 145.8308349705583, 37.771700752687991 ], [ 145.830446404978062, 37.770858987252836 ], [ 145.83005806512827, 37.770017707451643 ], [ 145.829669951007787, 37.769176910586452 ], [ 145.829281616554027, 37.768335631684437 ], [ 145.828893281200834, 37.767494349185313 ], [ 145.828504726412831, 37.766652584649364 ], [ 145.828116400052437, 37.76581131114358 ], [ 145.82772884441161, 37.764971704980667 ], [ 145.827340520749232, 37.764130425179474 ], [ 145.82695142456933, 37.763287471739886 ], [ 145.826563100007576, 37.762446187441924 ], [ 145.826175003873601, 37.76160539147611 ], [ 145.825786688306067, 37.760764114372819 ], [ 145.82539837183802, 37.759922832773157 ], [ 145.825009835036354, 37.759081070035876 ], [ 145.824621523964794, 37.758239792932415 ], [ 145.824233438622883, 37.757398997865948 ], [ 145.823845131148715, 37.756557718963961 ], [ 145.823456603340475, 37.755715957126114 ], [ 145.823068300362621, 37.754874680022681 ], [ 145.822680224913057, 37.754033892150801 ], [ 145.822292476817125, 37.75319380754857 ], [ 145.821904180134226, 37.752352527747462 ], [ 145.821515112732556, 37.751509576106429 ], [ 145.821126816949828, 37.750668293607305 ], [ 145.820738750493348, 37.749827501238428 ], [ 145.820350461904951, 37.74898622323596 ], [ 145.819961951183842, 37.748144462297489 ], [ 145.81957366709176, 37.74730318699298 ], [ 145.819185607830065, 37.746462394624274 ], [ 145.818797329134298, 37.74562112111812 ], [ 145.818409049538701, 37.744779842216275 ], [ 145.818020549609315, 37.743938083076387 ], [ 145.817632275410034, 37.743096808671226 ], [ 145.817244226940062, 37.742256016302349 ], [ 145.816855959036189, 37.74141474729322 ], [ 145.816468017585663, 37.740574177956233 ], [ 145.816079752379466, 37.739732904450534 ], [ 145.815691162517936, 37.738890923178019 ], [ 145.815302898211172, 37.73804964517538 ], [ 145.814914637501289, 37.737208367172911 ], [ 145.814526156457333, 37.736366608932371 ], [ 145.814137900244901, 37.735525336325594 ], [ 145.8137498706607, 37.734684546654989 ], [ 145.813361618944242, 37.733843273148864 ], [ 145.812973145095413, 37.733001514008947 ], [ 145.812584897875269, 37.732160241402539 ], [ 145.812196875485853, 37.731319452630942 ], [ 145.81180863276316, 37.730478181823173 ], [ 145.811420393636723, 37.729636912813874 ], [ 145.811032480065847, 37.728796346174732 ], [ 145.810644243637427, 37.727955075366708 ], [ 145.810255682554299, 37.727113095893174 ], [ 145.809867446126219, 37.726271816991158 ], [ 145.809478991163274, 37.725430060549286 ], [ 145.80909076192998, 37.724588790640524 ], [ 145.808702758426335, 37.723748002768502 ], [ 145.808314534588732, 37.722906732859656 ], [ 145.807926309851752, 37.722065458454495 ], [ 145.807537865680871, 37.721223703811518 ], [ 145.807149647239299, 37.720382433902671 ], [ 145.806761653628456, 37.719541646929912 ], [ 145.806373438783481, 37.718700376121888 ], [ 145.805985001807215, 37.717858621478655 ], [ 145.805596794157537, 37.717017356965926 ], [ 145.805209358125836, 37.716177761594821 ], [ 145.80482115407338, 37.715336495283452 ], [ 145.804432398736736, 37.714494031974482 ], [ 145.804043969854234, 37.713652271035926 ], [ 145.80365576939883, 37.712811002925832 ], [ 145.803267793774495, 37.711970217751713 ], [ 145.80287959871535, 37.711128950541166 ], [ 145.802491402756715, 37.710287678833737 ], [ 145.802102987363611, 37.709445925989087 ], [ 145.801714796801349, 37.708604657878965 ], [ 145.801326831968282, 37.707763873604421 ], [ 145.800938645902676, 37.706922605494128 ], [ 145.800550237704016, 37.70608085264962 ], [ 145.80016205883274, 37.705239590834935 ], [ 145.79977465157927, 37.704399998161676 ], [ 145.79938647540601, 37.703558733649061 ], [ 145.798997748847881, 37.702716273037908 ], [ 145.79860934874327, 37.701874514797368 ], [ 145.798221177066154, 37.701033248485999 ], [ 145.79783323022022, 37.700192466009923 ], [ 145.797445062140838, 37.699351198799263 ], [ 145.797056672827949, 37.698509447753167 ], [ 145.796668509245166, 37.697668182341175 ], [ 145.796280571392032, 37.696827399864986 ], [ 145.795892412305562, 37.695986136251548 ], [ 145.795504253219093, 37.695144867242249 ], [ 145.795115874698723, 37.6943031170957 ], [ 145.794727721008286, 37.693461852582971 ], [ 145.794339795745628, 37.692621077301396 ], [ 145.793952195138019, 37.691781002591597 ], [ 145.79356382561096, 37.690939253344226 ], [ 145.79317513142783, 37.69009679902851 ], [ 145.792787207963812, 37.689256012055921 ], [ 145.792399067763569, 37.688414749341575 ], [ 145.792010927562529, 37.687573482131029 ], [ 145.791622567028213, 37.686731733783034 ], [ 145.791234432224002, 37.685890471068774 ], [ 145.790846522250007, 37.685049690391338 ], [ 145.790458391042563, 37.6842084267779 ], [ 145.790070038601954, 37.683366679329282 ], [ 145.789681911891449, 37.682525415715844 ], [ 145.789294010010877, 37.681684636836962 ], [ 145.78890589139408, 37.680843382216949 ], [ 145.788518318666121, 37.68000330750715 ], [ 145.788129977017235, 37.679161561857086 ], [ 145.787741311613019, 37.678319108440633 ], [ 145.787353416927232, 37.677478323266428 ], [ 145.786965303706467, 37.676637061451743 ], [ 145.78657697015197, 37.675795314902302 ], [ 145.786188861427632, 37.67495405398688 ], [ 145.785800978433286, 37.674113276906667 ], [ 145.785412874205605, 37.673272016890337 ], [ 145.785024770876845, 37.672430753276899 ], [ 145.784636447214808, 37.671589007626835 ], [ 145.784248348383159, 37.670747746711498 ], [ 145.783860476180536, 37.669906970530747 ], [ 145.783472381845655, 37.669065709615239 ], [ 145.783084068075624, 37.668223970260215 ], [ 145.78269652772363, 37.667383901845909 ], [ 145.78230866451409, 37.666543127463797 ], [ 145.781920029685949, 37.665700677644736 ], [ 145.781531940747442, 37.664859408635436 ], [ 145.781143635071572, 37.664017664783842 ], [ 145.7807555560249, 37.663176406566436 ], [ 145.780367700909579, 37.662335631284691 ], [ 145.779979624560298, 37.661494371268816 ], [ 145.779591327877853, 37.660652628316598 ], [ 145.77920325512676, 37.659811370099021 ], [ 145.778815409004693, 37.658970595716795 ], [ 145.778427342548213, 37.658129339298057 ], [ 145.77803927519281, 37.657288078382635 ], [ 145.777650991100728, 37.65644634172574 ], [ 145.777263478627248, 37.655606276009451 ], [ 145.776875643296904, 37.654765502526175 ], [ 145.776487036348414, 37.653923053606491 ], [ 145.77609875405463, 37.653081305258297 ], [ 145.775710701088343, 37.652240048839644 ], [ 145.775322872953126, 37.651399276256086 ], [ 145.774934824483154, 37.650558021635902 ], [ 145.774546776013523, 37.649716761619771 ], [ 145.774158506310556, 37.648875020466448 ], [ 145.773770463237071, 37.648033764946717 ], [ 145.773382645892781, 37.64719299326245 ], [ 145.772994607315951, 37.646351739541529 ], [ 145.772606569638498, 37.645510480424775 ], [ 145.772218309827537, 37.644668740170545 ], [ 145.771830279344414, 37.643827490946506 ], [ 145.771443022278532, 37.642987911763072 ], [ 145.771054993594049, 37.642146657142803 ], [ 145.770666193291078, 37.641303725287116 ], [ 145.770278165505971, 37.640462464371865 ], [ 145.769890366148189, 37.639621694486152 ], [ 145.76950234645679, 37.638780441664437 ], [ 145.769114325866354, 37.637939185245699 ], [ 145.768726085840655, 37.637097445890845 ], [ 145.768338071545287, 37.63625619306913 ], [ 145.767950281181385, 37.635415423183787 ], [ 145.76756227048341, 37.63457416946278 ], [ 145.767174038551303, 37.633732431007388 ], [ 145.766786032350439, 37.632891178185872 ], [ 145.766398253677181, 37.632050415494746 ], [ 145.766010801458066, 37.631210356073439 ], [ 145.76546346956448, 37.630428861403203 ], [ 145.765090848963979, 37.629581075007195 ], [ 145.764707526431863, 37.628739413893413 ], [ 145.764349790511147, 37.627886827815331 ], [ 145.76396065476095, 37.627047133518658 ], [ 145.763593959794122, 37.62619671120973 ], [ 145.763228635393517, 37.625346313182433 ], [ 145.762836810671075, 37.624507308665812 ], [ 145.762400725813251, 37.623559532047295 ], [ 145.762077751387466, 37.622819298272475 ], [ 145.761693024114408, 37.621975972513582 ], [ 145.761308563040672, 37.621133229515351 ], [ 145.760924281830881, 37.620290875923473 ], [ 145.760539797374264, 37.619448075368894 ], [ 145.760155655559544, 37.618606023049921 ], [ 145.75977113063405, 37.617763124469121 ], [ 145.759386345803733, 37.61691965661737 ], [ 145.759001863145755, 37.616076847968543 ], [ 145.758617382286872, 37.615234040219264 ], [ 145.758232668503553, 37.614390718057393 ], [ 145.757848220919215, 37.613547979555989 ], [ 145.757463953199164, 37.612705629561447 ], [ 145.757079478635688, 37.611862825409474 ], [ 145.756694771147664, 37.611019505046499 ], [ 145.75631062123901, 37.610177401466387 ], [ 145.755921622185866, 37.609336421139318 ], [ 145.755532712165319, 37.60849562337475 ], [ 145.755143803943866, 37.607654827408737 ], [ 145.754693620414656, 37.606683774537032 ], [ 145.754363593505929, 37.60597529582364 ], [ 145.753969904487832, 37.605136027805912 ], [ 145.753576523038902, 37.604297414494482 ], [ 145.75318290326905, 37.603458292166863 ], [ 145.752789558692058, 37.602619748103251 ], [ 145.752396395777652, 37.601781594345312 ], [ 145.752003023321805, 37.600942990027391 ], [ 145.751609655361818, 37.600104390205814 ], [ 145.75119388708859, 37.599284769676871 ], [ 145.749494565022502, 37.595708123631482 ], [ 145.748126050477168, 37.59284196988159 ], [ 145.747714288684421, 37.591936498271366 ], [ 145.747495388302156, 37.591421273073848 ], [ 145.747109049443822, 37.59058029994128 ], [ 145.746690970812466, 37.589754090079509 ], [ 145.746299696474381, 37.588915201575787 ], [ 145.746054542183998, 37.587999367976778 ], [ 145.745669334672954, 37.587156346188948 ], [ 145.745282919372045, 37.586310683092051 ], [ 145.744898057200231, 37.58546841493569 ], [ 145.74451439922089, 37.584628778196077 ], [ 145.744133503958352, 37.583795175907113 ], [ 145.743541952399511, 37.582504639777767 ], [ 145.742355527186675, 37.579924420975772 ], [ 145.74176084059107, 37.578635140300037 ], [ 145.739374952692714, 37.573478445674141 ], [ 145.738777044725481, 37.572190131769617 ], [ 145.737577639596935, 37.569613779152945 ], [ 145.736976337588573, 37.568326157726233 ], [ 145.736595630284484, 37.567513452084427 ], [ 145.736126963888665, 37.566513071421753 ], [ 145.734871822377642, 37.563852982929262 ], [ 145.734484546425534, 37.5630374084501 ], [ 145.732646795313741, 37.558855874799292 ], [ 145.732262356722828, 37.558021982029345 ], [ 145.731874313649513, 37.557180266956152 ], [ 145.731485942322848, 37.556337837821246 ], [ 145.731098343514333, 37.55549707782825 ], [ 145.730710525271121, 37.554655839395906 ], [ 145.730322485794574, 37.553814117128297 ], [ 145.729934672048131, 37.552972880494423 ], [ 145.729547084031338, 37.552132128595218 ], [ 145.729159275680928, 37.551290893760182 ], [ 145.728771467330063, 37.550449653529199 ], [ 145.728383437746317, 37.549607932160598 ], [ 145.727995634791142, 37.548766696426355 ], [ 145.727608056667151, 37.547925945426528 ], [ 145.727220256410448, 37.547084708792568 ], [ 145.726832238517687, 37.546242992820282 ], [ 145.726444993142735, 37.545402951385455 ], [ 145.726057424911147, 37.544562201284975 ], [ 145.725669084161751, 37.543719774848114 ], [ 145.725281291099378, 37.542878530120362 ], [ 145.724893279501686, 37.542036810550599 ], [ 145.724505494533815, 37.541195576614911 ], [ 145.7241179352948, 37.540354826514459 ], [ 145.723730153924322, 37.539513591679423 ], [ 145.723342150420677, 37.538671872109632 ], [ 145.722954373546344, 37.537830638174057 ], [ 145.722566822401205, 37.536989888972698 ], [ 145.722179050023982, 37.53614865773477 ], [ 145.721791277645849, 37.53530742110101 ], [ 145.721403287632398, 37.534465707826541 ], [ 145.721016071035393, 37.533625669089759 ], [ 145.720628530683058, 37.532784920787662 ], [ 145.720240217812744, 37.531942494351142 ], [ 145.719852230496969, 37.531100770284525 ], [ 145.719464470709482, 37.530259538147675 ], [ 145.719076937551478, 37.529418790745041 ], [ 145.7186891840594, 37.52857756040649 ], [ 145.71830142966806, 37.527736325571283 ], [ 145.71791345584225, 37.526894608699706 ], [ 145.71752570684626, 37.526053377461693 ], [ 145.717138183580602, 37.525212630059173 ], [ 145.716750438183027, 37.524371397922323 ], [ 145.716362472450697, 37.523529681949753 ], [ 145.715974731549437, 37.522688451611202 ], [ 145.715587219075502, 37.521847711403097 ], [ 145.715200033055822, 37.521007675364331 ], [ 145.714812299348893, 37.520166443227225 ], [ 145.714423793124382, 37.519323533854504 ], [ 145.714036059417282, 37.518482298120119 ], [ 145.713648554138473, 37.517641552516125 ], [ 145.713260827625987, 37.51680032307695 ], [ 145.712872879880052, 37.515958607104466 ], [ 145.7124851569653, 37.515117378564582 ], [ 145.712097659779857, 37.51427663386005 ], [ 145.711709943160059, 37.513435407118635 ], [ 145.711322224741622, 37.5125941749817 ], [ 145.710934286888147, 37.511752460807884 ], [ 145.710546574765118, 37.510911232268001 ], [ 145.710159091069755, 37.510070494757969 ], [ 145.709771933828648, 37.509230462316509 ], [ 145.70938422710131, 37.508389231977958 ], [ 145.70899574875537, 37.507546324403734 ], [ 145.708608043826672, 37.506705091367166 ], [ 145.708220567326094, 37.505864348461387 ], [ 145.707832869592181, 37.505023120820852 ], [ 145.707444949725556, 37.504181407546326 ], [ 145.707057254688863, 37.503340180805083 ], [ 145.706669786281992, 37.502499439697772 ], [ 145.706282097541504, 37.501658213855876 ], [ 145.705894407901638, 37.500816984416701 ], [ 145.705506498826736, 37.499975272940901 ], [ 145.705118814582562, 37.499134047099119 ], [ 145.704731356068038, 37.498293305991808 ], [ 145.704343679017853, 37.497452085545717 ], [ 145.703956326623512, 37.496611567470296 ], [ 145.703568652272139, 37.495770343426983 ], [ 145.703180651466511, 37.494928408919463 ], [ 145.70279297801406, 37.49408717948009 ], [ 145.702405307259909, 37.493245951839754 ], [ 145.702017421567263, 37.492404254753069 ], [ 145.701633411054019, 37.491570962729952 ], [ 145.700013992852433, 37.48808663299215 ], [ 145.697833985850053, 37.48360752896474 ], [ 145.696783890664307, 37.481254877311159 ], [ 145.695975513459672, 37.4794468415989 ], [ 145.69561526033695, 37.47864234946519 ], [ 145.692502939659249, 37.471810405826091 ], [ 145.690126386723733, 37.466679857190115 ], [ 145.689126437735496, 37.464532262654217 ], [ 145.686206421789308, 37.458291167303827 ], [ 145.685024181121804, 37.455752190511475 ], [ 145.684013983458868, 37.45360713476191 ], [ 145.682867903631205, 37.451185904406316 ], [ 145.679302171758678, 37.443132497966644 ], [ 145.67891695075744, 37.442305803370573 ], [ 145.678529596564459, 37.441474488956999 ], [ 145.678138013759082, 37.440634096786653 ], [ 145.677746704347356, 37.439794289175467 ], [ 145.677355231259895, 37.438954126332163 ], [ 145.676963799540516, 37.438114051622733 ], [ 145.676572444263257, 37.437274134294256 ], [ 145.676181072798869, 37.436434180093642 ], [ 145.675789689643381, 37.435594197115023 ], [ 145.675398266018107, 37.434754125103325 ], [ 145.6750069170362, 37.433914209573572 ], [ 145.674599096971548, 37.433038939895596 ], [ 145.673761314633822, 37.431168018189936 ], [ 145.671008892746528, 37.425103234027517 ], [ 145.670623026032473, 37.424265578493873 ], [ 145.670236075635245, 37.42342556493827 ], [ 145.669848799683137, 37.422584840018885 ], [ 145.669460753011805, 37.421742437863571 ], [ 145.669073252229651, 37.420901217417736 ], [ 145.668685533811328, 37.420059521230314 ], [ 145.668298041122199, 37.419218311576202 ], [ 145.667910775063234, 37.418377586656675 ], [ 145.667523285971498, 37.417536376103271 ], [ 145.667135576546485, 37.416694681714773 ], [ 145.666748091951405, 37.415853472060576 ], [ 145.666360833086429, 37.415012748040226 ], [ 145.665973354787212, 37.414171541084215 ], [ 145.665585874689242, 37.41333032963135 ], [ 145.665198177854251, 37.412488640638543 ], [ 145.664811253537408, 37.411648627082855 ], [ 145.664424006363248, 37.410807903962223 ], [ 145.664035985772927, 37.409965501806823 ], [ 145.663648290736859, 37.409123801122917 ], [ 145.663260825027379, 37.408282593267359 ], [ 145.662873584149253, 37.407441871045904 ], [ 145.662486122937167, 37.406600665888561 ], [ 145.662098661724627, 37.405759455334987 ], [ 145.661710980178469, 37.404917761845695 ], [ 145.661323523462698, 37.404076554889514 ], [ 145.660936293376295, 37.403235834466614 ], [ 145.660548841156839, 37.40239462661134 ], [ 145.660161167704388, 37.401552934920318 ], [ 145.659773719982041, 37.400711728863513 ], [ 145.659386499787644, 37.399871012937297 ], [ 145.658999606946765, 37.399031003878207 ], [ 145.658612165519827, 37.398189796022734 ], [ 145.658223950675193, 37.397346910032297 ], [ 145.657836510147177, 37.396505698579631 ], [ 145.657449298047283, 37.395664979055937 ], [ 145.657061863814675, 37.394823772998961 ], [ 145.656674207449356, 37.393982081308479 ], [ 145.656286777713063, 37.393140877050314 ], [ 145.655899573706876, 37.39230015752662 ], [ 145.65551214936707, 37.391458955966499 ], [ 145.655124724127091, 37.390617749010318 ], [ 145.654737077654914, 37.389776058218928 ], [ 145.654349657811423, 37.388934853960677 ], [ 145.653962466395257, 37.388094142531145 ], [ 145.653575601433232, 37.38725413257248 ], [ 145.653187964853061, 37.38641244447922 ], [ 145.652800002718465, 37.385570046820561 ], [ 145.652412813101392, 37.384729322800382 ], [ 145.65202540674764, 37.383888121240233 ], [ 145.651637999494511, 37.38304691608289 ], [ 145.651250371907423, 37.382205227089997 ], [ 145.650862970050781, 37.381364025529933 ], [ 145.650475793923448, 37.380523308704255 ], [ 145.65008839656312, 37.379682105345296 ], [ 145.64970077707008, 37.378840417251951 ], [ 145.64931338330635, 37.377999216590979 ], [ 145.648926215273519, 37.377158500664791 ], [ 145.648538826006899, 37.376317300903111 ], [ 145.648151440337216, 37.375476102940183 ], [ 145.647764381121789, 37.374635610944893 ], [ 145.647376998150577, 37.37379441028429 ], [ 145.646989289624486, 37.372952500058318 ], [ 145.646601908452254, 37.372111295800153 ], [ 145.646214529077753, 37.371270091541987 ], [ 145.645826930269237, 37.370428405247196 ], [ 145.645439556291279, 37.369587206384722 ], [ 145.645052408042972, 37.368746491357967 ], [ 145.644665038561499, 37.367905291596486 ], [ 145.644277446947314, 37.367063606200873 ], [ 145.64389008196261, 37.366222407338569 ], [ 145.64350294180818, 37.365381693211191 ], [ 145.64311558131979, 37.364540496147271 ], [ 145.642728223528962, 37.363699300882359 ], [ 145.642341192193186, 37.362858811585369 ], [ 145.641953837100829, 37.36201761272298 ], [ 145.641566157352969, 37.361175705195109 ], [ 145.641178803159534, 37.360334500037652 ], [ 145.640791229532539, 37.359492816440707 ], [ 145.640403881634626, 37.35865161847795 ], [ 145.640016759466704, 37.357810906149041 ], [ 145.639629416964368, 37.356969710883874 ], [ 145.639242074462828, 37.356128511122279 ], [ 145.638854511626874, 37.355286827525333 ], [ 145.638467173621649, 37.354445631361216 ], [ 145.63808006224545, 37.353604919931513 ], [ 145.637692728737335, 37.352763722868048 ], [ 145.637305173095712, 37.35192204017028 ], [ 145.636917845882209, 37.3510808503014 ], [ 145.636531292985325, 37.350241334070915 ], [ 145.636143969369556, 37.349400141503679 ], [ 145.635756094468917, 37.348557747442328 ], [ 145.635368546022079, 37.347716058449691 ], [ 145.634981226902624, 37.346874864084128 ], [ 145.634594133512934, 37.34603415445315 ], [ 145.634206817990872, 37.345192959188239 ], [ 145.633819280336553, 37.344351277390047 ], [ 145.633431968411088, 37.343510083024313 ], [ 145.633044883115446, 37.342669374292541 ], [ 145.632657576586467, 37.341828182624909 ], [ 145.632270270057489, 37.340986984661896 ], [ 145.631882743194893, 37.340145304662428 ], [ 145.631495443860246, 37.339304116592103 ], [ 145.631108918842443, 37.338464603958926 ], [ 145.630721623105302, 37.337623411391689 ], [ 145.630333553051429, 37.336780535293883 ], [ 145.629946256415252, 37.33593933643175 ], [ 145.629559189105663, 37.335098629498702 ], [ 145.629171900563534, 37.334257437830814 ], [ 145.628784612021065, 37.333416242565903 ], [ 145.628397103144522, 37.332574563465641 ], [ 145.628009819098708, 37.331733371798208 ], [ 145.62762276168192, 37.330892665764168 ], [ 145.62723548213242, 37.330051473197358 ], [ 145.626847981349584, 37.329209794097068 ], [ 145.626460706296854, 37.328368604228217 ], [ 145.626073656075192, 37.327527898194347 ], [ 145.625686388216792, 37.326686713721159 ], [ 145.625299668045528, 37.325846715453963 ], [ 145.624912178954588, 37.325005039051689 ], [ 145.624524363409392, 37.324162653084386 ], [ 145.62413732038172, 37.323321941654513 ], [ 145.623750058818729, 37.322480750886257 ], [ 145.623362576022743, 37.32163907358472 ], [ 145.622975318057144, 37.320797883715841 ], [ 145.622588286720912, 37.319957179480639 ], [ 145.622201035050267, 37.319115992309435 ], [ 145.6218137824807, 37.318274799742625 ], [ 145.621426308677798, 37.317433123340464 ], [ 145.621039062403639, 37.316591935269798 ], [ 145.620652040060492, 37.315751231934229 ], [ 145.62026479918157, 37.314910047461296 ], [ 145.619877884757244, 37.314069568955915 ], [ 145.619490646576793, 37.313228380885448 ], [ 145.619103082841463, 37.312386482350718 ], [ 145.618715845560729, 37.311545289783567 ], [ 145.6183286109775, 37.310704099015595 ], [ 145.617941156060539, 37.309862424411705 ], [ 145.617553926872716, 37.309021237240785 ], [ 145.61716692341534, 37.308180535703599 ], [ 145.616779698724628, 37.307339350331119 ], [ 145.616392474933292, 37.306498159562778 ], [ 145.616005029009585, 37.305656485858549 ], [ 145.615617810614282, 37.304815299586807 ], [ 145.615230816149989, 37.303974598049876 ], [ 145.614843601351907, 37.303133411778049 ], [ 145.6144561671193, 37.302291744368858 ], [ 145.614069506303309, 37.301451754195426 ], [ 145.613682521731363, 37.300611055356171 ], [ 145.613294765541269, 37.299768675684192 ], [ 145.61290755613939, 37.29892748041928 ], [ 145.612520128202192, 37.298085807614228 ], [ 145.61213292689402, 37.297244623141239 ], [ 145.611745952214875, 37.29640392430224 ], [ 145.6113587545033, 37.29556273892959 ], [ 145.610971335559526, 37.294721067024 ], [ 145.610584142345061, 37.293879883450359 ], [ 145.610197174860247, 37.293039183711812 ], [ 145.609809986142892, 37.292198001936754 ], [ 145.609422798324459, 37.291356814765635 ], [ 145.609035391070989, 37.29051514915534 ], [ 145.6086487590334, 37.289675162579243 ], [ 145.608261803240481, 37.288834465538628 ], [ 145.607874073130603, 37.287992085866563 ], [ 145.60748666857549, 37.287150409464203 ], [ 145.607099493347533, 37.286309226789854 ], [ 145.606712543849568, 37.28546852885006 ], [ 145.606325374017644, 37.284627348873528 ], [ 145.605938203286343, 37.283786163501247 ], [ 145.605550812221082, 37.282944494293417 ], [ 145.605163646885813, 37.282103312518416 ], [ 145.604776707279512, 37.281262616377091 ], [ 145.604389546441013, 37.280421433702742 ], [ 145.604002163469801, 37.279579764494969 ], [ 145.603615006228239, 37.278738583619088 ], [ 145.603228077414457, 37.277897894672378 ], [ 145.602841475953738, 37.277057911693817 ], [ 145.602454324108663, 37.27621672811992 ], [ 145.602066400644645, 37.275373863713384 ], [ 145.601679250597869, 37.274532677441442 ], [ 145.601292328978417, 37.273691983099127 ], [ 145.600905185227049, 37.272850801323784 ], [ 145.60051782024189, 37.27200913481397 ], [ 145.600130680986837, 37.271167954837807 ], [ 145.599743767461774, 37.270327261394414 ], [ 145.599356633602525, 37.269486084115812 ], [ 145.598969498843786, 37.268644901441633 ], [ 145.598582143751429, 37.267803234931989 ], [ 145.598195014388722, 37.266962056753954 ], [ 145.59780811345459, 37.266121369605969 ], [ 145.597421538973691, 37.26528138572786 ], [ 145.597034196471469, 37.2644397282113 ], [ 145.596649208395121, 37.263603186038779 ], [ 145.595140226940572, 37.260350281540582 ], [ 145.593048856220236, 37.255875092262045 ], [ 145.59261793616966, 37.254930109837119 ], [ 145.592233645067523, 37.254087380328542 ], [ 145.591849690311534, 37.253245381969407 ], [ 145.591465276002083, 37.25240237277157 ], [ 145.591081057745129, 37.251559791651516 ], [ 145.590696352055517, 37.25071613584123 ], [ 145.590312072644821, 37.249873413527439 ], [ 145.589929236645304, 37.249033849632752 ], [ 145.589549125592185, 37.248200253639368 ], [ 145.588971831884948, 37.246938138784344 ], [ 145.587814079756555, 37.244414722062174 ], [ 145.587233802098723, 37.243153815896221 ], [ 145.58490587460679, 37.23811056714942 ], [ 145.584322528462422, 37.236850588184524 ], [ 145.583152411555403, 37.234330879367121 ], [ 145.582587249702357, 37.233117415137031 ], [ 145.582186043252165, 37.232258680394153 ], [ 145.581803179374134, 37.231439156991968 ], [ 145.581410991324816, 37.230599673136908 ], [ 145.581019094656284, 37.229760808914818 ], [ 145.580582745397948, 37.228826789225224 ], [ 145.579803416295277, 37.227102649468037 ], [ 145.577101564186393, 37.221144182258627 ], [ 145.575575245601982, 37.218234683883793 ], [ 145.575248751229736, 37.217376733349965 ], [ 145.574883970919387, 37.216528617801941 ], [ 145.574519589008645, 37.215678337585587 ], [ 145.574127957640059, 37.214837101851003 ], [ 145.573708451784142, 37.213924378108004 ], [ 145.57337040472126, 37.213150086107987 ], [ 145.572986903223324, 37.212307362894904 ], [ 145.572603401726184, 37.211464635185337 ], [ 145.572219667304267, 37.210621391264681 ], [ 145.571836198182297, 37.209778731903384 ], [ 145.571452910724162, 37.208936463747193 ], [ 145.571069415521634, 37.208093739634819 ], [ 145.57068568649575, 37.207250496613455 ], [ 145.570302223669188, 37.206407839950089 ], [ 145.569918941606744, 37.205565573592793 ], [ 145.569535456297018, 37.204722859372964 ], [ 145.569152548352264, 37.203881413197109 ], [ 145.568768758172297, 37.203038016391758 ], [ 145.568384790826286, 37.202194239173252 ], [ 145.568001513260157, 37.201351969218393 ], [ 145.567618334619084, 37.200509907906337 ], [ 145.567230043332671, 37.199667925734531 ], [ 145.566842329410548, 37.19882718462722 ], [ 145.566454796252884, 37.197986833825667 ], [ 145.566135267129738, 37.197298480141029 ], [ 145.565673114523321, 37.19630828699826 ], [ 145.565280851830693, 37.195469046859557 ], [ 145.564888862531262, 37.194630386783416 ], [ 145.564497055794874, 37.193792117013004 ], [ 145.564105041314889, 37.192953400279606 ], [ 145.563713379369261, 37.192115432681362 ], [ 145.563321336111045, 37.191276649398446 ], [ 145.562911479082373, 37.190459314945883 ], [ 145.562553811510185, 37.189700784464179 ], [ 145.561837818961038, 37.18818370821208 ], [ 145.561479616291905, 37.187425417849227 ], [ 145.56008421561458, 37.184371922726427 ], [ 145.559744309652984, 37.183753452660056 ], [ 145.5589731427971, 37.182120268536039 ], [ 145.558664472088282, 37.181373288047297 ], [ 145.555906917770955, 37.175207778916302 ], [ 145.555551732327416, 37.174448144066901 ], [ 145.554839845183238, 37.172928391432663 ], [ 145.554483432165483, 37.172168892380824 ], [ 145.553054776357413, 37.169129934799088 ], [ 145.552697344407335, 37.168370981635917 ], [ 145.551981156705921, 37.166853009659178 ], [ 145.551622887487184, 37.166095017871186 ], [ 145.545871527849755, 37.153946842573106 ], [ 145.545347478503714, 37.152842664857445 ], [ 145.544296205206052, 37.150633402909676 ], [ 145.543572107067718, 37.149117163926235 ], [ 145.543078547437659, 37.14808758137724 ], [ 145.540068870882038, 37.141819564821503 ], [ 145.539339294073471, 37.14030550399616 ], [ 145.537875240050568, 37.137277971401573 ], [ 145.537141359086746, 37.135765728106179 ], [ 145.531159213627035, 37.123480756931798 ], [ 145.530627843800318, 37.122391182407341 ], [ 145.529828580325358, 37.120754891125671 ], [ 145.529087685548717, 37.119243585823256 ], [ 145.527601302259114, 37.11622220908805 ], [ 145.526856017891561, 37.114712546847045 ], [ 145.524584620884099, 37.11012746311232 ], [ 145.524015191748077, 37.108980996576037 ], [ 145.522873434062177, 37.106688279341142 ], [ 145.522300636965753, 37.105541096045044 ], [ 145.516020269120787, 37.092994192828201 ], [ 145.515412560342071, 37.091781427371444 ], [ 145.514587726442784, 37.090141709672565 ], [ 145.512957109883047, 37.086912249601028 ], [ 145.512139446279463, 37.085298793005421 ], [ 145.508894206702763, 37.078918247879471 ], [ 145.508080843656245, 37.077324767025004 ], [ 145.506448655981359, 37.074138609309841 ], [ 145.505630469870681, 37.072547176211629 ], [ 145.499432734433896, 37.060533683383028 ], [ 145.498656617709145, 37.059034150206287 ], [ 145.497099088153249, 37.056034957947276 ], [ 145.496318307544271, 37.054536518345913 ], [ 145.493184725995008, 37.048542525217755 ], [ 145.492399585472896, 37.04704563065178 ], [ 145.490824433701306, 37.044052549286079 ], [ 145.490035115828647, 37.042557674597333 ], [ 145.482932273905845, 37.029148204626296 ], [ 145.482042577303588, 37.027474513238502 ], [ 145.480256654121973, 37.024127243777798 ], [ 145.47936115149642, 37.022455026378736 ], [ 145.475766250112912, 37.015766409492613 ], [ 145.474865269716844, 37.014096116642804 ], [ 145.473057266380721, 37.010756578653542 ], [ 145.47215098178313, 37.00908868969168 ], [ 145.464872748678573, 36.995740845763748 ], [ 145.463961166175324, 36.994074872357942 ], [ 145.462131478385601, 36.990743097316482 ], [ 145.461214114140404, 36.989078648261284 ], [ 145.457531787862109, 36.982421217165808 ], [ 145.456608979121398, 36.980758739424573 ], [ 145.454757338880796, 36.977434884712551 ], [ 145.453829262810842, 36.975774856724598 ], [ 145.446376680839563, 36.962490140707928 ], [ 145.44544334373623, 36.960832074141308 ], [ 145.443570152141234, 36.957516167637351 ], [ 145.442631058477247, 36.955859674884437 ], [ 145.438861832508479, 36.949234177815583 ], [ 145.43791732582477, 36.947579703141173 ], [ 145.436022313079917, 36.944271905824053 ], [ 145.435072576838621, 36.942619924969904 ], [ 145.427446705401991, 36.929399831537495 ], [ 145.426491744099422, 36.927749857969928 ], [ 145.424575315799103, 36.92445019322227 ], [ 145.423614624915814, 36.922801842930994 ], [ 145.419759031654536, 36.91620902542661 ], [ 145.418792961926584, 36.914562739079543 ], [ 145.41685484197788, 36.911271369678616 ], [ 145.41588358136292, 36.909627623016718 ], [ 145.408085493351479, 36.896473636949054 ], [ 145.407109043647921, 36.894831941641172 ], [ 145.405149645740181, 36.891548889170394 ], [ 145.404167493436063, 36.889908865702097 ], [ 145.40022607337508, 36.883349467004905 ], [ 145.39923857550005, 36.881711555144449 ], [ 145.397257620843021, 36.878436984179842 ], [ 145.396264970752469, 36.876801654273322 ], [ 145.388295755245309, 36.863715252257435 ], [ 145.387297952938667, 36.862082019570039 ], [ 145.385295860616253, 36.858815947198735 ], [ 145.38429238268813, 36.85718443491416 ], [ 145.380265684414809, 36.850659191568866 ], [ 145.379256895989926, 36.849029835858687 ], [ 145.377233381815728, 36.845772430253788 ], [ 145.376219478946183, 36.844145701463361 ], [ 145.368080241210833, 36.831128350293397 ], [ 145.366774598270041, 36.829048765188759 ], [ 145.364153406354973, 36.82489146287125 ], [ 145.362838765697035, 36.822815187271431 ], [ 145.357560411684318, 36.814513375492083 ], [ 145.356237212178172, 36.812440841971807 ], [ 145.353581328915794, 36.808298330803751 ], [ 145.352249727044097, 36.806230032190683 ], [ 145.341554208660256, 36.789683368093478 ], [ 145.340214304247326, 36.787618670365845 ], [ 145.337524315095976, 36.783490758791686 ], [ 145.336175321234833, 36.781429223080636 ], [ 145.330759322385603, 36.773186096561489 ], [ 145.329401685140311, 36.771128152742676 ], [ 145.326676981257975, 36.767014922601021 ], [ 145.325310859809207, 36.764961061704042 ], [ 145.316751009152455, 36.752142833925177 ], [ 145.315499198729782, 36.750274972612345 ], [ 145.312987228578692, 36.746540686204071 ], [ 145.311727990654987, 36.744675632574854 ], [ 145.306674431180369, 36.737218022494091 ], [ 145.305408060734266, 36.735356001378932 ], [ 145.302867472356894, 36.731634155292596 ], [ 145.30159401795018, 36.729775446380103 ], [ 145.295261906711886, 36.720566418305793 ], [ 145.294534935239795, 36.719510475728327 ], [ 145.293442222081268, 36.717925349575665 ], [ 145.292970027644998, 36.717241343213715 ], [ 145.292024536203854, 36.715873578703167 ], [ 145.291552132225803, 36.715191108383465 ], [ 145.287252490610427, 36.708987384360597 ], [ 145.28591926186462, 36.70706042140182 ], [ 145.2852113515236, 36.706038543344448 ], [ 145.276604273868912, 36.69362845488979 ], [ 145.273748444336235, 36.689543523714946 ], [ 145.268001019232571, 36.681388030733387 ], [ 145.265110696202242, 36.677319268469745 ], [ 145.25481770447405, 36.662942772791212 ], [ 145.254287905763277, 36.66220370723579 ], [ 145.253225772252364, 36.66072417138389 ], [ 145.252694278318614, 36.65998487380341 ], [ 145.250564083865953, 36.65702601254074 ], [ 145.250034706037269, 36.656291735875328 ], [ 145.248974533947859, 36.654823316543229 ], [ 145.248447517739152, 36.654094393541641 ], [ 145.2460017889521, 36.650716295321104 ], [ 145.245661400953423, 36.650241178987613 ], [ 145.244054565166863, 36.648008180333818 ], [ 145.237561609281471, 36.639023490841964 ], [ 145.235950746330587, 36.636803892086306 ], [ 145.232666685719693, 36.632298671746781 ], [ 145.231028189299906, 36.630060654875734 ], [ 145.226419709702242, 36.623793001646078 ], [ 145.22584351676565, 36.623010493439949 ], [ 145.224689219832413, 36.621445255794299 ], [ 145.224111583483733, 36.620663160376893 ], [ 145.221689005043828, 36.617388047121096 ], [ 145.221147217470985, 36.616656297550492 ], [ 145.220567544157717, 36.615874662586094 ], [ 145.219841404557457, 36.614897016784425 ], [ 145.219478123417076, 36.614408371049905 ], [ 145.218873814974955, 36.61359629223557 ], [ 145.218292221609573, 36.61281592441577 ], [ 145.217127669706571, 36.611255708584594 ], [ 145.216544909920373, 36.610476127671518 ], [ 145.214210644906103, 36.607358103493993 ], [ 145.213625004591023, 36.606576985639776 ], [ 145.212452119569917, 36.605014966667909 ], [ 145.211865359598988, 36.604234708565173 ], [ 145.207045773144529, 36.597834893665805 ], [ 145.206430618878954, 36.597019267025985 ], [ 145.205198250899031, 36.595387847371512 ], [ 145.204581513826412, 36.594572686580733 ], [ 145.202358616357657, 36.591639157421582 ], [ 145.201800850529281, 36.590904105540517 ], [ 145.200683875461465, 36.589434177145876 ], [ 145.200125414456835, 36.588700285390246 ], [ 145.191200698054132, 36.576986720061626 ], [ 145.190708319234005, 36.576340898014564 ], [ 145.189885383803727, 36.575262393245339 ], [ 145.189391401492486, 36.574615531581912 ], [ 145.187989290973661, 36.572780932594355 ], [ 145.187402981562883, 36.572014916155808 ], [ 145.186228939115068, 36.570483278980674 ], [ 145.185641455189767, 36.569717981999673 ], [ 145.183288265741481, 36.566656982933722 ], [ 145.182699632482723, 36.565892400913981 ], [ 145.181520804742064, 36.564363452711632 ], [ 145.180930999666344, 36.563599591048728 ], [ 145.177535912353193, 36.559208822030058 ], [ 145.177111578937144, 36.558660592612455 ], [ 145.176261813132584, 36.557563864880876 ], [ 145.175836726084441, 36.557015813529375 ], [ 145.174134200633063, 36.554823069429489 ], [ 145.173708392329246, 36.554275221324843 ], [ 145.172855905176476, 36.553179554793019 ], [ 145.172429384609046, 36.552631940511901 ], [ 145.171804334203244, 36.551830275846925 ], [ 145.171202764196806, 36.551059873414943 ], [ 145.169998275201038, 36.549519612640211 ], [ 145.169395561257062, 36.548750016900271 ], [ 145.16698149310244, 36.545671988272204 ], [ 145.16637768288436, 36.544903220807328 ], [ 145.165168475145521, 36.543365924198383 ], [ 145.164563567755209, 36.542598019183686 ], [ 145.159715566320784, 36.536452254668347 ], [ 145.159109612119579, 36.53568516264059 ], [ 145.157895788160801, 36.534150803217244 ], [ 145.157288412131066, 36.533384159951481 ], [ 145.154855126363515, 36.530317232554637 ], [ 145.154246653160754, 36.529551412168416 ], [ 145.153028123049722, 36.528020016910716 ], [ 145.152418833262828, 36.527255406112573 ], [ 145.143496362467914, 36.516073004666055 ], [ 145.142900003133292, 36.515326544884601 ], [ 145.141704879677178, 36.513832744885605 ], [ 145.141106881777802, 36.513086363345224 ], [ 145.138710689447208, 36.510099773286214 ], [ 145.138111378537957, 36.509353843205673 ], [ 145.136911238663089, 36.507862214170274 ], [ 145.136310896231322, 36.507117121358306 ], [ 145.131498568204762, 36.501152517175456 ], [ 145.130896965822814, 36.500407870427125 ], [ 145.129691917448923, 36.498918406959348 ], [ 145.129088959788675, 36.49817419638245 ], [ 145.126673486892315, 36.495197007836083 ], [ 145.126069227013915, 36.494453264007348 ], [ 145.124859188301485, 36.49296601467023 ], [ 145.124253631600169, 36.492222781656437 ], [ 145.123389634024903, 36.491163856926846 ], [ 145.122768158424407, 36.49040327689022 ], [ 145.121523842951348, 36.488882648315951 ], [ 145.120901229708608, 36.488122877669099 ], [ 145.118407546371628, 36.485084169199638 ], [ 145.117783852143276, 36.484325236720565 ], [ 145.1165348817797, 36.4828076388618 ], [ 145.115910112862224, 36.48204958951726 ], [ 145.110903131974538, 36.47598277918226 ], [ 145.109220919510364, 36.473952283571322 ], [ 145.105846897916337, 36.469895381566943 ], [ 145.104155886485984, 36.467869932052167 ], [ 145.097371936965629, 36.459774944558603 ], [ 145.095719919239542, 36.457810873773042 ], [ 145.092406581199072, 36.453886321397249 ], [ 145.090746198878293, 36.45192695136808 ], [ 145.083678411629677, 36.443616791182592 ], [ 145.080426161838687, 36.439833049256322 ], [ 145.079319163848965, 36.438492553988738 ], [ 145.074087352449652, 36.43223275723642 ], [ 145.07352131285873, 36.431563610372791 ], [ 145.072948149737755, 36.43088604585472 ], [ 145.072383805369014, 36.430218905378524 ], [ 145.071749878654515, 36.429470580403461 ], [ 145.070480748188544, 36.427974550985169 ], [ 145.069885883527292, 36.427217352399282 ], [ 145.069725850068181, 36.426381732031814 ], [ 145.069412404858923, 36.425095121443064 ], [ 145.06591309421438, 36.410802333761154 ], [ 145.065727130602937, 36.410044913942102 ], [ 145.065353653848348, 36.408528311632665 ], [ 145.065166429387801, 36.407770302757626 ], [ 145.064414716666221, 36.404735861571396 ], [ 145.063969448831614, 36.402950969012409 ], [ 145.063072857127082, 36.399381753165784 ], [ 145.062621654666458, 36.397597913713099 ], [ 145.061576627160235, 36.393494538342679 ], [ 145.06131458899759, 36.392469616979611 ], [ 145.060788403762473, 36.390419550322463 ], [ 145.060523944624862, 36.389393198137896 ], [ 145.056738268257192, 36.374755828918808 ], [ 145.056349175674683, 36.3732553028903 ], [ 145.055859566765804, 36.371371957950032 ], [ 145.055402615838744, 36.369625961969092 ], [ 145.054493984909669, 36.366176614059924 ], [ 145.054037009700806, 36.36445288709146 ], [ 145.052197529193592, 36.357557873996939 ], [ 145.051735135568521, 36.355835481622705 ], [ 145.050804542296561, 36.352390748135008 ], [ 145.050336695182892, 36.350669704743467 ], [ 145.046983074709743, 36.338407706750672 ], [ 145.046562123643895, 36.336876795328237 ], [ 145.045715372366914, 36.333814110933076 ], [ 145.04528991479836, 36.332283581722237 ], [ 145.043578455482049, 36.326159774154803 ], [ 145.04314865418749, 36.324630083112083 ], [ 145.042284431781496, 36.32157068933634 ], [ 145.041850382989566, 36.320042299612851 ], [ 145.038055386047546, 36.306747993225713 ], [ 145.03757893062371, 36.30508823053799 ], [ 145.036620334261244, 36.30176788767821 ], [ 145.036138580931748, 36.300108656489954 ], [ 145.03420028201802, 36.293470136338129 ], [ 145.033713406149246, 36.291811893504615 ], [ 145.032734230601051, 36.288495512158534 ], [ 145.032242328421177, 36.286838720830588 ], [ 145.02828333201083, 36.273576031908988 ], [ 145.027786406218496, 36.271920237928924 ], [ 145.0267868655217, 36.268607880149943 ], [ 145.026284654413899, 36.266952662635589 ], [ 145.024264515395686, 36.260330283516197 ], [ 145.02375720063506, 36.258676094826342 ], [ 145.022737151798907, 36.255367865834813 ], [ 145.022224833209776, 36.253715170019404 ], [ 145.018102441674984, 36.24048543855244 ], [ 145.017585121956273, 36.23883378055487 ], [ 145.016544788012567, 36.235529741504706 ], [ 145.016022194668864, 36.233878703139993 ], [ 145.013920521315555, 36.22727313414839 ], [ 145.013392844104743, 36.225623166875977 ], [ 145.012332076664819, 36.222323424786623 ], [ 145.011799419008781, 36.220674990858697 ], [ 145.007514251082767, 36.207479548742555 ], [ 145.006976614779575, 36.205832194900239 ], [ 145.005895642270985, 36.202536808227563 ], [ 145.005352744933504, 36.200890114487606 ], [ 145.003169851108424, 36.19430202202102 ], [ 145.002621889689266, 36.192656441641873 ], [ 145.001520561025615, 36.189365518304555 ], [ 145.000967642542975, 36.18772151263812 ], [ 144.996520330449272, 36.174561690869893 ], [ 144.99596245670287, 36.172918804859279 ], [ 144.994841006607686, 36.16963240241364 ], [ 144.994277884417471, 36.167990220572648 ], [ 144.992014090278843, 36.161420267431822 ], [ 144.991445923790849, 36.159779239420573 ], [ 144.990304194883066, 36.156497466685238 ], [ 144.989731096513339, 36.154858054755806 ], [ 144.985122288663575, 36.141735176237745 ], [ 144.984544257512283, 36.140096924434033 ], [ 144.98338249170925, 36.136819836266795 ], [ 144.982799226503431, 36.13518233179957 ], [ 144.980454858505624, 36.128631177187458 ], [ 144.979866569686834, 36.126994867919279 ], [ 144.978684604211736, 36.123722574937261 ], [ 144.978091408692109, 36.122087921320883 ], [ 144.973321765188217, 36.109003305358783 ], [ 144.972723661168658, 36.107369851438136 ], [ 144.971521745132719, 36.104102407600408 ], [ 144.970918420548998, 36.102469744183878 ], [ 144.968493811440936, 36.095938047303434 ], [ 144.967885484827917, 36.094306619555255 ], [ 144.966663450058746, 36.091044135478683 ], [ 144.966050241026124, 36.089414403852032 ], [ 144.96481930836481, 36.086157161923779 ], [ 144.964958824690513, 36.084849212221798 ], [ 144.96514919677864, 36.08303563938378 ], [ 144.965898831166811, 36.075776605905986 ], [ 144.966083076173533, 36.073962613983895 ], [ 144.966445552420765, 36.070333245183633 ], [ 144.966623637971253, 36.068519342294252 ], [ 144.968025020938427, 36.05399304924012 ], [ 144.968196956025309, 36.052178752447844 ], [ 144.968534902364496, 36.048547816129144 ], [ 144.968700774222071, 36.046732652390347 ], [ 144.969352364521029, 36.039467359631288 ], [ 144.969512111995215, 36.037651830767885 ], [ 144.969825583284688, 36.034019442044013 ], [ 144.969979181194532, 36.032204057071908 ], [ 144.971184505661341, 36.017666112401571 ], [ 144.971331960302024, 36.015850388384933 ], [ 144.971620919670187, 36.012216649778907 ], [ 144.971762305686326, 36.010400110976775 ], [ 144.972315908552815, 36.00312942858082 ], [ 144.972451175581938, 36.001312581311026 ], [ 144.972715671591487, 35.997677606137017 ], [ 144.972844796250712, 35.99586095671819 ], [ 144.973854189020273, 35.981313100619587 ], [ 144.973977179403647, 35.97949616521629 ], [ 144.974217185974709, 35.975860057795899 ], [ 144.974334103236544, 35.974042363364816 ], [ 144.97478978791915, 35.966767160076756 ], [ 144.974900590690282, 35.964949209338982 ], [ 144.975116148292187, 35.961312082986723 ], [ 144.975220817687642, 35.959494384958361 ], [ 144.976034428946519, 35.94493835492159 ], [ 144.976132973957903, 35.943120425767347 ], [ 144.976324066403237, 35.939482384804649 ], [ 144.976416535595177, 35.93766374968294 ], [ 144.976774382132731, 35.930384894248107 ], [ 144.976860741330853, 35.92856605767804 ], [ 144.977027402792629, 35.924927214519869 ], [ 144.977107638507761, 35.923108685517917 ], [ 144.977725640026875, 35.908546216335196 ], [ 144.977799761250623, 35.906727511066151 ], [ 144.977941984535761, 35.903087969134845 ], [ 144.978010027241368, 35.901268610958027 ], [ 144.978270129164031, 35.893986970322857 ], [ 144.978332068171113, 35.892167465556639 ], [ 144.978449879359033, 35.888527337267163 ], [ 144.978505705674507, 35.886708194028273 ], [ 144.978928293506357, 35.872141020492222 ], [ 144.978978017022229, 35.870321754945479 ], [ 144.979071420610381, 35.866681145518754 ], [ 144.979115062910211, 35.864861281923027 ], [ 144.979277522739977, 35.857577722134579 ], [ 144.979315067637032, 35.855757765009315 ], [ 144.979384082509597, 35.852116786860648 ], [ 144.979415526405802, 35.850297245222123 ], [ 144.979642919086047, 35.835727100325926 ], [ 144.979668270974713, 35.833907490338817 ], [ 144.979712912421434, 35.830266246890005 ], [ 144.979732181295304, 35.828446092813465 ], [ 144.979797114145782, 35.821161479918715 ], [ 144.979810294610246, 35.819341287171085 ], [ 144.979830571624262, 35.81569989083772 ], [ 144.979837662778237, 35.813880166636807 ], [ 144.979870100425643, 35.799308781575405 ], [ 144.979871112163011, 35.797489043884639 ], [ 144.979867050824538, 35.793847598088632 ], [ 144.979861979547451, 35.792027370267192 ], [ 144.979829510424594, 35.784742569414334 ], [ 144.979818357931805, 35.782922355982521 ], [ 144.979789961837611, 35.779280974038102 ], [ 144.979775273211118, 35.777698660964916 ], [ 144.979610477841589, 35.762890386382537 ], [ 144.979587182702886, 35.761070736825445 ], [ 144.979534486927406, 35.757429520356482 ], [ 144.979505107875326, 35.755609434628127 ], [ 144.97937537527369, 35.748325309166233 ], [ 144.979361790115178, 35.747590298653677 ], [ 144.979333610758118, 35.74611930366342 ], [ 144.979295694441277, 35.744298825830583 ], [ 144.979246874743836, 35.742128883141845 ], [ 144.979221409540997, 35.741044914092129 ], [ 144.978864748310485, 35.726476230593875 ], [ 144.978843242822251, 35.725624750682044 ], [ 144.978798851386301, 35.723919842926648 ], [ 144.978775996015912, 35.72306763006759 ], [ 144.978681833400429, 35.719655936772625 ], [ 144.978628548569219, 35.717835444550587 ], [ 144.978515889596935, 35.714194121961611 ], [ 144.978456531644071, 35.71237378442305 ], [ 144.978323846568429, 35.708502890096725 ], [ 144.978289845001001, 35.707535939932171 ], [ 144.978220110670151, 35.705601555767657 ], [ 144.978184308659735, 35.704632325821422 ], [ 144.977617382336604, 35.689644341513542 ], [ 144.977552193179946, 35.687954619710354 ], [ 144.977468876388258, 35.685833815978071 ], [ 144.977400324666093, 35.684156101023547 ], [ 144.977260060104442, 35.680847826166655 ], [ 144.977187441647771, 35.679194207647015 ], [ 144.976886876529107, 35.672578025755598 ], [ 144.976809273130385, 35.670924888373406 ], [ 144.976649020236579, 35.667617877063833 ], [ 144.976566430097051, 35.665965232509905 ], [ 144.975973148243185, 35.654441595004073 ], [ 144.975897171717776, 35.653002558321816 ], [ 144.975741341690565, 35.650123060431298 ], [ 144.975661552039782, 35.648683770140337 ], [ 144.975334643079606, 35.64292378420572 ], [ 144.975251068182644, 35.641484647698775 ], [ 144.975080080981712, 35.638605744260104 ], [ 144.974992741522584, 35.637167172527455 ], [ 144.974254912534803, 35.625271490887002 ], [ 144.974160762510138, 35.623786003321698 ], [ 144.973968320182649, 35.620813590175317 ], [ 144.973870105221778, 35.619327873283055 ], [ 144.973468965321359, 35.613382160258993 ], [ 144.973366718699623, 35.611896623230933 ], [ 144.973158131742849, 35.608924932240228 ], [ 144.973051877742847, 35.607439986066908 ], [ 144.972184998738982, 35.59555006458416 ], [ 144.972074737359577, 35.594065309966595 ], [ 144.971850058833894, 35.591094395989899 ], [ 144.971735732518397, 35.589609441722786 ], [ 144.971270128314046, 35.583666842151445 ], [ 144.971151777532697, 35.582182097426312 ], [ 144.97091097955834, 35.579212021617991 ], [ 144.970788630391354, 35.577727896525573 ], [ 144.969792912713189, 35.56584466959626 ], [ 144.969666565160225, 35.564360766636469 ], [ 144.969409704394963, 35.561391582955764 ], [ 144.96927929460449, 35.559907510023919 ], [ 144.968749332216504, 35.553968490653858 ], [ 144.968614905154396, 35.552484655142962 ], [ 144.968341949222491, 35.549516427441631 ], [ 144.96820353276749, 35.548033241241455 ], [ 144.967079195848811, 35.536157642361559 ], [ 144.966936790900974, 35.53467470617295 ], [ 144.966647803653501, 35.531707487510971 ], [ 144.966501337367646, 35.530224411028371 ], [ 144.965907131009573, 35.524289438607298 ], [ 144.965756654646299, 35.522806629222941 ], [ 144.965451598313308, 35.519840482552638 ], [ 144.965297143349545, 35.518358350358142 ], [ 144.964044417416432, 35.506491313024185 ], [ 144.963885982952121, 35.505009460518494 ], [ 144.963564926780606, 35.502044438900242 ], [ 144.963402433675952, 35.500562474878876 ], [ 144.96274409936089, 35.494632015255746 ], [ 144.962577603374285, 35.493150348010687 ], [ 144.962240505994856, 35.490186515296045 ], [ 144.962070042199599, 35.488705554018424 ], [ 144.960689165573314, 35.476848008129707 ], [ 144.960514733068777, 35.475367354420285 ], [ 144.960161668227244, 35.47240476366926 ], [ 144.959983177982082, 35.470924029021205 ], [ 144.95926083891689, 35.464998546246534 ], [ 144.959078353883939, 35.463518136253271 ], [ 144.958709276612268, 35.460556849519492 ], [ 144.958522834561933, 35.459077176071105 ], [ 144.957014056354325, 35.447230048828146 ], [ 144.956823655488307, 35.445750711726447 ], [ 144.95643864492834, 35.442790782069324 ], [ 144.956244189918294, 35.441311392806853 ], [ 144.955457971109041, 35.435391350930672 ], [ 144.95525952850474, 35.433912316001027 ], [ 144.954858535194177, 35.430953806373537 ], [ 144.954656148163309, 35.429475534968333 ], [ 144.9530197246809, 35.417639755370857 ], [ 144.952813389626527, 35.416161849090486 ], [ 144.95239649720142, 35.41320481255255 ], [ 144.95218610980217, 35.411726883788987 ], [ 144.951336142549422, 35.405812745961867 ], [ 144.951121776549172, 35.404335200309646 ], [ 144.950688932848294, 35.401379700713136 ], [ 144.950470633213655, 35.399902947363472 ], [ 144.948706832454519, 35.388079439015456 ], [ 144.948484594689177, 35.386603080468035 ], [ 144.94803588874575, 35.383649168174941 ], [ 144.947809602231956, 35.38217281502375 ], [ 144.946896023233904, 35.376265043497369 ], [ 144.946665766212988, 35.3747891031351 ], [ 144.946201142269757, 35.371836842896414 ], [ 144.945966963305096, 35.370361723615019 ], [ 144.944076061361358, 35.358551409220667 ], [ 144.943837955957434, 35.35707671262071 ], [ 144.943357506644276, 35.354126154798564 ], [ 144.943115356089407, 35.352651494171511 ], [ 144.94213830473953, 35.346750549398791 ], [ 144.941892192670849, 35.345276328540081 ], [ 144.94139585773317, 35.342327538785298 ], [ 144.941145836311563, 35.340854167786034 ], [ 144.939128117369052, 35.329057970049575 ], [ 144.938874180299905, 35.327585049610803 ], [ 144.938362058662989, 35.324638077385799 ], [ 144.938104080039722, 35.323165222597254 ], [ 144.937063701129233, 35.317271564131829 ], [ 144.936801770885523, 35.315799178789462 ], [ 144.936273797798236, 35.31285408884554 ], [ 144.936007969892586, 35.311382581241332 ], [ 144.933863728928856, 35.299601418371168 ], [ 144.933593997065969, 35.298130390105939 ], [ 144.933050276849741, 35.295187231905771 ], [ 144.932776507930299, 35.293716298069171 ], [ 144.931672950746616, 35.287830385464474 ], [ 144.931395239199588, 35.286359949852169 ], [ 144.930835702606288, 35.283418789945614 ], [ 144.930554106886831, 35.281949259950693 ], [ 144.928283646073879, 35.270184048355503 ], [ 144.927998158089309, 35.268715026477764 ], [ 144.92742291573532, 35.265775911629476 ], [ 144.927133393392324, 35.264307012958511 ], [ 144.925966812619009, 35.258429304868827 ], [ 144.925673358439127, 35.256960933200844 ], [ 144.925082336580914, 35.254023930860228 ], [ 144.924785010820102, 35.252556492688541 ], [ 144.922388643121877, 35.240808147878028 ], [ 144.922087436786711, 35.239341245702576 ], [ 144.921480750537199, 35.236406402633918 ], [ 144.921175516137311, 35.234939654242112 ], [ 144.919946068257019, 35.22907060572436 ], [ 144.919636911015601, 35.227604412214276 ], [ 144.919014483932216, 35.224671795867096 ], [ 144.918701468598755, 35.223206564631653 ], [ 144.916179513274443, 35.211475997619573 ], [ 144.916021718228336, 35.210744292115919 ], [ 144.915544126960214, 35.209305134025186 ], [ 144.915376066153073, 35.208575940327762 ], [ 144.914807454500902, 35.205633972829958 ], [ 144.914627835606922, 35.204906438381727 ], [ 144.914331737420611, 35.203437192572778 ], [ 144.914143528201549, 35.202505338450919 ], [ 144.912922765074342, 35.196837903546793 ], [ 144.912764359388262, 35.19610526004999 ], [ 144.912446876222731, 35.194639223022222 ], [ 144.912287929145265, 35.193906425741488 ], [ 144.911650804441848, 35.190973741945157 ], [ 144.911491324065679, 35.190240813363232 ], [ 144.911149755257867, 35.18866457521051 ], [ 144.91100332134701, 35.188001597696029 ], [ 144.910866016454207, 35.187395012170668 ], [ 144.910561399889531, 35.186088763985595 ], [ 144.909949869891335, 35.183476449279169 ], [ 144.90964338723316, 35.182170703815245 ], [ 144.90841392766086, 35.176946471902397 ], [ 144.908130405594335, 35.175744638604442 ], [ 144.90754140811012, 35.173255414106279 ], [ 144.907219393260931, 35.171964614475883 ], [ 144.90477843088027, 35.161263764911041 ], [ 144.904477122022314, 35.159993080416712 ], [ 144.903873525842783, 35.157460539172973 ], [ 144.903570336502668, 35.156194848613836 ], [ 144.902352282132739, 35.151135354513372 ], [ 144.902027485680634, 35.149793340290785 ], [ 144.901374414198045, 35.147109173350145 ], [ 144.901046571742569, 35.145768786001213 ], [ 144.895877315386343, 35.124739490735351 ], [ 144.89572182440341, 35.12410831954395 ], [ 144.895409406219557, 35.122843254013304 ], [ 144.895252872022667, 35.122210953273452 ], [ 144.894625004940423, 35.119680915742151 ], [ 144.894467757581566, 35.119048810154823 ], [ 144.894152442681417, 35.117784380445073 ], [ 144.893994503743926, 35.117152569835554 ], [ 144.892726376921274, 35.112091658403756 ], [ 144.892171953873259, 35.109897460999377 ], [ 144.891054073187462, 35.105509910654291 ], [ 144.890490855669128, 35.103317494807015 ], [ 144.88821963313049, 35.094547912356575 ], [ 144.887647696684468, 35.092357293354809 ], [ 144.886494671392512, 35.08797644655624 ], [ 144.885913963858712, 35.085787656775352 ], [ 144.882580253476391, 35.073320341760876 ], [ 144.882161751264135, 35.071763811351246 ], [ 144.881319824850749, 35.068649883585636 ], [ 144.88089674149208, 35.067093750676349 ], [ 144.879194626131522, 35.060867515723686 ], [ 144.878767127102179, 35.059312267747401 ], [ 144.877907434580749, 35.056201765499281 ], [ 144.877475624201026, 35.054647895284546 ], [ 144.87350777756231, 35.040444658494494 ], [ 144.873009420049272, 35.03867144633054 ], [ 144.872006358507093, 35.035124215310702 ], [ 144.871502060072345, 35.033351637168835 ], [ 144.86947226233579, 35.026259757982075 ], [ 144.868962208239765, 35.024488303992456 ], [ 144.86793602422884, 35.020945575878017 ], [ 144.86742031339773, 35.019175741567636 ], [ 144.863268170490102, 35.00500845067981 ], [ 144.862746811016819, 35.003239752213204 ], [ 144.86169773925954, 34.999701606144612 ], [ 144.861170452355083, 34.997933595659418 ], [ 144.859048695341897, 34.990860095017922 ], [ 144.858515674359666, 34.98909325814779 ], [ 144.857443565568616, 34.985559820030034 ], [ 144.856904915730098, 34.983794654100535 ], [ 144.852569190616151, 34.969664941384394 ], [ 144.852024917316925, 34.967900961660519 ], [ 144.850930015208206, 34.964372307936088 ], [ 144.850379829765672, 34.962609067454991 ], [ 144.848166474103806, 34.955554761943176 ], [ 144.847610577067286, 34.95379274633865 ], [ 144.846492726058756, 34.950269004711089 ], [ 144.845931228044179, 34.948508709509753 ], [ 144.84141265187273, 34.93441820363762 ], [ 144.840845557377094, 34.932659144104832 ], [ 144.839705007480262, 34.929140389217991 ], [ 144.83913201612998, 34.927382122887053 ], [ 144.836827432340584, 34.920347822794156 ], [ 144.836248752778175, 34.918590831701891 ], [ 144.83508534481328, 34.915077192159288 ], [ 144.834501091252633, 34.913321970932515 ], [ 144.829800414957759, 34.899272290684166 ], [ 144.829210591895986, 34.89751835548816 ], [ 144.828024584867222, 34.894009903234974 ], [ 144.827428881138843, 34.892256812502325 ], [ 144.825033448735468, 34.885243327218234 ], [ 144.82443208107648, 34.883491562086334 ], [ 144.823223307710037, 34.879988428423729 ], [ 144.822616394831158, 34.878238482620162 ], [ 144.817734385534237, 34.864231243177528 ], [ 144.817121931032631, 34.862482632867625 ], [ 144.815890658427435, 34.858984887043107 ], [ 144.815272339447148, 34.857237172457957 ], [ 144.812786447836544, 34.850245307775168 ], [ 144.812162489208305, 34.84849897005185 ], [ 144.810908545593321, 34.845006743366952 ], [ 144.810279071422855, 34.843262274434807 ], [ 144.805216516029901, 34.829299082886564 ], [ 144.804581528115392, 34.827555998011377 ], [ 144.803305187784446, 34.824069358814285 ], [ 144.802664352478388, 34.822327222723686 ], [ 144.800088398261693, 34.815357779038663 ], [ 144.799441948487726, 34.813617068373475 ], [ 144.798143034274204, 34.810136150663311 ], [ 144.797491099534938, 34.808397357352533 ], [ 144.792248801141596, 34.79447981449232 ], [ 144.791591380538222, 34.792742453801623 ], [ 144.790270174829203, 34.789267322329437 ], [ 144.789606924820333, 34.787530962584214 ], [ 144.786941313591257, 34.780584739394698 ], [ 144.78627247609441, 34.77884985543696 ], [ 144.784928795428556, 34.775380644201874 ], [ 144.784254500844924, 34.773647727061416 ], [ 144.778833282330908, 34.759777424688792 ], [ 144.778153531560662, 34.758045988731794 ], [ 144.776787666418073, 34.75458276068639 ], [ 144.776102105128558, 34.752852376936232 ], [ 144.773347253274011, 34.745930168342966 ], [ 144.772656129677699, 34.744201309842879 ], [ 144.771267892099928, 34.740744202583301 ], [ 144.770571342893874, 34.739017358564666 ], [ 144.764972042426763, 34.725195883083757 ], [ 144.764270067609829, 34.723470568812218 ], [ 144.762859753475283, 34.720019641693398 ], [ 144.762151987025305, 34.718295430889839 ], [ 144.759308318124596, 34.711398028296685 ], [ 144.758595015448378, 34.709675392206009 ], [ 144.757162433200079, 34.706230782824804 ], [ 144.756443736390025, 34.704510209778732 ], [ 144.750667211023625, 34.690739140399501 ], [ 144.749943118280527, 34.689020144764243 ], [ 144.748488570991327, 34.685581911576406 ], [ 144.747758706399992, 34.683864071570156 ], [ 144.7448266530279, 34.676992261883981 ], [ 144.744091280088725, 34.675276045153737 ], [ 144.742614569907033, 34.67184432755414 ], [ 144.741873834310724, 34.670130221532929 ], [ 144.73592095728705, 34.656411128471348 ], [ 144.735174856334908, 34.654698647525066 ], [ 144.733676294426033, 34.651273501271589 ], [ 144.732924442310008, 34.649562227215341 ], [ 144.729904445134281, 34.642716793745592 ], [ 144.729147111650178, 34.641007191529098 ], [ 144.727626496565932, 34.637588757815479 ], [ 144.726863833699468, 34.635881313972021 ], [ 144.720735494448292, 34.622215760249446 ], [ 144.72026561576584, 34.62117045125558 ], [ 144.719967496803434, 34.620509990044525 ], [ 144.718425145104817, 34.617098319232355 ], [ 144.717651416979862, 34.615393806279542 ], [ 144.714543925662184, 34.608575528738299 ], [ 144.713987947686434, 34.60735909314792 ], [ 144.712872756872599, 34.604926187793581 ], [ 144.712089426685935, 34.603224179452724 ], [ 144.711640321443866, 34.602252322586992 ], [ 144.711415971170851, 34.601767387455311 ], [ 144.705113078906294, 34.588156928000274 ], [ 144.704665061843372, 34.587191530065525 ], [ 144.703766395403619, 34.585259459856559 ], [ 144.70331629641035, 34.584293971989638 ], [ 144.701511044100045, 34.580430273139001 ], [ 144.700714530751526, 34.578732292861559 ], [ 144.699115764581308, 34.575337594055327 ], [ 144.698313728496402, 34.573641335079998 ], [ 144.696924454900142, 34.57071468663392 ], [ 144.696577018015802, 34.569984001860604 ], [ 144.695880937356293, 34.568522572059436 ], [ 144.695538632902441, 34.56780509383043 ], [ 144.693354524092371, 34.563234285034611 ], [ 144.690671298741933, 34.557375996905165 ], [ 144.690383897898897, 34.556749371786282 ], [ 144.6897965731537, 34.555470718399192 ], [ 144.689096888011164, 34.553952950568487 ], [ 144.688284150893907, 34.552196289527501 ], [ 144.68787724094264, 34.551318606069231 ], [ 144.685050613296227, 34.545233967573864 ], [ 144.68400005316019, 34.542984397112576 ], [ 144.681888914442567, 34.538487554857227 ], [ 144.680828621844313, 34.53624089190393 ], [ 144.679446457388536, 34.533327538135751 ], [ 144.679100728316854, 34.532600020774566 ], [ 144.678408073174552, 34.531144922200838 ], [ 144.67806167860445, 34.530418457046494 ], [ 144.671531514168947, 34.516744124142434 ], [ 144.671185870532128, 34.516021015258019 ], [ 144.670607914923863, 34.514813231146007 ], [ 144.670260855754378, 34.514088768782131 ], [ 144.669275388548755, 34.512033856577659 ], [ 144.668460654935558, 34.510341661638904 ], [ 144.666825592128276, 34.506958835682212 ], [ 144.666005548917525, 34.505268794619553 ], [ 144.662713585064722, 34.498510210478344 ], [ 144.661888310497631, 34.496822320594106 ], [ 144.660231862710617, 34.493447476120537 ], [ 144.659401299231291, 34.491761760796948 ], [ 144.653683536466957, 34.480199978546693 ], [ 144.652967578092074, 34.478756807680952 ], [ 144.651530890438863, 34.475870275293346 ], [ 144.650810743921426, 34.474428087386741 ], [ 144.647920725761793, 34.468658973333504 ], [ 144.647196674387288, 34.467218223442643 ], [ 144.645744193740171, 34.464337332502254 ], [ 144.64501642277051, 34.462898492771615 ], [ 144.638199366507848, 34.449462192426665 ], [ 144.637345424252459, 34.447785145668291 ], [ 144.635631204916905, 34.444431149278614 ], [ 144.634771622113391, 34.442755561220622 ], [ 144.631320774134821, 34.436053432020913 ], [ 144.63045586104991, 34.434379756820704 ], [ 144.628720169500781, 34.431033438842519 ], [ 144.627850097904144, 34.429362154939781 ], [ 144.620862346720656, 34.415987084037056 ], [ 144.619987104022272, 34.414317706697233 ], [ 144.618230289197101, 34.410979105801403 ], [ 144.617349431131771, 34.409311237524037 ], [ 144.613813491999878, 34.402640098062307 ], [ 144.612927332431042, 34.400974190307181 ], [ 144.611149166801198, 34.397643457580045 ], [ 144.610257884694505, 34.395979986087838 ], [ 144.603100426044108, 34.382667658186307 ], [ 144.602204007009647, 34.381006140021668 ], [ 144.600404845807844, 34.377683311436044 ], [ 144.599502834788183, 34.376023351796618 ], [ 144.595882301827288, 34.369383956604764 ], [ 144.59497502168054, 34.367726004252091 ], [ 144.593154631981207, 34.3644112344912 ], [ 144.592242265268993, 34.362755764267376 ], [ 144.584916103696202, 34.34950768303338 ], [ 144.583998633331277, 34.347854211103595 ], [ 144.582157377561913, 34.344547531643656 ], [ 144.581234339493818, 34.342895668600505 ], [ 144.577529719921273, 34.336288767712972 ], [ 144.576601444202112, 34.334638957822222 ], [ 144.574739085840662, 34.33134052514572 ], [ 144.573805760427973, 34.329693242349776 ], [ 144.566311915762896, 34.316510906952999 ], [ 144.565373520872214, 34.31486566741691 ], [ 144.563490426842264, 34.311575510302077 ], [ 144.562546490328856, 34.309931930014841 ], [ 144.558758296758384, 34.303358269868738 ], [ 144.557809155868682, 34.30171678859935 ], [ 144.555905084253112, 34.298435065326288 ], [ 144.554950929642047, 34.29679615611812 ], [ 144.547290437004932, 34.283681051339755 ], [ 144.546331248888265, 34.282044231256549 ], [ 144.544406574704141, 34.278770967006949 ], [ 144.543441870146836, 34.277135854736201 ], [ 144.539570624185359, 34.270596176372919 ], [ 144.538600746727894, 34.268963208985298 ], [ 144.536655225358828, 34.265698564737392 ], [ 144.535680372851658, 34.26406821437709 ], [ 144.527854282649827, 34.251021819601817 ], [ 144.526874430810864, 34.249393602433258 ], [ 144.524908440872736, 34.246137600670295 ], [ 144.523923099571817, 34.244511139877659 ], [ 144.519969330021041, 34.238006179841619 ], [ 144.518978849994511, 34.236381910697105 ], [ 144.516992143273598, 34.233134714195984 ], [ 144.515996725968563, 34.231513105246108 ], [ 144.508006102999758, 34.218536889066513 ], [ 144.507005722336913, 34.216917458274366 ], [ 144.504998682843649, 34.213679085022136 ], [ 144.503992839697986, 34.21206145916949 ], [ 144.499957082553607, 34.205591949509255 ], [ 144.498946133957389, 34.203976561169696 ], [ 144.496918511680548, 34.200747176641471 ], [ 144.495902663577823, 34.199134492563189 ], [ 144.487748588827145, 34.186229914579485 ], [ 144.486727813338831, 34.184619452725912 ], [ 144.484679995885273, 34.1813990722097 ], [ 144.483653785794246, 34.17979046296 ], [ 144.479536586044929, 34.17335713122705 ], [ 144.478505304676361, 34.171750805355799 ], [ 144.476437038439059, 34.168539596125896 ], [ 144.475400896235016, 34.166936016784234 ], [ 144.467084465976001, 34.154104526702923 ], [ 144.466043432358816, 34.152503214552127 ], [ 144.463955112139587, 34.149301188299631 ], [ 144.46290867179826, 34.14770177641617 ], [ 144.458710580729445, 34.141305345665586 ], [ 144.457659104185296, 34.139708262127101 ], [ 144.45555047187716, 34.136515587924578 ], [ 144.454494174067491, 34.134921294982291 ], [ 144.446016497164607, 34.122164333517503 ], [ 144.444955345713453, 34.120572350034422 ], [ 144.442826799717551, 34.117389037774331 ], [ 144.441760269421735, 34.115799003121765 ], [ 144.437481844612108, 34.109440189213615 ], [ 144.43641031318603, 34.107852527872467 ], [ 144.434261594497713, 34.104678747526464 ], [ 144.433185281376069, 34.10309391904957 ], [ 144.424547481981023, 34.090412916123796 ], [ 144.423466352090969, 34.088830440273171 ], [ 144.421297863605929, 34.085666198136948 ], [ 144.420211384547912, 34.084085718781125 ], [ 144.415853191671914, 34.077765235777292 ], [ 144.414761747456993, 34.076187173799326 ], [ 144.412573225674265, 34.073032643442218 ], [ 144.411477039334528, 34.071457456596903 ], [ 144.402680256888658, 34.058853833138215 ], [ 144.401579290652791, 34.057281042086856 ], [ 144.399371143863647, 34.054136224407529 ], [ 144.398740098577747, 34.053239048143951 ], [ 144.398264859036345, 34.052565478414522 ], [ 144.393827471861101, 34.046284033181934 ], [ 144.392716256950195, 34.044715746834754 ], [ 144.390488219855825, 34.041580818999932 ], [ 144.389371392276331, 34.040014175714077 ], [ 144.380325474242142, 34.027361675001771 ], [ 144.379516865910915, 34.026232982666443 ], [ 144.3780713747947, 34.024219713569323 ], [ 144.377344915036389, 34.023209882830201 ], [ 144.374260835769661, 34.018931026346223 ], [ 144.373132704611322, 34.017370548812181 ], [ 144.370871044563529, 34.014251547970957 ], [ 144.36973782144392, 34.012693447345271 ], [ 144.368305899298633, 34.010730599637867 ], [ 144.367948080640105, 34.010240567148799 ], [ 144.36723175803948, 34.009260488681008 ], [ 144.366873967260432, 34.008771418466637 ], [ 144.357665464390521, 33.996194023735598 ], [ 144.357080376258892, 33.995395565153672 ], [ 144.356102641424542, 33.994062624191088 ], [ 144.355515664716592, 33.993263217723666 ], [ 144.353849558211124, 33.990996350601563 ], [ 144.352705094465392, 33.989443938187662 ], [ 144.350411003965434, 33.986341394040551 ], [ 144.349261796295337, 33.984791827081523 ], [ 144.344653811325117, 33.978596731154624 ], [ 144.343499955059116, 33.97704999706022 ], [ 144.341186689214993, 33.973958280750395 ], [ 144.340028112408248, 33.972414410996748 ], [ 144.332329636004687, 33.962185047202524 ], [ 144.331366655447511, 33.960908476645159 ], [ 144.329436281360103, 33.95835574022567 ], [ 144.328469672038437, 33.957080612181016 ], [ 144.324594534710883, 33.951980915687102 ], [ 144.323624675239131, 33.950707640245952 ], [ 144.321681073023598, 33.948162202724035 ], [ 144.320708229602047, 33.946891216956374 ], [ 144.311287179160587, 33.934611111114293 ], [ 144.310108329836027, 33.933078805742838 ], [ 144.307744474428347, 33.930015180656596 ], [ 144.306560429720463, 33.928485107402167 ], [ 144.301812129826573, 33.922366788396971 ], [ 144.300623303423123, 33.920839349256994 ], [ 144.298240144967536, 33.91778631099001 ], [ 144.297046784182527, 33.916261953826478 ], [ 144.287472652941034, 33.904066175613906 ], [ 144.286274704714543, 33.902544421987869 ], [ 144.283872671287639, 33.899501955251367 ], [ 144.282669560053165, 33.897982479608118 ], [ 144.277845033622185, 33.891906659864958 ], [ 144.276637179362552, 33.890389859704641 ], [ 144.274215993973399, 33.887358151557891 ], [ 144.273003648500236, 33.885844474743067 ], [ 144.263277655940016, 33.87373438213649 ], [ 144.262060763494361, 33.872223350227841 ], [ 144.259620856917678, 33.869202379986234 ], [ 144.258398832940458, 33.867693671026501 ], [ 144.25349869331049, 33.86166102773484 ], [ 144.25227196498011, 33.860155036526123 ], [ 144.249813059325817, 33.857144994845953 ], [ 144.248581882948343, 33.855642166553025 ], [ 144.238705264736979, 33.84361910763613 ], [ 144.237469580956969, 33.842118964718765 ], [ 144.234992110597801, 33.839119828218031 ], [ 144.233751329460944, 33.837622054114718 ], [ 144.228776196265386, 33.831633256370054 ], [ 144.227530748546116, 33.830138242286495 ], [ 144.225034434691821, 33.82715020252013 ], [ 144.223784582992863, 33.82565838912376 ], [ 144.213758584691533, 33.813723700288961 ], [ 144.212504266059369, 33.812234613636832 ], [ 144.209989543983198, 33.809257642726436 ], [ 144.208730162167654, 33.807770969854772 ], [ 144.203680662233211, 33.801826684054674 ], [ 144.20241665340663, 33.800342812571188 ], [ 144.199883243417815, 33.797377105669284 ], [ 144.198614873778439, 33.795896475342488 ], [ 144.188440756236758, 33.784051481291272 ], [ 144.18716796013419, 33.782573615480487 ], [ 144.184616302900423, 33.779619142010347 ], [ 144.183338476889986, 33.778143734945814 ], [ 144.178215243339451, 33.772244620293407 ], [ 144.176932830785773, 33.770772056885306 ], [ 144.174362643921739, 33.767829011999652 ], [ 144.173075915521991, 33.766359727519784 ], [ 144.162754950381242, 33.754605743060978 ], [ 144.161463835988144, 33.753139262667332 ], [ 144.158875561958354, 33.750207613990625 ], [ 144.157579451830799, 33.748743637309417 ], [ 144.15238312498164, 33.742890348511224 ], [ 144.151082468781198, 33.74142925505646 ], [ 144.148475824300846, 33.738509199540317 ], [ 144.147170896320773, 33.737051422785385 ], [ 144.136704370510557, 33.72538975193595 ], [ 144.135395097906354, 33.723934818837137 ], [ 144.132770528138082, 33.721026319609365 ], [ 144.13145629577221, 33.719573935189345 ], [ 144.126187520438322, 33.713767119757392 ], [ 144.12486878156929, 33.712317659033147 ], [ 144.12222600322778, 33.709420915743209 ], [ 144.120903039344427, 33.707974810389601 ], [ 144.110292248788738, 33.696406743676789 ], [ 144.108964980749903, 33.694963519751013 ], [ 144.106304440798084, 33.692078491029832 ], [ 144.104972248970995, 33.69063785984963 ], [ 144.099631676261339, 33.684878162597329 ], [ 144.098295018400933, 33.683440494683452 ], [ 144.095616432652974, 33.680567383778083 ], [ 144.094275594743209, 33.679133109006159 ], [ 144.083521849754135, 33.667659926165129 ], [ 144.082176749957767, 33.66622857059258 ], [ 144.079480568074501, 33.663367333436213 ], [ 144.078130579563236, 33.6619386137763 ], [ 144.072718867781788, 33.656226670525029 ], [ 144.07136445640495, 33.654800954600773 ], [ 144.068650392402532, 33.651951795339556 ], [ 144.067291845942833, 33.650529509429703 ], [ 144.056396467623614, 33.63915247940372 ], [ 144.055033701544545, 33.637733151364273 ], [ 144.052302207781196, 33.634896020535336 ], [ 144.050934589860248, 33.633479371576129 ], [ 144.045452402706843, 33.627815813649136 ], [ 144.044080402389483, 33.626402207096589 ], [ 144.04133119378028, 33.623577313342849 ], [ 144.039955104245252, 33.622167172777267 ], [ 144.028919427190573, 33.610887552818951 ], [ 144.027539161203919, 33.609480408794269 ], [ 144.024772690107881, 33.606667698156002 ], [ 144.023387609151115, 33.60526327548007 ], [ 144.017835615722021, 33.599648728806358 ], [ 144.016446194636643, 33.598247388106785 ], [ 144.013662176868849, 33.595447071925179 ], [ 144.012268712431506, 33.594049233185842 ], [ 144.001094081127832, 33.582868267956627 ], [ 143.999696483406552, 33.581473462630612 ], [ 143.996895372224259, 33.578685482449515 ], [ 143.995492996405147, 33.577293441639426 ], [ 143.989871872989426, 33.571728524951965 ], [ 143.98859565676517, 33.570468127802371 ], [ 143.985646710527845, 33.567564174647373 ], [ 143.984236041160926, 33.566178792417617 ], [ 143.972923811785023, 33.555097713988744 ], [ 143.972157650555999, 33.554348186620047 ], [ 143.970622512319466, 33.552848564410169 ], [ 143.969435759753111, 33.551691890568918 ], [ 143.968598294876102, 33.550877508590531 ], [ 143.968179696436465, 33.550470769510866 ], [ 143.963420881669123, 33.545850162555325 ], [ 143.961998076850392, 33.544472346322124 ], [ 143.959147478673941, 33.541719291312575 ], [ 143.957720070225974, 33.540344424855789 ], [ 143.956673165834701, 33.539338838017557 ], [ 143.955976338737884, 33.538670059875813 ], [ 143.944262255399082, 33.527435362852088 ], [ 143.943361414398083, 33.526572210639443 ], [ 143.941856732602929, 33.525132088475544 ], [ 143.940953534478723, 33.524268608909551 ], [ 143.938390479238052, 33.521820877332033 ], [ 143.937069490265372, 33.520562477576618 ], [ 143.934423537317144, 33.518048100839565 ], [ 143.933099096746247, 33.516792619384233 ], [ 143.927792466249713, 33.511774461722581 ], [ 143.92646466131535, 33.510521875184622 ], [ 143.923804704124478, 33.508018771449656 ], [ 143.922473468276877, 33.506769115802427 ], [ 143.91424200056818, 33.499060413208042 ], [ 143.913213051142264, 33.498098546011391 ], [ 143.911151889548847, 33.496175409667899 ], [ 143.910120512852274, 33.495214922930813 ], [ 143.90598857861076, 33.491374158590816 ], [ 143.904955155056911, 33.490415347290963 ], [ 143.902885605486887, 33.488498853339848 ], [ 143.901850424657738, 33.487542044829752 ], [ 143.892031554612714, 33.47848264685706 ], [ 143.890803944946612, 33.47735239869462 ], [ 143.888344408867994, 33.475092995045998 ], [ 143.887113480702993, 33.473964758667194 ], [ 143.882181281141953, 33.469453978718605 ], [ 143.880947438274262, 33.468328041006828 ], [ 143.878476111183915, 33.466077885086747 ], [ 143.877239631504636, 33.464954581489138 ], [ 143.867327444206836, 33.455968778636588 ], [ 143.866088193715456, 33.454847732337413 ], [ 143.863605388578691, 33.452606762992218 ], [ 143.862362842971748, 33.451487752757885 ], [ 143.857384198822189, 33.44701394034152 ], [ 143.856138763693735, 33.445897249458994 ], [ 143.853644272765251, 33.443665616875222 ], [ 143.852396229603102, 33.442551580791218 ], [ 143.842391559623167, 33.433640069134412 ], [ 143.841140772629188, 33.432528310133819 ], [ 143.838634907974921, 33.430305949560307 ], [ 143.837380848347749, 33.429196251805905 ], [ 143.832356177795674, 33.424759753160487 ], [ 143.831099255626924, 33.42365239724063 ], [ 143.828581809503277, 33.421439459763633 ], [ 143.827322308977983, 33.420334776629147 ], [ 143.818713244721295, 33.41277417348968 ], [ 143.819046684557549, 33.409126662665813 ], [ 143.819203980480182, 33.407310998004618 ], [ 143.820439701131846, 33.392770729486074 ], [ 143.820591048938041, 33.390954705995284 ], [ 143.820887991588421, 33.387320347756315 ], [ 143.821033465022794, 33.385503491493182 ], [ 143.82160380876897, 33.378231491590498 ], [ 143.821743355671543, 33.376414305276342 ], [ 143.822016604782704, 33.372778634027128 ], [ 143.822150199073263, 33.37096162667811 ], [ 143.823196160974618, 33.356410823501164 ], [ 143.823323815242048, 33.354593512181253 ], [ 143.823573345633946, 33.350956630444699 ], [ 143.823695119235282, 33.349138539412479 ], [ 143.82417062317657, 33.341861707452182 ], [ 143.824286472943328, 33.34004334122767 ], [ 143.824512320587843, 33.336405362318061 ], [ 143.824622226735215, 33.334587229917162 ], [ 143.825478544100321, 33.320027629571996 ], [ 143.825582518319067, 33.31820924715953 ], [ 143.825784665230714, 33.314570275398182 ], [ 143.825882755185631, 33.312751166333555 ], [ 143.826263479576397, 33.305470371061091 ], [ 143.826355650193847, 33.303651041662675 ], [ 143.826534126949269, 33.300011190364444 ], [ 143.826620362939622, 33.298192147849875 ], [ 143.827287168868139, 33.283625487826612 ], [ 143.827368164509977, 33.281790166683294 ], [ 143.82752422566287, 33.278117368722064 ], [ 143.827599228222226, 33.276281375785175 ], [ 143.82788735212003, 33.268933132258809 ], [ 143.827956338215273, 33.267096877619252 ], [ 143.828088331711939, 33.263423219006739 ], [ 143.828151151155367, 33.261591448387122 ], [ 143.828562361664268, 33.248999954984328 ], [ 143.828611971865399, 33.247563777246882 ], [ 143.828645011159011, 33.246582422641126 ], [ 143.829122927081841, 33.232006819759334 ], [ 143.829179653618468, 33.230186492113376 ], [ 143.829287257501875, 33.22654373780361 ], [ 143.829338089881418, 33.224722791424171 ], [ 143.829529703933332, 33.217434860930666 ], [ 143.82957462596849, 33.215613803034984 ], [ 143.829658586675151, 33.211970600863054 ], [ 143.829697592070858, 33.21014993776987 ], [ 143.829986201602338, 33.19557433039148 ], [ 143.830019293056267, 33.193754028825822 ], [ 143.830079608787429, 33.190111382434822 ], [ 143.830106806984105, 33.188290516994158 ], [ 143.830203851027392, 33.181003017275827 ], [ 143.83022514877203, 33.17918209427873 ], [ 143.83026185370241, 33.175539216761734 ], [ 143.830277247397618, 33.173718743425752 ], [ 143.830376917461109, 33.159141271752787 ], [ 143.830386417899064, 33.157320765141549 ], [ 143.830399531813811, 33.153677759921038 ], [ 143.830403138994058, 33.151856743394319 ], [ 143.830405778504797, 33.144568744552203 ], [ 143.830403490629493, 33.14274772352897 ], [ 143.830393018024125, 33.139104704818806 ], [ 143.830384838690094, 33.137284187415844 ], [ 143.830295789619782, 33.122706581743756 ], [ 143.830282603759912, 33.120981530073891 ], [ 143.830247698373427, 33.117243155347666 ], [ 143.830227741517689, 33.115422202672988 ], [ 143.830136093406651, 33.108134569854883 ], [ 143.830114858614678, 33.106610088585114 ], [ 143.830068246752745, 33.10356018355597 ], [ 143.830037464757567, 33.101738840575536 ], [ 143.830023711425412, 33.10099830462832 ], [ 143.829743414327965, 33.086274581607057 ], [ 143.829721087758486, 33.085159691167178 ], [ 143.829674187214238, 33.082927968651234 ], [ 143.829649638420932, 33.081812425303582 ], [ 143.829546954728613, 33.077347146554075 ], [ 143.82950212622282, 33.075525811667433 ], [ 143.829406566060726, 33.071882642770305 ], [ 143.82935584609632, 33.070061304286185 ], [ 143.829272721759395, 33.067240177792428 ], [ 143.829251520242138, 33.066535589546106 ], [ 143.829208225079839, 33.065126049727724 ], [ 143.829186169207247, 33.064422276267408 ], [ 143.82871597126578, 33.049710856870945 ], [ 143.828688886383617, 33.048876070174828 ], [ 143.82864295980508, 33.047481781958936 ], [ 143.828614994487367, 33.046645342309205 ], [ 143.828534527646895, 33.044272634874687 ], [ 143.828469790848573, 33.042451391718743 ], [ 143.828334421297001, 33.038808757018927 ], [ 143.828263814623966, 33.036988010288809 ], [ 143.827969549255982, 33.029703105114436 ], [ 143.827893084399221, 33.027882866501614 ], [ 143.827734236246812, 33.0242415825835 ], [ 143.827651911406889, 33.022421866476265 ], [ 143.827074041234283, 33.010087574682302 ], [ 143.826999782414845, 33.008547336390734 ], [ 143.826846975908012, 33.005465334557954 ], [ 143.826768489374473, 33.003924824671287 ], [ 143.826445965509521, 32.997759770597384 ], [ 143.826184866239402, 32.996221041368358 ], [ 143.8260828309582, 32.9931397976639 ], [ 143.826002536788138, 32.991601001885101 ], [ 143.825932910375769, 32.989855366532311 ], [ 143.825255198369433, 32.977038321362045 ], [ 143.825150061326809, 32.975220031579397 ], [ 143.824916037945769, 32.971582528411375 ], [ 143.824797590037321, 32.969764297084993 ], [ 143.824543206903996, 32.965907173177783 ], [ 143.82428407175334, 32.962491258465292 ], [ 143.824144792848216, 32.960674693582774 ], [ 143.823863218713001, 32.957040604240774 ], [ 143.823863733125251, 32.955212067583489 ], [ 143.822835184796787, 32.940659660015797 ], [ 143.822703827120932, 32.938842444923353 ], [ 143.822435115988668, 32.935206349194118 ], [ 143.822297870450967, 32.933388947042687 ], [ 143.821736906633788, 32.926116063106178 ], [ 143.821593821798075, 32.924298979314841 ], [ 143.821301723796211, 32.92066416062292 ], [ 143.821152831138903, 32.918847903308517 ], [ 143.819937348830223, 32.904305690455686 ], [ 143.819782653746898, 32.902489774883634 ], [ 143.819467252512169, 32.898856333953091 ], [ 143.819306672265924, 32.897040286180669 ], [ 143.818652344430717, 32.889772925880294 ], [ 143.818485936576991, 32.887957249527915 ], [ 143.818147190741087, 32.884325299673264 ], [ 143.817974991253692, 32.882510501958478 ], [ 143.816572946384696, 32.867980195230189 ], [ 143.816394960659778, 32.866165793217192 ], [ 143.816032961952061, 32.862535434263123 ], [ 143.815849095560253, 32.860720953109876 ], [ 143.815101594363938, 32.853459971700943 ], [ 143.814911912055919, 32.851645916826016 ], [ 143.81452661461222, 32.848017262087353 ], [ 143.814331156858231, 32.846204138011075 ], [ 143.81274294063499, 32.831687445219927 ], [ 143.812541713729985, 32.829874769005642 ], [ 143.812133217374395, 32.826247918307388 ], [ 143.811926113399892, 32.82443521781147 ], [ 143.811085639391109, 32.817181469649597 ], [ 143.810872732990589, 32.815369247592997 ], [ 143.810440985563361, 32.811744314249097 ], [ 143.810222321703719, 32.809933077849678 ], [ 143.808448346914162, 32.795431701412497 ], [ 143.808223930091259, 32.793620965035757 ], [ 143.80776904040934, 32.789998048871354 ], [ 143.807538751013254, 32.788187341273073 ], [ 143.806605516431915, 32.780941675318559 ], [ 143.806369438998928, 32.779131500118979 ], [ 143.805891348607389, 32.775510713549011 ], [ 143.805649530801958, 32.773701575267893 ], [ 143.803690229121599, 32.759217217600849 ], [ 143.803442677238337, 32.757408633302248 ], [ 143.802941503048629, 32.753790075252169 ], [ 143.802688084888047, 32.751981572791749 ], [ 143.801662309168847, 32.744744839802991 ], [ 143.801403116461444, 32.742936921901901 ], [ 143.800878794621013, 32.739320707484922 ], [ 143.800613881326427, 32.737513879562357 ], [ 143.79846970511349, 32.723048235887802 ], [ 143.798199073928828, 32.721242014107929 ], [ 143.797651730343347, 32.717628238652679 ], [ 143.797375240075695, 32.715822153569945 ], [ 143.796257155244035, 32.708595199809025 ], [ 143.795974904818337, 32.706789752345571 ], [ 143.795404469341435, 32.703178530964976 ], [ 143.79511651721387, 32.701374226539741 ], [ 143.79278793951201, 32.686928988482464 ], [ 143.792492639024573, 32.685115309524321 ], [ 143.79189588129023, 32.681486682664712 ], [ 143.791594665061922, 32.679673204255323 ], [ 143.790377527101811, 32.672416792301533 ], [ 143.790070485065399, 32.670603909243539 ], [ 143.789450400716106, 32.666977876028596 ], [ 143.78913757783792, 32.665166002909245 ], [ 143.786581403309611, 32.650498232108021 ], [ 143.785698352696983, 32.64543557509208 ], [ 143.785387582971026, 32.643670080909942 ], [ 143.784760602620196, 32.640140308428727 ], [ 143.784444433364257, 32.638376252262674 ], [ 143.783168525607294, 32.631320149905434 ], [ 143.782846975708054, 32.629557440024172 ], [ 143.782198182300618, 32.626031792733443 ], [ 143.781871208589934, 32.62427030952756 ], [ 143.77917559597725, 32.609870915310836 ], [ 143.77883612798567, 32.608073045535207 ], [ 143.77815107930931, 32.604476141361147 ], [ 143.777805775616372, 32.602678568361625 ], [ 143.776412388521777, 32.595485998380497 ], [ 143.776061374134002, 32.593689221280783 ], [ 143.775353415228466, 32.590095503405138 ], [ 143.774996761192284, 32.588300024926724 ], [ 143.772118292126351, 32.573926086020379 ], [ 143.771755999340172, 32.572131420528962 ], [ 143.771025290285394, 32.568540981581378 ], [ 143.77065717079202, 32.566746667724971 ], [ 143.770300907961229, 32.565023885044724 ], [ 143.770668166803404, 32.563364341791328 ], [ 143.770981284659143, 32.561940864280075 ], [ 143.773473660381484, 32.550540046286585 ], [ 143.773628663932101, 32.549828774278808 ], [ 143.773938090970574, 32.548404542236369 ], [ 143.774092304017273, 32.547692548073087 ], [ 143.774707812615844, 32.544841970580819 ], [ 143.774861145226538, 32.544129640970596 ], [ 143.775166974976429, 32.542704453847875 ], [ 143.775319348010356, 32.541992176398139 ], [ 143.776535923894386, 32.53628722447624 ], [ 143.776687403001944, 32.535574630465248 ], [ 143.776989606685362, 32.534148531430134 ], [ 143.777140208953966, 32.533435605569025 ], [ 143.777741093676838, 32.530582079200059 ], [ 143.777890804717657, 32.529868858361397 ], [ 143.778189388629727, 32.52844189237976 ], [ 143.778338203945538, 32.527728417033302 ], [ 143.77857069847974, 32.526610201799826 ], [ 143.778722960896545, 32.525875456587499 ], [ 143.779026543241145, 32.524405670285773 ], [ 143.779177805611681, 32.52367090438895 ], [ 143.779781090625448, 32.520730606033027 ], [ 143.779931340359354, 32.519995857223421 ], [ 143.780230947700858, 32.518525820010836 ], [ 143.78038018299938, 32.517791127858573 ], [ 143.781571109320026, 32.51190810837295 ], [ 143.781719320290932, 32.511173453992342 ], [ 143.782014929246458, 32.509703209036246 ], [ 143.78216220672121, 32.508968214711643 ], [ 143.782773680960901, 32.505906023144831 ], [ 143.782895935699145, 32.505291433653184 ], [ 143.783187558859169, 32.503821027718573 ], [ 143.783332725625684, 32.503086553202166 ], [ 143.785651772311923, 32.491311506621173 ], [ 143.785939406079393, 32.489840724770033 ], [ 143.786511087117361, 32.486897024278676 ], [ 143.786794900564956, 32.485425300837505 ], [ 143.787950318952227, 32.47939088857899 ], [ 143.788087288397975, 32.478673738602708 ], [ 143.788366499114915, 32.477200975544974 ], [ 143.788812963048628, 32.47482901005128 ], [ 143.789034781730294, 32.473643655930459 ], [ 143.791228391877695, 32.461851399023317 ], [ 143.791337846565312, 32.461261208138808 ], [ 143.791556424989295, 32.460079146435987 ], [ 143.791665370660809, 32.459488234294895 ], [ 143.792100305285572, 32.457122179145586 ], [ 143.792369328482351, 32.455647812596908 ], [ 143.792903526676838, 32.452698250324261 ], [ 143.793168629728967, 32.451223453899729 ], [ 143.793798997825803, 32.447689996896372 ], [ 143.793955773940439, 32.44680718190628 ], [ 143.794268010461366, 32.445040893622831 ], [ 143.794423607563687, 32.444156639717619 ], [ 143.796543216097263, 32.432053651755126 ], [ 143.796748471965117, 32.43087792847416 ], [ 143.797005428058498, 32.429401889186124 ], [ 143.797291207423569, 32.427745644646194 ], [ 143.797852242288087, 32.424465317121303 ], [ 143.798007000323452, 32.423552450385586 ], [ 143.799833816577717, 32.41819954887049 ], [ 143.800427780118554, 32.416449901641954 ], [ 143.801610662003355, 32.412947333653079 ], [ 143.802199097410863, 32.411195836519084 ], [ 143.804542627240977, 32.404183335093308 ], [ 143.805125324974057, 32.402430468291925 ], [ 143.806285339797256, 32.398922436921453 ], [ 143.806862185641791, 32.397168697777772 ], [ 143.811457924544271, 32.383120308056306 ], [ 143.81202894548008, 32.381365216332085 ], [ 143.813165903483906, 32.377851805217233 ], [ 143.813731376502716, 32.376094913949487 ], [ 143.815982986625869, 32.3690609349147 ], [ 143.816542712976485, 32.367302729737503 ], [ 143.817656757154538, 32.363784068380568 ], [ 143.818210624421255, 32.362025043921221 ], [ 143.822622333255055, 32.347934552438289 ], [ 143.823170368418261, 32.346174229357644 ], [ 143.824261318005739, 32.342650404992639 ], [ 143.824803788164928, 32.340888335428872 ], [ 143.826963313107086, 32.333833736738143 ], [ 143.827500024906527, 32.33207040542527 ], [ 143.828568017500544, 32.328541544856876 ], [ 143.829098865720681, 32.326777450019563 ], [ 143.833326224326157, 32.312646574480169 ], [ 143.833851234147829, 32.310881234981252 ], [ 143.834896097077859, 32.307347426343085 ], [ 143.83541552390821, 32.305580392521506 ], [ 143.837482808985015, 32.298506034826119 ], [ 143.837996469362366, 32.296737793215129 ], [ 143.839018333929545, 32.293199162411725 ], [ 143.83952612533065, 32.291430212134969 ], [ 143.843568837832123, 32.277260673841539 ], [ 143.844070784539355, 32.275490533761513 ], [ 143.845069487966867, 32.271947170725639 ], [ 143.845565836395082, 32.270175388483807 ], [ 143.847540739513903, 32.263082132434988 ], [ 143.848031311596429, 32.261309196362703 ], [ 143.849006978889776, 32.257761226100229 ], [ 143.849491679298268, 32.255987635321731 ], [ 143.853349471401572, 32.241781158274279 ], [ 143.853828322619535, 32.240006432551354 ], [ 143.854780799094925, 32.236453946792722 ], [ 143.855254035845775, 32.234677631068166 ], [ 143.857136425705932, 32.227566339115725 ], [ 143.857603878916649, 32.225788923520213 ], [ 143.85853328508361, 32.222232045472992 ], [ 143.858994862124035, 32.220454030029856 ], [ 143.862667483818001, 32.206212341826529 ], [ 143.863123208969824, 32.204433246297697 ], [ 143.864029397339237, 32.200872068591366 ], [ 143.864479491835397, 32.199091435221987 ], [ 143.866269249726798, 32.191962971614231 ], [ 143.866713553488495, 32.190181292333335 ], [ 143.867596640073685, 32.186615938175464 ], [ 143.86803506676543, 32.184833713905164 ], [ 143.871522291421144, 32.170558541244048 ], [ 143.871954861727914, 32.16877529174667 ], [ 143.872814708032735, 32.165205855566342 ], [ 143.873241633295521, 32.163421120388648 ], [ 143.874938652197812, 32.156276349374366 ], [ 143.875359779530555, 32.154490622244907 ], [ 143.87619649527258, 32.150917224550625 ], [ 143.876611743737527, 32.14913100818984 ], [ 143.879913369007596, 32.134824083165427 ], [ 143.880322759288475, 32.133036894637428 ], [ 143.881136214065606, 32.129459631656999 ], [ 143.881539944913271, 32.127671011408466 ], [ 143.883144128599184, 32.12051079903452 ], [ 143.883542057920323, 32.118721240793008 ], [ 143.884332355154385, 32.115140233035845 ], [ 143.884724403808633, 32.113350239522447 ], [ 143.887840248929223, 32.099013294228371 ], [ 143.88822643760048, 32.09722238430615 ], [ 143.888993456783311, 32.09363772709969 ], [ 143.88937397343048, 32.091845438516543 ], [ 143.890885238264019, 32.084670650830276 ], [ 143.891259947089594, 32.082877478213561 ], [ 143.892003785347157, 32.079289292067585 ], [ 143.892372614405559, 32.077495739037658 ], [ 143.895302522894013, 32.063130507367418 ], [ 143.895665491069877, 32.061336092786945 ], [ 143.896386036886412, 32.057744475727361 ], [ 143.89662601108185, 32.056541630692209 ], [ 143.896743319549302, 32.055948733747528 ], [ 143.898161592684261, 32.048760239494072 ], [ 143.898513063927481, 32.046963668339117 ], [ 143.899210409033827, 32.043368739076499 ], [ 143.899556728960732, 32.041568021147583 ], [ 143.902345603067403, 32.0269394535934 ], [ 143.902608037831357, 32.025553467019279 ], [ 143.903046717233138, 32.023221024031358 ], [ 143.903267016959518, 32.022042926540166 ], [ 143.904222966617255, 32.016900924138952 ], [ 143.904554618600997, 32.015100985022883 ], [ 143.905212254142754, 32.011499643594078 ], [ 143.905538147767999, 32.009698728713744 ], [ 143.905907418393014, 32.007639396341574 ], [ 143.905999386662899, 32.007125159498941 ], [ 143.906182899621768, 32.006096347668716 ], [ 143.906274246459958, 32.005582886941113 ], [ 143.908860254197776, 31.991006205772237 ], [ 143.909030502156526, 31.990043266583939 ], [ 143.909313847056779, 31.988435296752073 ], [ 143.909483270337688, 31.987470611979745 ], [ 143.909962282533826, 31.984734207917825 ], [ 143.910283305430795, 31.982882309571238 ], [ 143.910919287095822, 31.979177400417029 ], [ 143.911234132549708, 31.977325066798784 ], [ 143.912481616334418, 31.96991190211304 ], [ 143.912790262760979, 31.968059145813271 ], [ 143.913401603002427, 31.964351896623157 ], [ 143.91370407648256, 31.962498735628543 ], [ 143.915684063469627, 31.950240594827989 ], [ 143.915929212363977, 31.948709563795745 ], [ 143.916415600799638, 31.945645357747367 ], [ 143.916656640691855, 31.944113429191816 ], [ 143.917612933890524, 31.937981458478021 ], [ 143.917849766754244, 31.936449155804297 ], [ 143.918319383732893, 31.933383254533851 ], [ 143.918551947514544, 31.931851104745107 ], [ 143.920845392301686, 31.916600697364629 ], [ 143.920987638969024, 31.915649248814105 ], [ 143.921270832783108, 31.913744111501842 ], [ 143.92141158477753, 31.912791713267438 ], [ 143.921971816546744, 31.908978680422052 ], [ 143.922110989331173, 31.908025851412418 ], [ 143.922387798858296, 31.906119506310631 ], [ 143.922525322286589, 31.905166765434302 ], [ 143.923620183025633, 31.897535927041844 ], [ 143.923756114653457, 31.896582767081554 ], [ 143.924026512014763, 31.894675245666519 ], [ 143.924160867130951, 31.893721660326747 ], [ 143.924695340518184, 31.889904924073392 ], [ 143.924828110130107, 31.88895093224005 ], [ 143.925092107015445, 31.887042269585635 ], [ 143.925223292921288, 31.886087891043729 ], [ 143.925293637891428, 31.885572927549049 ], [ 143.925400432384691, 31.884787075663439 ], [ 143.925612935888722, 31.883215192927196 ], [ 143.925718611625058, 31.882429410289319 ], [ 143.926139241633479, 31.879285148391261 ], [ 143.926243794116687, 31.878499455685699 ], [ 143.926451860365802, 31.876927536976723 ], [ 143.926555289595427, 31.87614195129035 ], [ 143.927378993046915, 31.869851681910148 ], [ 143.927481292728004, 31.86906619604855 ], [ 143.927684910930481, 31.867494266547482 ], [ 143.927786145814508, 31.866708464124713 ], [ 143.928189108641078, 31.863563344273217 ], [ 143.92828921937226, 31.862777651567654 ], [ 143.928488402118461, 31.861205740053293 ], [ 143.928587340134555, 31.86042058694099 ], [ 143.930164417354632, 31.847833550578258 ], [ 143.930359162846031, 31.84626144031381 ], [ 143.93074448906728, 31.84311512166596 ], [ 143.93093491151788, 31.841542193917576 ], [ 143.931688232226549, 31.835246320861415 ], [ 143.931874266884535, 31.833673009102597 ], [ 143.932242059024389, 31.830525160707936 ], [ 143.932423668118105, 31.828951902908614 ], [ 143.933860253248696, 31.816352598893673 ], [ 143.934037454765445, 31.814778973271331 ], [ 143.934387673252814, 31.81162966078054 ], [ 143.934560546333188, 31.810055253647533 ], [ 143.93524363178895, 31.803753530501638 ], [ 143.935412117975289, 31.802178776229852 ], [ 143.935744801481889, 31.79902807428661 ], [ 143.935908865702146, 31.797453409047876 ], [ 143.937204972232422, 31.784842974124388 ], [ 143.937364632472651, 31.783267977035905 ], [ 143.937679746823534, 31.780115953988343 ], [ 143.937835073230559, 31.778540209563459 ], [ 143.938447935124856, 31.772233206497674 ], [ 143.938598873740062, 31.770657150007935 ], [ 143.938896455807054, 31.767503880500016 ], [ 143.939042978750791, 31.765927949016032 ], [ 143.940198632760968, 31.753307521725077 ], [ 143.940340754422692, 31.751731294364276 ], [ 143.940620773630513, 31.748576844945887 ], [ 143.94075855696272, 31.746999905321672 ], [ 143.94130120968353, 31.740688191606978 ], [ 143.941434607921138, 31.739110975891265 ], [ 143.941697095745241, 31.735955421205972 ], [ 143.941826081009395, 31.734378366468945 ], [ 143.942841323868862, 31.721749084453137 ], [ 143.942965911448056, 31.720171768912365 ], [ 143.943210846304197, 31.717015177309065 ], [ 143.943331091956821, 31.715437185478095 ], [ 143.943803559786744, 31.709121328587003 ], [ 143.943919421244601, 31.707543094838513 ], [ 143.944146828314302, 31.704385540960317 ], [ 143.94425828309366, 31.702807505062651 ], [ 143.945133165164094, 31.690170504165735 ], [ 143.945240226755601, 31.68859224253822 ], [ 143.945450089850766, 31.685433793834932 ], [ 143.94555280411933, 31.683854890091538 ], [ 143.945955116735973, 31.677535459294376 ], [ 143.946053449507673, 31.675956350505601 ], [ 143.946250630362698, 31.67271573254547 ], [ 143.947079009389228, 31.670671963840277 ], [ 143.954128777821353, 31.653781196645241 ], [ 143.954931817549578, 31.651845946433781 ], [ 143.956660647271548, 31.647658818100467 ], [ 143.9575216770846, 31.645562216024075 ], [ 143.96100518214385, 31.637033605117153 ], [ 143.961883830574749, 31.634870274244207 ], [ 143.963521715455187, 31.630814952348601 ], [ 143.964337350189595, 31.62878479038622 ], [ 143.971096876819757, 31.611868111924196 ], [ 143.971321199214373, 31.611305787432514 ], [ 143.97177016596109, 31.6101786752061 ], [ 143.971994296799863, 31.609615172602588 ], [ 143.972811416314499, 31.607557729705832 ], [ 143.973015848403094, 31.607042285973165 ], [ 143.973424324073704, 31.606010974926988 ], [ 143.973628196784517, 31.605495541086952 ], [ 143.97533681424332, 31.601169781360795 ], [ 143.976089795907711, 31.599253757755065 ], [ 143.977589125837795, 31.595419170858349 ], [ 143.978335158441638, 31.593501419655155 ], [ 143.981306454629959, 31.585823892958643 ], [ 143.982045474320017, 31.583904423151012 ], [ 143.983517043077455, 31.580062526564717 ], [ 143.984249107410875, 31.578141366931021 ], [ 143.98843473657476, 31.567098864021801 ], [ 143.988955617608354, 31.565719396633312 ], [ 143.989994404718374, 31.56295799411663 ], [ 143.990511886315318, 31.561577181342187 ], [ 143.992575782746854, 31.556049007356222 ], [ 143.993089656263038, 31.554667321340133 ], [ 143.994114135159776, 31.551902242394959 ], [ 143.994624255805235, 31.55052016517385 ], [ 143.999737573430735, 31.536611805291102 ], [ 144.000373278105059, 31.534874116347794 ], [ 144.001639778953432, 31.531395366903013 ], [ 144.00227005711784, 31.529655719236388 ], [ 144.004781225073913, 31.52269041692972 ], [ 144.005405855496321, 31.520949288079578 ], [ 144.006649845414501, 31.517464625592282 ], [ 144.007268700390483, 31.515722508387483 ], [ 144.012201167949939, 31.501766725454388 ], [ 144.012814283453196, 31.500023141455159 ], [ 144.014035564590046, 31.496532646864551 ], [ 144.014643232899317, 31.494787155403316 ], [ 144.017063885890167, 31.487798571447343 ], [ 144.017665892967244, 31.486051651862795 ], [ 144.018864611013583, 31.48255545736879 ], [ 144.019460835450076, 31.480807604287861 ], [ 144.024212055442803, 31.466806105218097 ], [ 144.024802531412348, 31.465056839302065 ], [ 144.025978495711882, 31.46155502764293 ], [ 144.026563504702636, 31.459803905526201 ], [ 144.028893450273159, 31.452792893377762 ], [ 144.029472786340449, 31.451040396197754 ], [ 144.030626137187284, 31.447533096875418 ], [ 144.031199684318409, 31.445779721057619 ], [ 144.035769281727227, 31.431734216361434 ], [ 144.036337072298494, 31.42997948166834 ], [ 144.037467628029304, 31.426466780118176 ], [ 144.038029931836292, 31.424710241385128 ], [ 144.040268987424867, 31.41767765629919 ], [ 144.040825608415417, 31.415919796462049 ], [ 144.041933503928618, 31.412401821287318 ], [ 144.042484329688278, 31.410643135872419 ], [ 144.046871952878661, 31.396555338758304 ], [ 144.047417013984415, 31.394795350225706 ], [ 144.048502074811296, 31.391272186862523 ], [ 144.049041632066434, 31.389510445550826 ], [ 144.051189628598905, 31.382457146380517 ], [ 144.051723491346507, 31.380694137025216 ], [ 144.052785847889396, 31.377165914076215 ], [ 144.053313910009848, 31.375402134900952 ], [ 144.057519233426461, 31.361273762174818 ], [ 144.058041524597485, 31.359508732942174 ], [ 144.059081009581433, 31.355975537641228 ], [ 144.059597779813913, 31.354208807790627 ], [ 144.061654559910636, 31.347135653388023 ], [ 144.062165626642951, 31.345367709452574 ], [ 144.063182365974427, 31.341829667705355 ], [ 144.063687626682992, 31.340061009708336 ], [ 144.067710345456732, 31.325893779974166 ], [ 144.068209828920914, 31.324123925878894 ], [ 144.069203664318621, 31.320581128516579 ], [ 144.069697610656505, 31.318809625963922 ], [ 144.071663027727169, 31.311717475181723 ], [ 144.072151261572373, 31.309944812503659 ], [ 144.073122311746062, 31.306397383632827 ], [ 144.073604735970804, 31.304624059952829 ], [ 144.077444569511982, 31.290419697211689 ], [ 144.077921211095514, 31.288645233191346 ], [ 144.078869328557317, 31.285093263643716 ], [ 144.079340415928101, 31.28331720332676 ], [ 144.081214335074179, 31.27620691951401 ], [ 144.081679702756702, 31.274429753031058 ], [ 144.082604999921642, 31.270873366013461 ], [ 144.083064554386084, 31.269095593387306 ], [ 144.086721244590223, 31.254855822538616 ], [ 144.087175012816857, 31.253076963531498 ], [ 144.088077347591849, 31.249516253472763 ], [ 144.088525546317356, 31.247735850329633 ], [ 144.090307845231479, 31.240608295936539 ], [ 144.090750317074054, 31.238826840586739 ], [ 144.091629799176218, 31.23526192979466 ], [ 144.092066455103719, 31.233479923160388 ], [ 144.095539767246947, 31.21920647000286 ], [ 144.095970633338908, 31.217423432745449 ], [ 144.096827129668924, 31.21385441385064 ], [ 144.097252410970867, 31.212069883718442 ], [ 144.098942978136762, 31.204925922993397 ], [ 144.099362525361272, 31.20314039551306 ], [ 144.10019613934108, 31.199567390822722 ], [ 144.100609868851194, 31.197781366917042 ], [ 144.103899592492695, 31.183475961746552 ], [ 144.10430752938052, 31.181688961093499 ], [ 144.10511813596824, 31.178112065807937 ], [ 144.10552047479095, 31.176323625635291 ], [ 144.107119209411536, 31.169164123597398 ], [ 144.107515807891019, 31.167374739801147 ], [ 144.108209141961623, 31.164223024114676 ], [ 144.109745250139696, 31.155063195856826 ], [ 144.109918900298482, 31.15402771823193 ], [ 144.110615605318486, 31.149873259268247 ], [ 144.11214492264051, 31.142814864828296 ], [ 144.11274437708542, 31.140048149341538 ], [ 144.115774201722644, 31.12606432985001 ], [ 144.115861327240651, 31.125656761227617 ], [ 144.116420607542892, 31.12304047718095 ], [ 144.117698773016087, 31.116982457950712 ], [ 144.118329523574545, 31.113952998388726 ], [ 144.120821966872342, 31.101819244460188 ], [ 144.121436540291512, 31.098786174432519 ], [ 144.122649667989009, 31.092715973507325 ], [ 144.123122228073413, 31.090323328629893 ], [ 144.128141931791703, 31.064481534135581 ], [ 144.12917965163038, 31.059046003265735 ], [ 144.130874474865465, 31.050005741542861 ], [ 144.132157530606406, 31.042910774069242 ], [ 144.13463023985409, 31.028734026571556 ], [ 144.135821988153594, 31.021641320689554 ], [ 144.139164553730808, 31.00096107780908 ], [ 144.139976199135646, 30.995790528945349 ], [ 144.141552812823335, 30.985441301787063 ], [ 144.142317245059786, 30.980266223896763 ], [ 144.146958672506258, 30.947822797594483 ], [ 144.14752374415653, 30.943769689479211 ], [ 144.148625633216085, 30.935656161175785 ], [ 144.149161997055018, 30.931599040422213 ], [ 144.151250631755062, 30.915356515482671 ], [ 144.151757945487503, 30.911297422419949 ], [ 144.152743969527961, 30.903174425985526 ], [ 144.153222106771096, 30.899115423107276 ], [ 144.159622950552063, 30.843045318888556 ], [ 144.160379325168066, 30.836037576284923 ], [ 144.161807035882163, 30.822007970529398 ], [ 144.162477780610544, 30.814991811346857 ], [ 144.164989908213812, 30.786901995057519 ], [ 144.165574634901333, 30.779880080749194 ], [ 144.166658508537154, 30.765827488092924 ], [ 144.167157250457905, 30.758802526006662 ], [ 144.170805018560401, 30.702548195694192 ], [ 144.171217638206855, 30.695519011990285 ], [ 144.171957500337527, 30.681449627758241 ], [ 144.172284431151155, 30.674415147883906 ], [ 144.173420979096505, 30.646258278138959 ], [ 144.173662064444642, 30.63922117356239 ], [ 144.174058579311264, 30.625141319236576 ], [ 144.174213883250928, 30.618104295648379 ], [ 144.175114094277006, 30.561765944697555 ], [ 144.175159196137116, 30.558288638336649 ], [ 144.17522857742361, 30.55132622773624 ], [ 144.175252793607598, 30.547845885712775 ], [ 144.175307856084061, 30.533913150826606 ], [ 144.175311149212035, 30.530431772670198 ], [ 144.175304500690487, 30.527204565481242 ], [ 144.212654756147941, 30.505794207993603 ], [ 144.219642992169526, 30.501737587520211 ], [ 144.233573834030864, 30.49355312040808 ], [ 144.240510754937787, 30.489428590039978 ], [ 144.254065958412667, 30.481271026313777 ], [ 144.268161348155189, 30.472788376807046 ], [ 144.275043043440888, 30.468596825487964 ], [ 144.288755253451455, 30.460145650767657 ], [ 144.295580201727404, 30.45588948797257 ], [ 144.34997831593185, 30.421548601757536 ], [ 144.356744029404609, 30.417225150106702 ], [ 144.370226239742266, 30.408508862076332 ], [ 144.376937234378175, 30.404119559026611 ], [ 144.403677000793863, 30.386424166530247 ], [ 144.410329430562143, 30.38197005320194 ], [ 144.423579705543915, 30.372995807599295 ], [ 144.426345927134804, 30.371100686367186 ], [ 144.430172174223486, 30.368479348250389 ], [ 144.482695969662842, 30.332064217649133 ], [ 144.485667338423838, 30.329992257279457 ], [ 144.491604943802855, 30.325830445964158 ], [ 144.494566819153789, 30.323743632596887 ], [ 144.506399312371201, 30.315363162345449 ], [ 144.509349580574195, 30.313262640182671 ], [ 144.51523931573368, 30.309047606882132 ], [ 144.518176389468209, 30.306934814717266 ], [ 144.54164477862733, 30.289961960287258 ], [ 144.543971023792011, 30.288272281490208 ], [ 144.548618764301438, 30.284882554630656 ], [ 144.550877940474066, 30.283228264562695 ], [ 144.561416936333814, 30.275475266426412 ], [ 144.568171872004456, 30.270446391159453 ], [ 144.572037863704992, 30.267533781987652 ], [ 144.579774375728363, 30.261705151813317 ], [ 144.585599444205542, 30.257270839130229 ], [ 144.601658796093403, 30.244917738503545 ], [ 144.605658718015803, 30.241818512986157 ], [ 144.613635035816088, 30.235593914137354 ], [ 144.617608507095298, 30.232470832917329 ], [ 144.642301537676559, 30.212918668726417 ], [ 144.654472667214833, 30.203629943347863 ], [ 144.656017163178745, 30.20239802355735 ], [ 144.658508532591469, 30.200405304375323 ], [ 144.659103847564694, 30.19992914241638 ], [ 144.660644778334614, 30.198693183444163 ], [ 144.666803674750241, 30.193739218490435 ], [ 144.66834053338917, 30.192499528231281 ], [ 144.671411074262011, 30.190015788698304 ], [ 144.672943509136218, 30.188772750262643 ], [ 144.685197409633275, 30.17880405046688 ], [ 144.686725599707501, 30.177557232180931 ], [ 144.689779607443967, 30.175058576492518 ], [ 144.691304181343554, 30.173807753525466 ], [ 144.697397524376612, 30.168794381156204 ], [ 144.698917981180813, 30.167539866472083 ], [ 144.701955663523364, 30.165026510465395 ], [ 144.70347165519334, 30.16376869167209 ], [ 144.715593706984492, 30.153681799375903 ], [ 144.717105407988953, 30.152420242100902 ], [ 144.72012637643175, 30.149892130018202 ], [ 144.721634412698705, 30.148626604034916 ], [ 144.727661478395163, 30.143554462768634 ], [ 144.729165351700004, 30.14228528463866 ], [ 144.732169814885452, 30.139742632316995 ], [ 144.733669182587533, 30.138470192346006 ], [ 144.74565794675712, 30.128266396277553 ], [ 144.747152980626453, 30.126990260092839 ], [ 144.750140550946213, 30.124433015371864 ], [ 144.751631869715567, 30.123152945552476 ], [ 144.757591944013399, 30.118022683800348 ], [ 144.759079056653633, 30.116739003202809 ], [ 144.762049944549773, 30.114167378322122 ], [ 144.763532512016155, 30.112880480849981 ], [ 144.775386570334746, 30.102561079630561 ], [ 144.776864759901315, 30.101270527313289 ], [ 144.779818578665214, 30.098684475508406 ], [ 144.781293005468257, 30.09739002642894 ], [ 144.787185384198807, 30.09220229619936 ], [ 144.788655559907085, 30.090904277710592 ], [ 144.791592521777858, 30.088304008523579 ], [ 144.79305811364182, 30.087002816327299 ], [ 144.804776068561097, 30.076569124765712 ], [ 144.806237239357898, 30.075264320892046 ], [ 144.809156959426815, 30.072649790255809 ], [ 144.810614319795292, 30.071341126492143 ], [ 144.816438309580832, 30.066096589686225 ], [ 144.817891375686855, 30.064784397882136 ], [ 144.820794066193827, 30.062155813540471 ], [ 144.822242510684106, 30.060840492994657 ], [ 144.833822985343346, 30.050293838490262 ], [ 144.835266966497812, 30.048974949434864 ], [ 144.838152244331269, 30.046332273615889 ], [ 144.839592367394204, 30.045009560643138 ], [ 144.845347284750204, 30.039708883658335 ], [ 144.84678915159887, 30.038377052459396 ], [ 144.849286126454018, 30.036064171524799 ], [ 144.853675394504734, 30.032110763501464 ], [ 144.854889049391005, 30.031014991748833 ], [ 144.8573076330417, 30.028826244236171 ], [ 144.858515131168957, 30.027730956319203 ], [ 144.863341744925975, 30.023342565107896 ], [ 144.86454625190882, 30.022244840927101 ], [ 144.866952973501526, 30.020046387031528 ], [ 144.868154209649589, 30.01894655304153 ], [ 144.877760667021931, 30.010129759780966 ], [ 144.878958796911803, 30.009027458950442 ], [ 144.881353401038979, 30.006819264497835 ], [ 144.882548899512614, 30.005714268399203 ], [ 144.887327441808878, 30.00128706784426 ], [ 144.888519924855046, 30.000179659763802 ], [ 144.890902567999689, 29.99796185515595 ], [ 144.892091759527517, 29.996852363346392 ], [ 144.901601672879252, 29.987958334509955 ], [ 144.902787734766804, 29.986846401040935 ], [ 144.905158163319271, 29.984618953902014 ], [ 144.906341565911276, 29.983504345849326 ], [ 144.91107164913754, 29.979038728055116 ], [ 144.912252012021241, 29.977921732302491 ], [ 144.914610384262375, 29.975684773933551 ], [ 144.915787434043665, 29.974565721431333 ], [ 144.925200034454321, 29.965595239429149 ], [ 144.926373931212339, 29.964473771347912 ], [ 144.928719993533292, 29.962227268474038 ], [ 144.929891204016286, 29.961103146493315 ], [ 144.934572446861381, 29.956599504463867 ], [ 144.935740594253531, 29.955473020863593 ], [ 144.938074504035768, 29.953217102987367 ], [ 144.9392393185407, 29.952088588717857 ], [ 144.94855384608357, 29.943042444953306 ], [ 144.949715483283427, 29.941911540285787 ], [ 144.95203699051504, 29.939646179527955 ], [ 144.953195914460736, 29.938512643444113 ], [ 144.95782793920867, 29.933971373780167 ], [ 144.958983776680981, 29.932835500358522 ], [ 144.961293037843717, 29.930560823523649 ], [ 144.962445522643321, 29.929422946412274 ], [ 144.9716612272845, 29.920301935886016 ], [ 144.972810512295752, 29.919161694457102 ], [ 144.975107277379294, 29.916877674565313 ], [ 144.976253823055828, 29.915734824203241 ], [ 144.980836256488629, 29.911156325304631 ], [ 144.981979692309579, 29.910011162785338 ], [ 144.984264118694711, 29.907717925742048 ], [ 144.98540418115843, 29.906570786513214 ], [ 144.994520325452896, 29.897375711420409 ], [ 144.995088578275642, 29.896801805459148 ], [ 144.996225551568756, 29.89565217780617 ], [ 144.996793500420182, 29.895077234926902 ], [ 144.999065580912458, 29.892774447083468 ], [ 144.999632902936838, 29.892198774853938 ], [ 145.000767083834745, 29.891046550858078 ], [ 145.001333483154013, 29.89047046763838 ], [ 145.005866341459267, 29.885854485896289 ], [ 145.006432076179664, 29.88527767422579 ], [ 145.007563388240584, 29.884122859282826 ], [ 145.008128505126848, 29.883545324557531 ], [ 145.010388629132223, 29.881232793459105 ], [ 145.010953095808901, 29.88065455096708 ], [ 145.012081562414579, 29.8794971864464 ], [ 145.012645371687, 29.878918259570469 ], [ 145.013197048205512, 29.878351129101731 ], [ 145.014099171640197, 29.877422005321705 ], [ 145.015901500254728, 29.875562233410648 ], [ 145.016801424846136, 29.874631875760883 ], [ 145.020398115880909, 29.870906453070717 ], [ 145.021295789469974, 29.869974873242427 ], [ 145.0230896284842, 29.868109767452438 ], [ 145.023985064559525, 29.867177001417986 ], [ 145.031146008981949, 29.859702886978965 ], [ 145.032039115813092, 29.858768893370126 ], [ 145.033824300651446, 29.85689845819752 ], [ 145.034236548078667, 29.856466140600332 ], [ 145.034715650207573, 29.855962777460718 ], [ 145.038278906247484, 29.85221514781108 ], [ 145.039167979618952, 29.851278280868286 ], [ 145.0409446038108, 29.849402612540985 ], [ 145.041831117712292, 29.848464908329106 ], [ 145.056070387639267, 29.833372318478155 ], [ 145.056690936937713, 29.832713590260397 ], [ 145.057837425057443, 29.831494951331251 ], [ 145.058411136764818, 29.830884385406591 ], [ 145.060800453778398, 29.828338415485746 ], [ 145.061397074815687, 29.827701853757958 ], [ 145.062589718840997, 29.826427737450672 ], [ 145.063185255296077, 29.825790704477811 ], [ 145.067978942174733, 29.82065616734883 ], [ 145.069690217130329, 29.81881640085669 ], [ 145.073105743336015, 29.815130829824142 ], [ 145.074809213075156, 29.813285870646723 ], [ 145.081554599665338, 29.805952795985263 ], [ 145.083236386750656, 29.804117671793733 ], [ 145.086593287950251, 29.800441219886807 ], [ 145.088267351657379, 29.798601045102345 ], [ 145.097010904130713, 29.788953727932522 ], [ 145.102981283759533, 29.782278413818347 ], [ 145.108740872193977, 29.775752701926137 ], [ 145.113941578741702, 29.769986392858044 ], [ 145.116127681348104, 29.767550626760425 ], [ 145.12048067074673, 29.762676867843624 ], [ 145.122650403893573, 29.760235722900717 ], [ 145.124924073487506, 29.75766523925995 ], [ 145.126031327784204, 29.756410309088864 ], [ 145.128242651877287, 29.753897787653159 ], [ 145.12934613711505, 29.752640862786052 ], [ 145.135706309898779, 29.745377731097619 ], [ 145.136784159961309, 29.74414376232528 ], [ 145.138937356374214, 29.741672631287173 ], [ 145.140012109172432, 29.740436151607639 ], [ 145.142425746551822, 29.737652470185736 ], [ 145.144600203836632, 29.735132137238793 ], [ 145.148935474792808, 29.730082060838868 ], [ 145.151099622250314, 29.727548391845147 ], [ 145.15555104694343, 29.722310389513382 ], [ 145.159486112395058, 29.717763606105819 ], [ 145.168705567208832, 29.706996453124162 ], [ 145.173282737808819, 29.701593416203707 ], [ 145.185648897079687, 29.68683785268513 ], [ 145.187189392576926, 29.684992720837812 ], [ 145.19026466118558, 29.681295817448358 ], [ 145.191798181541259, 29.679445547774435 ], [ 145.197920503429287, 29.67203119058729 ], [ 145.199446501854965, 29.670176270518994 ], [ 145.202491896784437, 29.6664608294044 ], [ 145.204010055820078, 29.664601821917074 ], [ 145.216135400029572, 29.649697363043316 ], [ 145.217645788922283, 29.647833683578256 ], [ 145.220660744498588, 29.644099755100115 ], [ 145.222164082706882, 29.642231023243653 ], [ 145.22816547905407, 29.634742960319699 ], [ 145.229661229682648, 29.632869668900469 ], [ 145.232646044480049, 29.629117567821936 ], [ 145.234133896362806, 29.627240285211485 ], [ 145.246016313002684, 29.61218987176548 ], [ 145.247496332690474, 29.610308012505243 ], [ 145.250450450029035, 29.606537795483291 ], [ 145.251923345286883, 29.604650969267141 ], [ 145.257802772880638, 29.597090677293323 ], [ 145.259268014907462, 29.595199385943147 ], [ 145.262191732463265, 29.591411363244248 ], [ 145.263649019986616, 29.589516176031225 ], [ 145.275286448711114, 29.574322773977229 ], [ 145.276735842885756, 29.572423106341603 ], [ 145.279628612071548, 29.568617342716635 ], [ 145.281070808971577, 29.566712794460386 ], [ 145.286827252476115, 29.559081762713618 ], [ 145.288261734092004, 29.557172841953559 ], [ 145.291123849886418, 29.553349644970581 ], [ 145.292550320341689, 29.551436925474178 ], [ 145.303940760158554, 29.536103526856692 ], [ 145.304650281185815, 29.535146426067143 ], [ 145.306068956318001, 29.53322907596143 ], [ 145.306777146348651, 29.53227012616577 ], [ 145.309608329961435, 29.528429056955872 ], [ 145.310314772609019, 29.527468771666918 ], [ 145.311726126360128, 29.525546614684885 ], [ 145.312430463695961, 29.524585526301422 ], [ 145.318063250419328, 29.516884181959796 ], [ 145.318765769325552, 29.515921767076463 ], [ 145.320169650609699, 29.513994832895605 ], [ 145.320870440119307, 29.513031096907895 ], [ 145.323671219451768, 29.50917194053298 ], [ 145.324370222908129, 29.508206917615581 ], [ 145.325766684785464, 29.506275293470424 ], [ 145.326463897691184, 29.505309030387792 ], [ 145.327277357864801, 29.504179496287065 ], [ 145.328105098372049, 29.503027507014195 ], [ 145.329757951568496, 29.50072188990373 ], [ 145.330582786367273, 29.499568650573281 ], [ 145.333877572292778, 29.494951316250763 ], [ 145.334699437529622, 29.493796861036657 ], [ 145.336340872034299, 29.491485849792525 ], [ 145.337159774005073, 29.490330233553806 ], [ 145.343704955320305, 29.481071714888117 ], [ 145.344520799595927, 29.47991489445721 ], [ 145.34615062744993, 29.477598532246901 ], [ 145.346963948228023, 29.476439932956964 ], [ 145.3502134173157, 29.471800090402184 ], [ 145.35102373345913, 29.470640337282163 ], [ 145.352642055387065, 29.468318747312651 ], [ 145.353448965797639, 29.467158486075789 ], [ 145.366359571038089, 29.448547520851662 ], [ 145.367966208974195, 29.446220305623115 ], [ 145.371170183157943, 29.441557587912712 ], [ 145.372766212691005, 29.439223982101538 ], [ 145.379131305665652, 29.429873048203035 ], [ 145.380716123351277, 29.427533684931944 ], [ 145.383875519940062, 29.422848006630574 ], [ 145.385448817309253, 29.420503600860968 ], [ 145.398000441068262, 29.40170830249653 ], [ 145.399562202833778, 29.399358149159809 ], [ 145.402676278988139, 29.394649691930084 ], [ 145.404227323533206, 29.392293302694185 ], [ 145.410412195067153, 29.382851513886663 ], [ 145.41148971597832, 29.381200940471473 ], [ 145.411951935133885, 29.380489529968173 ], [ 145.415021056877123, 29.375758760558995 ], [ 145.41654924335333, 29.373391824973226 ], [ 145.4287638956379, 29.354378513857654 ], [ 145.429286656254732, 29.353563272127701 ], [ 145.430283388368565, 29.352006286661208 ], [ 145.430781324998435, 29.351227227355253 ], [ 145.432821280578452, 29.348030414472305 ], [ 145.433330377795102, 29.347231289492782 ], [ 145.434347575780322, 29.345631990924176 ], [ 145.434855261961417, 29.344832470242693 ], [ 145.438931311431276, 29.338402510068249 ], [ 145.440290772501754, 29.336248429621719 ], [ 145.443001017983562, 29.331934982513872 ], [ 145.444351162976346, 29.329776635683629 ], [ 145.449705311851545, 29.321178961340394 ], [ 145.451038653911411, 29.319028281230658 ], [ 145.45369690329008, 29.314721451334378 ], [ 145.45502099852061, 29.312566619954026 ], [ 145.461708359054029, 29.301633963836736 ], [ 145.462741264598236, 29.300006666674648 ], [ 145.470999932301453, 29.28697828442057 ], [ 145.471804881290865, 29.285706093561771 ], [ 145.47305441463007, 29.283727827877442 ], [ 145.473798100902428, 29.282548497415604 ], [ 145.475984832134628, 29.279075269808231 ], [ 145.477119184803229, 29.277266779938373 ], [ 145.479381678522458, 29.273646265863078 ], [ 145.480509375308003, 29.27183495481961 ], [ 145.485008490150022, 29.264581153597874 ], [ 145.486129446517481, 29.262767022280627 ], [ 145.488365463295878, 29.259134722589806 ], [ 145.489479751189748, 29.257317808770239 ], [ 145.496357356107779, 29.246060266268501 ], [ 145.497214186086381, 29.244653550321573 ], [ 145.49892487828086, 29.241836786438967 ], [ 145.499778043522525, 29.240427883340601 ], [ 145.503184644856248, 29.23478561146726 ], [ 145.504033759550708, 29.23337506980414 ], [ 145.50572854183909, 29.230551433302367 ], [ 145.506573318204488, 29.229139827741022 ], [ 145.51632120565958, 29.21280085667459 ], [ 145.517534353328557, 29.21075847382491 ], [ 145.519953797629825, 29.206667802277451 ], [ 145.521159106807801, 29.204621177326089 ], [ 145.525966369852682, 29.196422909889861 ], [ 145.527163403468904, 29.194372600415591 ], [ 145.529549921791869, 29.190267228550283 ], [ 145.530738437928932, 29.188213837998632 ], [ 145.540221363525262, 29.171756885772083 ], [ 145.541401399056241, 29.169699821489957 ], [ 145.543754530947268, 29.165579869815559 ], [ 145.544926667731971, 29.163518659658706 ], [ 145.549601073930972, 29.155262221374983 ], [ 145.550764886590542, 29.153197427419968 ], [ 145.553084895551848, 29.149063181021319 ], [ 145.554240150263382, 29.14699541210905 ], [ 145.563456563569872, 29.13042373696652 ], [ 145.564603294506838, 29.128352396846026 ], [ 145.56688973177657, 29.124203981628909 ], [ 145.568028505511535, 29.122128593660136 ], [ 145.572569294038232, 29.113815618596249 ], [ 145.573699696883779, 29.111736749351962 ], [ 145.575952819667776, 29.107574445904362 ], [ 145.577074624994708, 29.105492706023966 ], [ 145.586023035834756, 29.088809585993999 ], [ 145.587136276918073, 29.086724381025817 ], [ 145.589355649943883, 29.082548320648669 ], [ 145.590460877168113, 29.080459164958825 ], [ 145.59486731687403, 29.072091296176751 ], [ 145.595964128242514, 29.069998762633247 ], [ 145.598150003320512, 29.065809224116691 ], [ 145.599238180298727, 29.063713925157913 ], [ 145.607917155153444, 29.046922655356752 ], [ 145.608996728316839, 29.044823995631276 ], [ 145.611148682765958, 29.040621116571742 ], [ 145.612220187212557, 29.038518605050058 ], [ 145.61649157752484, 29.030097493704744 ], [ 145.617554622948006, 29.027991708650688 ], [ 145.619672903182419, 29.023775762441829 ], [ 145.620727279141505, 29.021667318092852 ], [ 145.629135443846423, 29.004771208924438 ], [ 145.630181178219829, 29.002659509928861 ], [ 145.632265375047751, 28.998430638663535 ], [ 145.633302986744326, 28.996315187696155 ], [ 145.637438654970339, 28.987842493936398 ], [ 145.638467768073866, 28.985723871060259 ], [ 145.640518120715143, 28.981482347233054 ], [ 145.641538529279984, 28.979361172980106 ], [ 145.64967456902653, 28.962363553735372 ], [ 145.650180970975526, 28.961302843851627 ], [ 145.651192768531843, 28.959178348402446 ], [ 145.651697476158375, 28.958116002651877 ], [ 145.653713680642369, 28.953861619418632 ], [ 145.654216393572398, 28.952798212467854 ], [ 145.655219979418831, 28.950670055878589 ], [ 145.655720444044135, 28.949606172287417 ], [ 145.659719779544758, 28.941082828709995 ], [ 145.660218151446912, 28.940017999931172 ], [ 145.661213321438396, 28.937886428616252 ], [ 145.661709713033503, 28.936820552127301 ], [ 145.663692079626259, 28.932553216857968 ], [ 145.664186358714375, 28.931486526482303 ], [ 145.665173067883444, 28.929351814734844 ], [ 145.66566514543095, 28.928284553289927 ], [ 145.668867134810995, 28.921322021794225 ], [ 145.669436952454276, 28.920079306215428 ], [ 145.670574147879307, 28.917591921730207 ], [ 145.671141156039909, 28.916348062213501 ], [ 145.673404426773487, 28.911368317294318 ], [ 145.673968489654868, 28.910123549462583 ], [ 145.675094044255417, 28.907632337462672 ], [ 145.675655080018515, 28.906386908629202 ], [ 145.680135577095513, 28.896410479160693 ], [ 145.680693561459549, 28.895164261621858 ], [ 145.681807258498594, 28.892669484709245 ], [ 145.68236251701731, 28.891421940670512 ], [ 145.684578937568318, 28.886427087140788 ], [ 145.685131141090238, 28.885178892892014 ], [ 145.686232967078382, 28.882680850541192 ], [ 145.686781844907074, 28.881432696761834 ], [ 145.695556143402229, 28.861416103770637 ], [ 145.696646015601829, 28.858914330132677 ], [ 145.698815392616922, 28.853904213309221 ], [ 145.69989401070066, 28.85139790708817 ], [ 145.704187445195345, 28.841359660920006 ], [ 145.705254398172343, 28.83884952538574 ], [ 145.70737729642579, 28.833824120087456 ], [ 145.708432382848997, 28.831310896281138 ], [ 145.716833174911613, 28.811171682527686 ], [ 145.717876379492196, 28.808654679769916 ], [ 145.719952310651166, 28.803614253095816 ], [ 145.720984190069345, 28.801092879633188 ], [ 145.725090465752743, 28.790994662174512 ], [ 145.725307194272233, 28.79046091274131 ], [ 145.72595050631142, 28.788868082096684 ], [ 145.727662884734656, 28.78461098740749 ], [ 145.728673518568968, 28.782082224215742 ], [ 145.729069246349383, 28.781085444438105 ], [ 145.737173727985834, 28.760630125280471 ], [ 145.737475809361939, 28.759866033391177 ], [ 145.738079995496292, 28.758334777528262 ], [ 145.738381474325848, 28.757569194563047 ], [ 145.739581538657745, 28.754515631991467 ], [ 145.739917348207342, 28.753659257069557 ], [ 145.740587796390088, 28.751945689742143 ], [ 145.740922176917621, 28.751089160136843 ], [ 145.743536746224464, 28.74437655113735 ], [ 145.744363403048879, 28.742242307936692 ], [ 145.746008800865894, 28.7379704499767 ], [ 145.74682714435815, 28.735833869437897 ], [ 145.750080538086792, 28.727291323536235 ], [ 145.750889377543359, 28.725155393207274 ], [ 145.75249923505217, 28.720879968535996 ], [ 145.753299765672097, 28.718741770116964 ], [ 145.757238075876813, 28.708161532229383 ], [ 145.757728270244314, 28.706839839087877 ], [ 145.758706035656047, 28.704194117265274 ], [ 145.759193208300672, 28.702871164173217 ], [ 145.761136587484117, 28.697574689720597 ], [ 145.761620538757398, 28.696250948822637 ], [ 145.762585544587665, 28.69360185634082 ], [ 145.763066127000826, 28.692277807874916 ], [ 145.768091921705405, 28.678379495217911 ], [ 145.768716791347657, 28.676643055433061 ], [ 145.769961780412387, 28.673166784519793 ], [ 145.770581391718821, 28.671428368025119 ], [ 145.773050225887488, 28.664467958030258 ], [ 145.773664365718474, 28.662728044164311 ], [ 145.774887543525693, 28.659245793658755 ], [ 145.775496084177604, 28.657504874350849 ], [ 145.780346713430532, 28.64355861074182 ], [ 145.780949701668447, 28.641816209350822 ], [ 145.78215089105143, 28.638328061990904 ], [ 145.78274860206696, 28.63658373515176 ], [ 145.785129758632394, 28.629599777308158 ], [ 145.78572198558166, 28.627854006158032 ], [ 145.786749575233245, 28.624300011336828 ], [ 145.787371885404724, 28.622567855922341 ], [ 145.787750979324898, 28.621425573032212 ], [ 145.792113774931551, 28.608603809119131 ], [ 145.792705802231268, 28.606859458897532 ], [ 145.793887695761242, 28.603368385143256 ], [ 145.79446428889608, 28.601619077858629 ], [ 145.796711780125207, 28.594598094027333 ], [ 145.797271952539433, 28.592843521212046 ], [ 145.798389821533789, 28.589332889001952 ], [ 145.798947063956717, 28.587578259529465 ], [ 145.799828116275222, 28.584796519744032 ], [ 145.803539718183885, 28.573570483191673 ], [ 145.804098794324744, 28.571816796208481 ], [ 145.805212084870533, 28.568306172092463 ], [ 145.805765844219223, 28.566550663982383 ], [ 145.807971053821603, 28.559522165415927 ], [ 145.808519305722285, 28.557765318215246 ], [ 145.809610629427908, 28.554249351227099 ], [ 145.810153258766178, 28.552491661361728 ], [ 145.814475998569179, 28.538411762992808 ], [ 145.815013048514317, 28.536652752922691 ], [ 145.816082250696041, 28.533131531195693 ], [ 145.816613965862331, 28.531370750360338 ], [ 145.818730928589758, 28.524321263416084 ], [ 145.819257124617394, 28.522559198348716 ], [ 145.82030431409342, 28.519032845989443 ], [ 145.820824882163407, 28.517269994015464 ], [ 145.824970935760831, 28.503148966951613 ], [ 145.825485917242105, 28.5013848487323 ], [ 145.826510945624278, 28.497853455672725 ], [ 145.82702057434031, 28.496087618848918 ], [ 145.82904912202028, 28.489017998781975 ], [ 145.829553222603778, 28.487250929887125 ], [ 145.830556194213813, 28.483714621133117 ], [ 145.831054660544766, 28.481946819290783 ], [ 145.835023705080204, 28.467786380337628 ], [ 145.835516577628852, 28.466017366208661 ], [ 145.836497352171847, 28.462476231693103 ], [ 145.836984854867666, 28.460705552019988 ], [ 145.838924832815366, 28.453616656783652 ], [ 145.839406796586928, 28.45184479899882 ], [ 145.840365475687037, 28.448298961928003 ], [ 145.840841800709399, 28.446526425154815 ], [ 145.844633534910059, 28.432328291118182 ], [ 145.845187035254099, 28.430240434049068 ], [ 145.846286906116489, 28.426061226944427 ], [ 145.846832871940336, 28.423971406655511 ], [ 145.849002443208661, 28.41560487336659 ], [ 145.849540779184537, 28.413513289507051 ], [ 145.85061009018446, 28.409327463392174 ], [ 145.851141806250126, 28.407230266863735 ], [ 145.853227964500007, 28.398938604832978 ], [ 145.853591611664484, 28.397489407610493 ], [ 145.85526181907872, 28.390815778825441 ], [ 145.855441824681321, 28.390094572007257 ], [ 145.855798611817164, 28.388661286489707 ], [ 145.855976509408748, 28.38794475075008 ], [ 145.856686703129554, 28.385076630182709 ], [ 145.856863656433035, 28.384360097141268 ], [ 145.857216765342088, 28.382926470780376 ], [ 145.857392679929063, 28.382210351427034 ], [ 145.860211557218264, 28.370703535740176 ], [ 145.860561821571338, 28.369265930778425 ], [ 145.861259127107843, 28.366388479745069 ], [ 145.861605884105103, 28.364949803690706 ], [ 145.862986412693346, 28.359190636139118 ], [ 145.863329617368692, 28.357750986119584 ], [ 145.864012605697695, 28.354870237272024 ], [ 145.864352251755378, 28.353429715809114 ], [ 145.864998055816528, 28.350675444017043 ], [ 145.865298869148461, 28.349386085999527 ], [ 145.865897692625055, 28.346806473340507 ], [ 145.86619557866382, 28.345516754694927 ], [ 145.867381719691167, 28.34035507602627 ], [ 145.867676655953602, 28.339065041718612 ], [ 145.868263797237461, 28.336483759018677 ], [ 145.868555787320162, 28.335193455813766 ], [ 145.870533730148082, 28.326407268281059 ], [ 145.870856552588776, 28.324964856443444 ], [ 145.871498853789973, 28.322078212539964 ], [ 145.871818112216516, 28.320634968829211 ], [ 145.873088494538962, 28.314858001895658 ], [ 145.873404149382651, 28.313414025237591 ], [ 145.874032018263534, 28.310524672576037 ], [ 145.874344064127882, 28.309080065492907 ], [ 145.875380479726033, 28.304252936424461 ], [ 145.875678603185548, 28.302907386966723 ], [ 145.879462337018282, 28.285521147283589 ], [ 145.880391512059106, 28.281173366757855 ], [ 145.88221763403746, 28.272470074235002 ], [ 145.883114129514325, 28.268116715214518 ], [ 145.886015572661137, 28.253755957671757 ], [ 145.886375105427447, 28.25196209077842 ], [ 145.886637660699904, 28.250641574849283 ], [ 145.887222711959254, 28.248243791618023 ], [ 145.887654463883251, 28.246462459475424 ], [ 145.891089260761106, 28.232194326707173 ], [ 145.891515409908976, 28.230411945055465 ], [ 145.892362644121278, 28.226844219385725 ], [ 145.892783383846478, 28.225060327772383 ], [ 145.894456130946679, 28.217918877054927 ], [ 145.894871315559413, 28.216133968308441 ], [ 145.895696376987104, 28.212562181300143 ], [ 145.896105919253188, 28.210776757241945 ], [ 145.899362867103179, 28.196476072613279 ], [ 145.89976680389546, 28.194689653005383 ], [ 145.900569580122379, 28.191113899986902 ], [ 145.900968092204295, 28.189326022578285 ], [ 145.902551871172619, 28.182168730303005 ], [ 145.90294482184666, 28.180379889720768 ], [ 145.90372539651085, 28.176800291200948 ], [ 145.904112703938409, 28.175010990165504 ], [ 145.907191587821814, 28.160679480374256 ], [ 145.907573286179087, 28.15888923864793 ], [ 145.908331553159229, 28.155305891753869 ], [ 145.908707813315829, 28.153514244387225 ], [ 145.9102025216296, 28.146341973004013 ], [ 145.910573214083485, 28.144549417322168 ], [ 145.911309251621248, 28.140962438965971 ], [ 145.911674299929274, 28.139169477689705 ], [ 145.914574930089344, 28.124808872132036 ], [ 145.914934364829975, 28.12301502412447 ], [ 145.915648076697977, 28.119424514130429 ], [ 145.916002061546266, 28.117629313542352 ], [ 145.917407610173797, 28.110442929098383 ], [ 145.917756021923793, 28.108646873255026 ], [ 145.918481137195641, 28.104877722828945 ], [ 145.91879024587368, 28.103256542855576 ], [ 145.921512453237739, 28.088868572726938 ], [ 145.921750850022278, 28.087600911753128 ], [ 145.922225245998817, 28.085063233581991 ], [ 145.92252724014034, 28.083435279914738 ], [ 145.922692316997228, 28.082538174697419 ], [ 145.923920436579266, 28.075843276046839 ], [ 145.924247701670907, 28.074043553667536 ], [ 145.924896830525228, 28.070442436169827 ], [ 145.925224632511487, 28.068607481950153 ], [ 145.925402774718606, 28.067600997588443 ], [ 145.928039355832226, 28.05266084911932 ], [ 145.928254068970688, 28.051439089542697 ], [ 145.928610723906587, 28.049401340000259 ], [ 145.928823818265101, 28.048178824993158 ], [ 145.929425780376192, 28.044711511327478 ], [ 145.929735823449988, 28.042909032526325 ], [ 145.930350417438746, 28.039302885120463 ], [ 145.930654847843726, 28.03749992698036 ], [ 145.93186179468708, 28.030284254315291 ], [ 145.93216059533566, 28.02848082942711 ], [ 145.932752789909756, 28.024872282630099 ], [ 145.933045980588332, 28.023068407181711 ], [ 145.93484439895056, 28.011894542099867 ], [ 145.935067300416023, 28.010498961558255 ], [ 145.935510014176344, 28.007705869630371 ], [ 145.935729645707085, 28.006309494987619 ], [ 145.936601954817007, 28.000720155411017 ], [ 145.936818226480256, 27.999323481294141 ], [ 145.93724755293286, 27.996528970236113 ], [ 145.9374604008772, 27.995132493969749 ], [ 145.939646542154975, 27.980672830786858 ], [ 145.939916747960439, 27.978866720523115 ], [ 145.940451881450059, 27.975251889263632 ], [ 145.940716591498159, 27.973444639558892 ], [ 145.941764818791654, 27.966210465141444 ], [ 145.942023941352574, 27.964402576917962 ], [ 145.942536752769371, 27.960785196979685 ], [ 145.942790234781825, 27.958977176555663 ], [ 145.944797494609503, 27.944497085272644 ], [ 145.945045361255467, 27.942688451511145 ], [ 145.945535789445699, 27.939068623618596 ], [ 145.945778150441953, 27.937258903475964 ], [ 145.946736932064056, 27.930014950729969 ], [ 145.946973703774262, 27.928204646927355 ], [ 145.947441799100517, 27.924582487092351 ], [ 145.947672932960046, 27.922772105048807 ], [ 145.949501251981729, 27.908273322256491 ], [ 145.949726772273067, 27.906462381734059 ], [ 145.950172481675423, 27.902837992479817 ], [ 145.950392487323967, 27.901026017736939 ], [ 145.95126179809418, 27.893773155407303 ], [ 145.951476213557072, 27.891960651862973 ], [ 145.951899581101571, 27.888334146504036 ], [ 145.952108363211124, 27.886521620476799 ], [ 145.953757701857313, 27.872005882765592 ], [ 145.953960872197428, 27.87019285221885 ], [ 145.954361852917515, 27.866564334177156 ], [ 145.954559499622206, 27.864750323369208 ], [ 145.955339326049994, 27.857489419301771 ], [ 145.955531381668521, 27.855674933651699 ], [ 145.955910016934496, 27.852044516242074 ], [ 145.956096443696794, 27.850230062967512 ], [ 145.95756678487956, 27.835699108727198 ], [ 145.957747602570777, 27.833884204892342 ], [ 145.958103852811547, 27.830251992435933 ], [ 145.958279139671419, 27.828436162299454 ], [ 145.958969477260467, 27.821168084339888 ], [ 145.959139173934346, 27.819351833320979 ], [ 145.959473076022192, 27.815717939132128 ], [ 145.95963714743678, 27.813901775347148 ], [ 145.960928496553748, 27.799357341168701 ], [ 145.961086962493852, 27.797540781682045 ], [ 145.961398484053603, 27.793905309183174 ], [ 145.961551412867749, 27.792087876454616 ], [ 145.962152269712107, 27.784813494247771 ], [ 145.962299608341056, 27.782995694595996 ], [ 145.962588782646804, 27.77935875800074 ], [ 145.962730501412494, 27.777541099542503 ], [ 145.963842883642911, 27.762984923815679 ], [ 145.963979000531168, 27.761166924514356 ], [ 145.964245802402871, 27.757528626345305 ], [ 145.964376376768683, 27.755709807761917 ], [ 145.964887770854517, 27.748429989153294 ], [ 145.965012756833772, 27.746610858504596 ], [ 145.965257213250567, 27.742971312076634 ], [ 145.96537658566163, 27.741152378379979 ], [ 145.966310046871655, 27.726586195896516 ], [ 145.966423822802113, 27.724766974416724 ], [ 145.966645916676072, 27.721126284051024 ], [ 145.966754142890096, 27.719306298147529 ], [ 145.9671761038949, 27.71202191098277 ], [ 145.967278744419247, 27.710201666074369 ], [ 145.967478498234783, 27.706559945085786 ], [ 145.967575532385723, 27.704739950188952 ], [ 145.968330140024847, 27.690165499338775 ], [ 145.968421583090418, 27.688345272416768 ], [ 145.968598987853653, 27.684702624227214 ], [ 145.968684876706476, 27.682881685941453 ], [ 145.969017442401906, 27.675593598965918 ], [ 145.969097747363975, 27.673772456534039 ], [ 145.969252820162211, 27.670128994457826 ], [ 145.969327526844296, 27.668308156896387 ], [ 145.969903370844605, 27.653727171572172 ], [ 145.969972491837353, 27.651906155944744 ], [ 145.970105230872406, 27.648261983404041 ], [ 145.970168793156205, 27.646440310372412 ], [ 145.970412013903825, 27.639149390532452 ], [ 145.970469996793696, 27.637327567313605 ], [ 145.970580413755584, 27.633682797623436 ], [ 145.970632806459633, 27.631861333234355 ], [ 145.971029995638588, 27.617275550026989 ], [ 145.971076808948084, 27.615453961531472 ], [ 145.971164911032389, 27.611808698113521 ], [ 145.971206162035088, 27.609986507071994 ], [ 145.971360098090628, 27.602693621313932 ], [ 145.971395773297246, 27.600871334045223 ], [ 145.971461567697844, 27.597225689314484 ], [ 145.971491660812063, 27.595403815733789 ], [ 145.971710327370516, 27.580814966737734 ], [ 145.971734849184799, 27.578993022110552 ], [ 145.971778348492677, 27.57534710128806 ], [ 145.971797305302317, 27.573524608074649 ], [ 145.971862026812147, 27.566230622445659 ], [ 145.97187541232077, 27.564408087863399 ], [ 145.971896619234059, 27.560762002465083 ], [ 145.971904433443598, 27.558939935530134 ], [ 145.971944726668454, 27.544349752839253 ], [ 145.971946977671479, 27.542527668817456 ], [ 145.9719459119747, 27.538881523164321 ], [ 145.971942595274896, 27.537058944515252 ], [ 145.971918182279097, 27.529764725062364 ], [ 145.971909299675104, 27.527942159003914 ], [ 145.971885196944896, 27.52418013120851 ], [ 145.971871516458208, 27.522474020160331 ], [ 145.971733609019481, 27.507884234969879 ], [ 145.971720745117096, 27.506656578538696 ], [ 145.971692469532201, 27.504199310550234 ], [ 145.971671553999869, 27.502573974809479 ], [ 145.971657377086814, 27.501582416495694 ], [ 145.971557637775419, 27.494881123665181 ], [ 145.971527705639716, 27.493058178092838 ], [ 145.971462259276365, 27.48941148385336 ], [ 145.971425925766567, 27.487548899762146 ], [ 145.971401367979212, 27.486385739110773 ], [ 145.971073017406781, 27.471221639667277 ], [ 145.971045816512088, 27.470003499862059 ], [ 145.970999084141141, 27.467972495234648 ], [ 145.970970222198531, 27.46675415578008 ], [ 145.970886094218741, 27.46329901983438 ], [ 145.970838886106577, 27.461475999618187 ], [ 145.970738893186223, 27.457829638127549 ], [ 145.970686129961592, 27.456007011814563 ], [ 145.970667374600595, 27.455391552678464 ], [ 145.970947650114596, 27.452709233844416 ], [ 145.971134442001613, 27.450894760784962 ], [ 145.972607798612017, 27.436363641968995 ], [ 145.972789003011059, 27.434548715650976 ], [ 145.973146049151779, 27.430916457328948 ], [ 145.973321743404114, 27.429100602910921 ], [ 145.974013754631898, 27.42183242242865 ], [ 145.974183880282709, 27.420016144429724 ], [ 145.974518660108885, 27.416382193583701 ], [ 145.974683180285211, 27.414566000121226 ], [ 145.975978210326986, 27.400021320428152 ], [ 145.976137145713352, 27.398204728565702 ], [ 145.976449629547545, 27.394569189516858 ], [ 145.976603048492194, 27.392751722614207 ], [ 145.977205911724155, 27.385477196515893 ], [ 145.977353762066883, 27.383659359991753 ], [ 145.977643979586588, 27.380022346054801 ], [ 145.977786230750581, 27.378204648925816 ], [ 145.978902954907909, 27.36364814584573 ], [ 145.979039624879334, 27.361830104276351 ], [ 145.979307553601217, 27.358191718873087 ], [ 145.9794387008358, 27.35637285622272 ], [ 145.9799524304606, 27.349092853253126 ], [ 145.980078009992695, 27.347273675839972 ], [ 145.980323675097935, 27.343634033184514 ], [ 145.980443661746023, 27.341815049125671 ], [ 145.981382122288011, 27.327248458350141 ], [ 145.981496533139108, 27.325429184709606 ], [ 145.981719917541028, 27.321788387324602 ], [ 145.981828799359874, 27.319968345663142 ], [ 145.98225342415688, 27.312683734567031 ], [ 145.982356740071992, 27.310863432101996 ], [ 145.982557866253302, 27.307221594201593 ], [ 145.982655595580155, 27.305401539949571 ], [ 145.983415857256801, 27.290826598968863 ], [ 145.983508016182356, 27.289006309094304 ], [ 145.983686875150084, 27.285363534100128 ], [ 145.983773499647697, 27.283542531063404 ], [ 145.984109054689412, 27.276254178787752 ], [ 145.984190116880683, 27.274432968906808 ], [ 145.984346724822132, 27.270789369234421 ], [ 145.984422207619133, 27.268968461525532 ], [ 145.985004354068479, 27.2543869060313 ], [ 145.985074272760386, 27.252565817558832 ], [ 145.985208626976856, 27.248921497529523 ], [ 145.985273007644224, 27.247099749853959 ], [ 145.985519540594993, 27.239808523345175 ], [ 145.985578360753067, 27.237986622784803 ], [ 145.985690474736231, 27.234341695713169 ], [ 145.985743724494256, 27.232520151284461 ], [ 145.986147861835008, 27.217933716068615 ], [ 145.986195552882833, 27.216112044835285 ], [ 145.986285431128209, 27.212466613244032 ], [ 145.986327580553763, 27.210644336767103 ], [ 145.986485149870106, 27.203351104770206 ], [ 145.986521743284271, 27.201528730267171 ], [ 145.986589392986644, 27.197882907470529 ], [ 145.98662042499339, 27.196060943957832 ], [ 145.986846678232638, 27.181471362014207 ], [ 145.986872158723514, 27.179649324757065 ], [ 145.986917593372624, 27.176003215976039 ], [ 145.98693752774571, 27.174180627434424 ], [ 145.987006201775813, 27.166886255096983 ], [ 145.987020585532406, 27.165063622488589 ], [ 145.987043807826268, 27.161417339239023 ], [ 145.987052639168866, 27.159595171580321 ], [ 145.987101156693967, 27.145004175003123 ], [ 145.987104443715822, 27.143181988458196 ], [ 145.987105472540321, 27.139535634162712 ], [ 145.987103213443135, 27.137712950293007 ], [ 145.987083069528609, 27.130418303662168 ], [ 145.987075264312836, 27.128595629684924 ], [ 145.98705252225696, 27.124696095548785 ], [ 145.987040750131456, 27.123127161689496 ], [ 145.986911698317073, 27.108536482573044 ], [ 145.9868984531021, 27.107205797110339 ], [ 145.986868986815267, 27.104542473756396 ], [ 145.986848323092005, 27.102882721860738 ], [ 145.986836933178807, 27.102062692139725 ], [ 145.986739120214594, 27.095258038428199 ], [ 145.986710130568355, 27.093434987634936 ], [ 145.986646589869139, 27.089788060471108 ], [ 145.986611380511164, 27.087932207805437 ], [ 145.986591619708207, 27.086971003409531 ], [ 145.98627436407142, 27.071866794317543 ], [ 145.986247391604849, 27.070623257657587 ], [ 145.986200970398869, 27.068549235759008 ], [ 145.986172264039084, 27.067305094754744 ], [ 145.986088486795012, 27.06377682863814 ], [ 145.986042386647483, 27.061953692409418 ], [ 145.985944629441775, 27.05830708720282 ], [ 145.98589299306812, 27.056484337682434 ], [ 145.985675304072657, 27.04919119921496 ], [ 145.985618140465391, 27.047368849893132 ], [ 145.985498242850355, 27.043723305886374 ], [ 145.985435551110555, 27.041901370252447 ], [ 145.985030875075296, 27.030637502819104 ], [ 145.98497869551116, 27.029230943353667 ], [ 145.984870980112333, 27.026416396299936 ], [ 145.984815486546069, 27.02500955534714 ], [ 145.984586796144612, 27.019379360469713 ], [ 145.984528011059723, 27.017972737152604 ], [ 145.984407109801197, 27.015158841208063 ], [ 145.984345053881867, 27.013752939147167 ], [ 145.983684501838667, 26.999173576199865 ], [ 145.983599256900987, 26.997352949979046 ], [ 145.983423146261572, 26.993709934866018 ], [ 145.983332350708196, 26.991889027157299 ], [ 145.982957928766297, 26.984601924039936 ], [ 145.982861614972109, 26.982781242061066 ], [ 145.982663407091337, 26.979139130766725 ], [ 145.982561596640863, 26.977319183533808 ], [ 145.981724347601158, 26.962747042142496 ], [ 145.981617042293152, 26.960927344921316 ], [ 145.981396792029074, 26.95728624086766 ], [ 145.981283936105712, 26.95546631611802 ], [ 145.980821243006773, 26.948183252755314 ], [ 145.980702876936931, 26.946363607694821 ], [ 145.980460560906664, 26.942723624196191 ], [ 145.980336711670731, 26.940904766941969 ], [ 145.979323035430099, 26.926341566610517 ], [ 145.979193702128583, 26.924523012427642 ], [ 145.978929380587061, 26.920884251107736 ], [ 145.978794499367183, 26.919065523355698 ], [ 145.978243673607068, 26.911787360398762 ], [ 145.978103291234589, 26.909968966295196 ], [ 145.977816937202732, 26.906331538669946 ], [ 145.977671085152821, 26.904513986331807 ], [ 145.976481269495622, 26.889961444765447 ], [ 145.976329945071512, 26.888144248558604 ], [ 145.976021626897506, 26.884508257150912 ], [ 145.975864756354014, 26.882690942233694 ], [ 145.975225948119856, 26.875418536736419 ], [ 145.975063585416962, 26.873601608527821 ], [ 145.974733270724556, 26.869967166651833 ], [ 145.974565453633573, 26.868151132369235 ], [ 145.973199807025964, 26.853610965474019 ], [ 145.973026531050351, 26.851795341282212 ], [ 145.972674292685298, 26.848162549662334 ], [ 145.972495473288319, 26.84634685982013 ], [ 145.971768840859596, 26.839081068836691 ], [ 145.971584539195447, 26.837265819662235 ], [ 145.971210342983824, 26.833634790713432 ], [ 145.971020602219397, 26.831820489424331 ], [ 145.969479452016031, 26.817294408610564 ], [ 145.969284264957338, 26.815480569572856 ], [ 145.968888191837351, 26.811851404918883 ], [ 145.96868746495548, 26.810037555988913 ], [ 145.967873176506629, 26.802779233874986 ], [ 145.967666979048232, 26.800965877773535 ], [ 145.967248986752253, 26.797338689828962 ], [ 145.96703736458349, 26.795526333773665 ], [ 145.965321059719741, 26.781016047753042 ], [ 145.965104005646282, 26.779204207908379 ], [ 145.964664184105487, 26.775579096498404 ], [ 145.964441594704709, 26.773767299821543 ], [ 145.963539829200585, 26.766517300933089 ], [ 145.963311780015175, 26.764706051043817 ], [ 145.962850083365112, 26.761083130382389 ], [ 145.962616626556638, 26.759272933599448 ], [ 145.960725533057513, 26.744780146587004 ], [ 145.960486657833741, 26.742970519074532 ], [ 145.960003181402641, 26.739349887187956 ], [ 145.959758775347979, 26.737540355902979 ], [ 145.958769722545213, 26.730299531898225 ], [ 145.958519868397531, 26.728490600461242 ], [ 145.958014562722184, 26.724872371563151 ], [ 145.957920786815322, 26.72420818266184 ], [ 145.958140826638129, 26.718196046610785 ], [ 145.958212990937653, 26.716126556395864 ], [ 145.958350257158969, 26.711985136105426 ], [ 145.958415300626285, 26.709914891359489 ], [ 145.958661323661573, 26.701629108197153 ], [ 145.958719224712723, 26.699558689882224 ], [ 145.958827917674995, 26.695416576214257 ], [ 145.95887866731735, 26.693346566191479 ], [ 145.959256454522603, 26.676770604880005 ], [ 145.959300064446808, 26.67470045905938 ], [ 145.959380195839714, 26.670557805798694 ], [ 145.959416682234774, 26.66848698458702 ], [ 145.959548423921404, 26.660199052944449 ], [ 145.959577774195424, 26.658128137304232 ], [ 145.959629352113808, 26.653985107227356 ], [ 145.959651560871663, 26.651914680818265 ], [ 145.959800859123021, 26.635335691489502 ], [ 145.959815940753998, 26.633265207523721 ], [ 145.959838986780852, 26.62912195621368 ], [ 145.959846941284042, 26.627050875997384 ], [ 145.959864505943102, 26.618762065717107 ], [ 145.959865330620943, 26.616690970212403 ], [ 145.959859847454851, 26.612547660446552 ], [ 145.959853544106778, 26.610477132414132 ], [ 145.959774578234629, 26.593897656551889 ], [ 145.959768811781629, 26.5928704401191 ], [ 145.959761159450323, 26.591827151002661 ], [ 145.959727178566965, 26.587683935665723 ], [ 145.95970662995731, 26.585612913905152 ], [ 145.959607825042127, 26.577131058751803 ], [ 145.95959599356118, 26.576162759604188 ], [ 145.959566983230417, 26.574091253109316 ], [ 145.959514019457316, 26.570723161644992 ], [ 145.959485184494184, 26.569039280039107 ], [ 145.959173641351271, 26.552217526817799 ], [ 145.959159242306015, 26.551454421484749 ], [ 145.959148082618441, 26.550878464170296 ], [ 145.959126233589728, 26.549777943997526 ], [ 145.959115059513039, 26.549227802621431 ], [ 145.959075685395391, 26.547335409601715 ], [ 145.959048616700812, 26.54607439551728 ], [ 145.958946428535143, 26.541460189036911 ], [ 145.958900119745095, 26.539512782689258 ], [ 145.958801191622598, 26.535617500547602 ], [ 145.958748593873253, 26.533670452130195 ], [ 145.958525550314249, 26.525879865364004 ], [ 145.958466672599371, 26.523933189265534 ], [ 145.958342593137019, 26.520038941344438 ], [ 145.958277433657514, 26.518092655551982 ], [ 145.957885247406836, 26.506916943262809 ], [ 145.957834661441353, 26.505521393298068 ], [ 145.957730198890232, 26.502728873339152 ], [ 145.957676365472508, 26.501333040987561 ], [ 145.957454451462496, 26.495746898500954 ], [ 145.957397393076036, 26.49435128378525 ], [ 145.957280012663006, 26.491559407740851 ], [ 145.957219749992333, 26.490164513382069 ], [ 145.956573002542342, 26.47558368274116 ], [ 145.956489494195608, 26.47376287305849 ], [ 145.956316881919321, 26.47011948382746 ], [ 145.956227848137274, 26.468298389059669 ], [ 145.955860524543965, 26.461010526015343 ], [ 145.955765995904727, 26.459189653380008 ], [ 145.955571386210778, 26.455547156276594 ], [ 145.955471385197171, 26.453727014790445 ], [ 145.954648725858561, 26.43915330228333 ], [ 145.95454325426843, 26.437333407211355 ], [ 145.95432669841901, 26.433691904758007 ], [ 145.954215701394361, 26.431871779459357 ], [ 145.953760496949741, 26.424587904908179 ], [ 145.953644014060814, 26.422768055701567 ], [ 145.953405490471397, 26.419127660313592 ], [ 145.953283548697556, 26.417308595315944 ], [ 145.952285239172994, 26.402743721345928 ], [ 145.952157836715088, 26.400924956721695 ], [ 145.951897403842935, 26.397285770922053 ], [ 145.951764478648698, 26.395466830030728 ], [ 145.951221528251523, 26.388187803724577 ], [ 145.951083126185978, 26.386369192884246 ], [ 145.950800757949452, 26.38273132818864 ], [ 145.950656908689922, 26.380913555516599 ], [ 145.949483232266317, 26.366359237788885 ], [ 145.949333934913881, 26.364541818550492 ], [ 145.949029696963322, 26.360905377481686 ], [ 145.948874878673138, 26.359087835035893 ], [ 145.948244329812979, 26.351814515827641 ], [ 145.948084043644286, 26.349997357392539 ], [ 145.947757905403961, 26.346362453264987 ], [ 145.9475921873304, 26.344546186057954 ], [ 145.946243444379917, 26.330004140479218 ], [ 145.946072290803983, 26.328188280664875 ], [ 145.945724324219015, 26.324555013303438 ], [ 145.945547652402894, 26.322739084241562 ], [ 145.944829659761382, 26.315472328285921 ], [ 145.944647529960008, 26.313656837193776 ], [ 145.944277699956757, 26.310025319912938 ], [ 145.944090153538554, 26.308210773109096 ], [ 145.942566666019644, 26.293682711987969 ], [ 145.942373695790167, 26.291868624737504 ], [ 145.941982082407463, 26.288238959161049 ], [ 145.941783597535988, 26.286424857521638 ], [ 145.940978327488466, 26.279165520972356 ], [ 145.940774395422835, 26.277351909463363 ], [ 145.94036095909135, 26.273724208006087 ], [ 145.940151624798688, 26.271911593845289 ], [ 145.938453734452679, 26.257399226793382 ], [ 145.938238990737688, 26.255587126145173 ], [ 145.937803817792457, 26.251961488632219 ], [ 145.937583563031723, 26.250149427554675 ], [ 145.936691190946163, 26.24289836296964 ], [ 145.936465499783509, 26.24108684598167 ], [ 145.936008546158433, 26.237463385727068 ], [ 145.935777469855253, 26.235652919147213 ], [ 145.933905536411913, 26.221157951278741 ], [ 145.933669065075975, 26.21934804947341 ], [ 145.933190422500815, 26.215726866302418 ], [ 145.932948443716242, 26.213917058925745 ], [ 145.931969154853533, 26.206675118862023 ], [ 145.931721752257346, 26.204865907735865 ], [ 145.931221373968043, 26.20124711586206 ], [ 145.930968603319201, 26.199439007304875 ], [ 145.928923007191685, 26.184963141935896 ], [ 145.92866485499988, 26.183155653011227 ], [ 145.928142839021262, 26.179539349561651 ], [ 145.92787918657578, 26.177732007226837 ], [ 145.926813175188528, 26.170500041543988 ], [ 145.926544109723778, 26.168693349418845 ], [ 145.926000405694964, 26.165079649506822 ], [ 145.925725989263952, 26.163274113010402 ], [ 145.923507128851753, 26.148819048061227 ], [ 145.923227347964399, 26.147014182458747 ], [ 145.9226620593071, 26.143403182311317 ], [ 145.922376781763916, 26.141598519056743 ], [ 145.921224251998325, 26.134377375815689 ], [ 145.920933575824535, 26.132573414931642 ], [ 145.920346649479058, 26.128965230561334 ], [ 145.920050639426137, 26.127162477466868 ], [ 145.917658933813556, 26.1127299063603 ], [ 145.917357574592785, 26.110927877220263 ], [ 145.916749120276251, 26.107322604854716 ], [ 145.91644227159432, 26.105520829323268 ], [ 145.915203437489509, 26.098311356584304 ], [ 145.914891203666713, 26.096510336483249 ], [ 145.9142611629226, 26.092908092135104 ], [ 145.913943613207636, 26.091108331984401 ], [ 145.911379499464971, 26.076699947245061 ], [ 145.91105661766963, 26.074900964108537 ], [ 145.910405107410639, 26.071301840408239 ], [ 145.910076742448581, 26.069503166638214 ], [ 145.908751827935276, 26.062306206166909 ], [ 145.908418093121355, 26.060508339988132 ], [ 145.907745050394652, 26.056912454746566 ], [ 145.907406018573539, 26.055115899779281 ], [ 145.90466995265686, 26.040733387636237 ], [ 145.904325604943239, 26.03893766094464 ], [ 145.903631152956024, 26.035345107691001 ], [ 145.90328133106928, 26.03354974432574 ], [ 145.901870568172995, 26.026366138786784 ], [ 145.901515389923617, 26.024571636072523 ], [ 145.900799463025493, 26.020982531718914 ], [ 145.900558853009585, 26.019782513252892 ], [ 145.900439007554866, 26.019189392377001 ], [ 145.897531464306127, 26.004834432763118 ], [ 145.8971924378815, 26.003172223919478 ], [ 145.896511634905011, 25.999857656506066 ], [ 145.896131382657728, 25.998020569993912 ], [ 145.894630203721277, 25.990823064533203 ], [ 145.894244578025365, 25.988988074340796 ], [ 145.893469639412984, 25.98532824010644 ], [ 145.893079580958471, 25.983499790683112 ], [ 145.889920141202339, 25.968797687363804 ], [ 145.889643802020402, 25.96751599876464 ], [ 145.889181967773908, 25.965381296010349 ], [ 145.888904073664861, 25.964101182124153 ], [ 145.888113503935443, 25.960471393340583 ], [ 145.887721030801714, 25.958682365698905 ], [ 145.886930627447128, 25.955104816734547 ], [ 145.886532855507909, 25.953317012170686 ], [ 145.884930589176207, 25.946165373033978 ], [ 145.884527550806609, 25.944378799642436 ], [ 145.883715909062659, 25.94080567893937 ], [ 145.88330758537748, 25.939020353806768 ], [ 145.880802789118007, 25.928142061707035 ], [ 145.880488473365205, 25.92678389835865 ], [ 145.879856407348171, 25.924066685829189 ], [ 145.879538913390462, 25.922708742814621 ], [ 145.878262097318753, 25.917275221574386 ], [ 145.877941554659316, 25.915917988124846 ], [ 145.877297206601639, 25.913203384529083 ], [ 145.876973719562358, 25.911847349875615 ], [ 145.873554777731471, 25.897585094177316 ], [ 145.873125186878525, 25.89580448958597 ], [ 145.872260216236924, 25.892242405363021 ], [ 145.871825187183532, 25.890462377237327 ], [ 145.870073543459768, 25.883340563216763 ], [ 145.869633223694592, 25.881561604384956 ], [ 145.868747028153194, 25.878003806331094 ], [ 145.868301515702711, 25.876226415017328 ], [ 145.864713180269888, 25.861998391113389 ], [ 145.864262444556545, 25.860222087079933 ], [ 145.863355177899535, 25.856668661529852 ], [ 145.862899014778037, 25.854892986122792 ], [ 145.861062825789446, 25.847788700788186 ], [ 145.860601389043751, 25.846014147735076 ], [ 145.859672966734848, 25.84246521519799 ], [ 145.859206359786214, 25.840692280924372 ], [ 145.855449198222828, 25.826500144466507 ], [ 145.85497738869654, 25.824728347835503 ], [ 145.854027969016244, 25.8211839937467 ], [ 145.853550743772217, 25.819412879701048 ], [ 145.851630296401396, 25.812326949529535 ], [ 145.851147815519568, 25.810557007300588 ], [ 145.850177311234717, 25.807017353967922 ], [ 145.849689683532944, 25.805249081780033 ], [ 145.845764279498241, 25.791094484822935 ], [ 145.845271469902883, 25.789327401538799 ], [ 145.844280043789496, 25.785792531700451 ], [ 145.843781830168297, 25.784026184061531 ], [ 145.841777421191551, 25.776959432832001 ], [ 145.841273971716902, 25.775194309170388 ], [ 145.84026153384346, 25.771664345133843 ], [ 145.83975296003203, 25.769900941875306 ], [ 145.83565991607307, 25.7557855301784 ], [ 145.83514618195116, 25.754023365286344 ], [ 145.834112902289149, 25.750498389789243 ], [ 145.833593775832838, 25.748737014502126 ], [ 145.831505711919959, 25.741690263295482 ], [ 145.830981368495628, 25.739930162347463 ], [ 145.829927151717044, 25.73641029859678 ], [ 145.829397709137908, 25.734651968414084 ], [ 145.825137646685363, 25.720577380542096 ], [ 145.824603065379648, 25.718820339087728 ], [ 145.823528086852122, 25.715305668022438 ], [ 145.822988126701745, 25.713549468333639 ], [ 145.820816721715261, 25.706523535533108 ], [ 145.820271564382125, 25.704768662344406 ], [ 145.819175726978898, 25.701259307171625 ], [ 145.818625494771283, 25.699506253311426 ], [ 145.814199050546534, 25.685474123332483 ], [ 145.813643702994938, 25.683722409461978 ], [ 145.812527187480583, 25.680218450221702 ], [ 145.811966473674175, 25.678467630277396 ], [ 145.809712049572369, 25.671463330668644 ], [ 145.809146160167444, 25.669713888485518 ], [ 145.808008864917639, 25.666215448384719 ], [ 145.807437924921288, 25.664467875892399 ], [ 145.802845754528818, 25.650479829780664 ], [ 145.802269721671138, 25.648733646740823 ], [ 145.801111833744613, 25.645240804919609 ], [ 145.800530449021409, 25.643495567966255 ], [ 145.798193339451899, 25.636513713637441 ], [ 145.797606799814758, 25.634769904807484 ], [ 145.796428213991163, 25.631282786272152 ], [ 145.7958366498423, 25.629540895696096 ], [ 145.791079426874745, 25.615598555829109 ], [ 145.790482793246639, 25.613858105067834 ], [ 145.789283701981873, 25.61037678626019 ], [ 145.788681730877698, 25.608637334645636 ], [ 145.786262276683289, 25.601678733187214 ], [ 145.78565517224925, 25.599940760058416 ], [ 145.784320886799861, 25.59650286411636 ], [ 145.783728647259778, 25.594760358404102 ], [ 145.782021781680243, 25.589750137259472 ], [ 145.778895229231836, 25.580836614718521 ], [ 145.778275760019284, 25.579103083341124 ], [ 145.777020402670274, 25.575639286923973 ], [ 145.776391576011093, 25.573908157635799 ], [ 145.773868435380706, 25.566977729239198 ], [ 145.773218761536924, 25.565259756133202 ], [ 145.771915164554031, 25.561814259121064 ], [ 145.771270753542723, 25.56009029473168 ], [ 145.766314567264004, 25.546191204161119 ], [ 145.765676992899586, 25.544462823200973 ], [ 145.764396019261227, 25.541005755511719 ], [ 145.763753139796364, 25.539278477120547 ], [ 145.761170052156928, 25.532368796083432 ], [ 145.76052208432705, 25.530643096002564 ], [ 145.759220671796953, 25.527192356842193 ], [ 145.758567759495037, 25.525468722504002 ], [ 145.753319586729873, 25.511673154692772 ], [ 145.752661677794805, 25.509951107658026 ], [ 145.751340034116225, 25.506506766274811 ], [ 145.750676836267672, 25.504785874868617 ], [ 145.74801247689507, 25.497901853288283 ], [ 145.747344213165917, 25.496182588755772 ], [ 145.746002221425698, 25.49274477645082 ], [ 145.745329042002737, 25.491027626224366 ], [ 145.739918679204521, 25.477284178622426 ], [ 145.739240527429075, 25.475568665162086 ], [ 145.737878399869174, 25.472137447585624 ], [ 145.737194977167093, 25.470423141015573 ], [ 145.734449720178787, 25.463565572993446 ], [ 145.733761255878022, 25.461852943658812 ], [ 145.732378872887267, 25.458428453910528 ], [ 145.731685519871377, 25.456717986546323 ], [ 145.726070571200836, 25.442922258655869 ], [ 145.725415425881948, 25.441319462623511 ], [ 145.72401300509685, 25.437901765454512 ], [ 145.723309245126103, 25.436193740649003 ], [ 145.720459048946765, 25.429304389686223 ], [ 145.719738588565548, 25.427570091187107 ], [ 145.718340404486895, 25.424218279250482 ], [ 145.717639043907326, 25.422543628286263 ], [ 145.71180219831345, 25.408661074449469 ], [ 145.711252567752382, 25.407356332629092 ], [ 145.710362765030396, 25.405248382906962 ], [ 145.709829856463244, 25.403988424626476 ], [ 145.70829036011267, 25.400355505302713 ], [ 145.707566452630005, 25.398654154366142 ], [ 145.706113398215081, 25.395252775395647 ], [ 145.705384548958392, 25.39355343983982 ], [ 145.70245818739582, 25.386757395337924 ], [ 145.701724447625992, 25.385060077860771 ], [ 145.700251541575795, 25.381666333235103 ], [ 145.699512876218733, 25.379971054520979 ], [ 145.695071200176386, 25.369816491838264 ], [ 145.694515168241225, 25.368548924393735 ], [ 145.69339969144292, 25.366013437870237 ], [ 145.692840698939705, 25.364746552111995 ], [ 145.690597952533864, 25.359678320198555 ], [ 145.690036228789637, 25.358412575680291 ], [ 145.688909672344522, 25.35588143468101 ], [ 145.688345401719545, 25.354617299948728 ], [ 145.682294021952572, 25.341098118983268 ], [ 145.681535870984447, 25.33941070933713 ], [ 145.680013753132499, 25.336035927816056 ], [ 145.679250404083547, 25.334349930105532 ], [ 145.676185473181505, 25.327606050779082 ], [ 145.675417182357734, 25.325921926356244 ], [ 145.673875202079699, 25.322554658671208 ], [ 145.67310214215118, 25.320872885075886 ], [ 145.666892525770351, 25.307413678998415 ], [ 145.666114627488838, 25.305733783187861 ], [ 145.664553018607336, 25.30237408599578 ], [ 145.663769942929349, 25.300695652482887 ], [ 145.66062611180601, 25.293982145060369 ], [ 145.659838119534044, 25.292305633398769 ], [ 145.658256751648338, 25.288953643396241 ], [ 145.657464020848835, 25.287279529327179 ], [ 145.651097008720996, 25.273881845870847 ], [ 145.650299467447354, 25.272209656350924 ], [ 145.648698578877116, 25.268865430195802 ], [ 145.647895880890729, 25.267194754234851 ], [ 145.644673574027166, 25.260512388536199 ], [ 145.64386598732645, 25.258843682090742 ], [ 145.64224544497236, 25.255507356479939 ], [ 145.641433150320296, 25.253841094391191 ], [ 145.63490959590186, 25.24050647139677 ], [ 145.634092520454288, 25.238842181521875 ], [ 145.632452566233866, 25.23551380951514 ], [ 145.631630354757903, 25.233851083561063 ], [ 145.628330003827301, 25.227200627607317 ], [ 145.627502928818018, 25.225539918832538 ], [ 145.625843428732225, 25.222219639824715 ], [ 145.62501167904648, 25.220561421272919 ], [ 145.618332455578667, 25.207291390285803 ], [ 145.617495953875647, 25.20563519071186 ], [ 145.615817153439735, 25.202323055065506 ], [ 145.614975536392564, 25.200668468875051 ], [ 145.611597580264771, 25.194050687090169 ], [ 145.610751129361716, 25.192398165743384 ], [ 145.609052891877838, 25.189094313752008 ], [ 145.608201797775706, 25.18744432849337 ], [ 145.601367791091519, 25.174240412965133 ], [ 145.600511973748922, 25.172592492549882 ], [ 145.59879454922978, 25.169296973676637 ], [ 145.597933639925856, 25.167650717007149 ], [ 145.594478526463405, 25.161066367519311 ], [ 145.593612810283418, 25.159422223357325 ], [ 145.591876060232806, 25.156135178795807 ], [ 145.591005734127663, 25.154493615688239 ], [ 145.584017847146839, 25.141357328278474 ], [ 145.583142827480373, 25.139717876778946 ], [ 145.581387005506855, 25.136439352394518 ], [ 145.580506916361657, 25.134801614103594 ], [ 145.576975100620899, 25.128251451443674 ], [ 145.576090234277586, 25.126615872424964 ], [ 145.574315199187396, 25.123346011209748 ], [ 145.573425756194439, 25.121713059110789 ], [ 145.566284906224183, 25.108645904385412 ], [ 145.565390799346488, 25.107015109760027 ], [ 145.563596810145469, 25.103753954881512 ], [ 145.562697657171526, 25.102124922927487 ], [ 145.559089601404395, 25.095609697130129 ], [ 145.558185699111647, 25.093982871212944 ], [ 145.5563726128062, 25.090730567462288 ], [ 145.555464168037275, 25.089106412531123 ], [ 145.548171288574991, 25.076109886962115 ], [ 145.547258211398201, 25.074487935370257 ], [ 145.545426289692301, 25.07124452321645 ], [ 145.544508188902597, 25.069624384658027 ], [ 145.540824364353199, 25.063144841261618 ], [ 145.539901544820765, 25.061526954605682 ], [ 145.538050642923764, 25.058292579739259 ], [ 145.537123315089701, 25.056677409035586 ], [ 145.529679354019748, 25.043752999201956 ], [ 145.528747425254465, 25.042140075904172 ], [ 145.526877807565512, 25.038914777895059 ], [ 145.525940879469005, 25.037303717093323 ], [ 145.522181763678446, 25.030860596239933 ], [ 145.521240146516249, 25.029251834105224 ], [ 145.519351668245605, 25.026035759543021 ], [ 145.518405576956553, 25.024429755629171 ], [ 145.510811499251901, 25.011578939117271 ], [ 145.509860838507308, 25.009975229373595 ], [ 145.507953767652481, 25.006768414231544 ], [ 145.506998132758241, 25.005166614647806 ], [ 145.503164210460824, 24.998760654680694 ], [ 145.502203917077765, 24.99716119963 ], [ 145.500278106150091, 24.993963792295631 ], [ 145.499313374612854, 24.992367140431469 ], [ 145.491570156937797, 24.979591384934764 ], [ 145.49060088652223, 24.977997071308209 ], [ 145.488656608016669, 24.974809105056352 ], [ 145.487682388632123, 24.973216751052661 ], [ 145.483774152655855, 24.966848681321949 ], [ 145.482795307158568, 24.965258716816635 ], [ 145.48083241088753, 24.962080341834593 ], [ 145.479849161410044, 24.960493223683557 ], [ 145.471957797514648, 24.947793987902742 ], [ 145.470970042434345, 24.946209252955015 ], [ 145.468988804490237, 24.943040498920482 ], [ 145.467996126520717, 24.941457771259451 ], [ 145.464014076888731, 24.935128320216336 ], [ 145.463016803382999, 24.9335480279195 ], [ 145.461017072680107, 24.930389047716744 ], [ 145.460015432067422, 24.928811644042412 ], [ 145.451976928293249, 24.916190376784868 ], [ 145.451075040480902, 24.914778154288683 ], [ 145.448952869779333, 24.911466221889043 ], [ 145.447941859130282, 24.909893301335075 ], [ 145.443886503060213, 24.903603189336167 ], [ 145.443601349623606, 24.903161256187417 ], [ 145.443030125440629, 24.902276734284328 ], [ 145.442012976917709, 24.900706571951105 ], [ 145.440547891372745, 24.898451868159441 ], [ 145.439813686653139, 24.897324442969079 ], [ 145.431453892883297, 24.884514262323563 ], [ 145.430907074502585, 24.88367700069341 ], [ 145.430610731700739, 24.883223690221598 ], [ 145.429915406471338, 24.882161178995659 ], [ 145.428942440741395, 24.880676520605192 ], [ 145.428386402510824, 24.879829039978546 ], [ 145.426061544405599, 24.876289350673318 ], [ 145.425031526584604, 24.874725899980689 ], [ 145.422966597730834, 24.871601082324332 ], [ 145.421932120172102, 24.870040369168095 ], [ 145.417783742726016, 24.863800463620805 ], [ 145.41674486928062, 24.862242481705607 ], [ 145.41466198636229, 24.859128238278004 ], [ 145.413618672064587, 24.857573014583295 ], [ 145.407521179559723, 24.848510540029849 ], [ 145.406758580544675, 24.847379522947108 ], [ 145.405230138660414, 24.845117630874341 ], [ 145.404464916323633, 24.843987676790078 ], [ 145.401397597721854, 24.839468152733673 ], [ 145.400630067723711, 24.838339679832671 ], [ 145.399092181159659, 24.836083501153155 ], [ 145.398322606104244, 24.834956942009654 ], [ 145.38984887362713, 24.822578173344539 ], [ 145.38878845692264, 24.821033547260868 ], [ 145.386661944294161, 24.817945233985711 ], [ 145.385596713518481, 24.816402805845314 ], [ 145.381324553385895, 24.810234995349191 ], [ 145.380254856576727, 24.808695180638438 ], [ 145.378110370098199, 24.805617356156404 ], [ 145.377036453670058, 24.804080599140519 ], [ 145.368419754169196, 24.791785494405588 ], [ 145.367341500310914, 24.790251337329721 ], [ 145.365179327764309, 24.787184019627205 ], [ 145.364096287714318, 24.785652108158615 ], [ 145.359752921960677, 24.779526474068064 ], [ 145.358665450051177, 24.777997220096154 ], [ 145.356485436754184, 24.774940565654788 ], [ 145.35539378389629, 24.773414410746909 ], [ 145.346635196557514, 24.761204368387325 ], [ 145.345539240443742, 24.759680855687321 ], [ 145.343341677776976, 24.756634880695628 ], [ 145.342240964249896, 24.755113660367442 ], [ 145.337826935165793, 24.749030900556022 ], [ 145.336721823953468, 24.747512379992685 ], [ 145.334506556333196, 24.744477244529833 ], [ 145.333397302843679, 24.742961863499659 ], [ 145.324497918544836, 24.730838271169773 ], [ 145.323384397772116, 24.72932557551519 ], [ 145.321151718377592, 24.726301290372675 ], [ 145.320033468070307, 24.724790933854962 ], [ 145.315549325141689, 24.718751738102867 ], [ 145.314426712223423, 24.717244124517151 ], [ 145.312176465471822, 24.714230851572921 ], [ 145.311049749846489, 24.712726418889702 ], [ 145.302010673854085, 24.700690652551998 ], [ 145.300879726018962, 24.699188945713558 ], [ 145.298612207787556, 24.696186694860472 ], [ 145.297476560095589, 24.694687373024465 ], [ 145.292922859103129, 24.688692427513871 ], [ 145.29178288297399, 24.687195891777293 ], [ 145.289497936781373, 24.684204823993781 ], [ 145.288353897515123, 24.682711508729454 ], [ 145.279176250384154, 24.670764935353759 ], [ 145.278028013982095, 24.669274388202894 ], [ 145.275725937502699, 24.666294510683315 ], [ 145.274573032719587, 24.664806394400046 ], [ 145.269950336638914, 24.658856379019113 ], [ 145.268793138493066, 24.657371091103329 ], [ 145.26647377434611, 24.654402567524926 ], [ 145.265312552632651, 24.652920539651518 ], [ 145.255997466610125, 24.641064514516188 ], [ 145.254832084633705, 24.639585295225487 ], [ 145.252495733191864, 24.636628130084461 ], [ 145.251325713411603, 24.635151387526889 ], [ 145.246634591514095, 24.629246977666298 ], [ 145.245460314342409, 24.627773105744723 ], [ 145.243106817326208, 24.624827463616981 ], [ 145.241928557057832, 24.623356891307907 ], [ 145.232477176981121, 24.611592757999972 ], [ 145.231294792421437, 24.610125034742993 ], [ 145.228924452901907, 24.607190916527742 ], [ 145.227737461115822, 24.605725715869539 ], [ 145.222978489866392, 24.599867580624732 ], [ 145.221787277561162, 24.598405291971176 ], [ 145.219399937257577, 24.595482863144071 ], [ 145.218204781426294, 24.594023912773764 ], [ 145.208618266520403, 24.582353004987453 ], [ 145.207419024169013, 24.580896944139113 ], [ 145.205014987052351, 24.577986205599217 ], [ 145.20381116985007, 24.57653271231527 ], [ 145.198984931110573, 24.57072151448682 ], [ 145.197776929362163, 24.569270974576142 ], [ 145.195356037152266, 24.566372092698316 ], [ 145.194144133245715, 24.564924929742176 ], [ 145.184423654428912, 24.55334856678337 ], [ 145.183207700875329, 24.551904333818413 ], [ 145.180770260239598, 24.549017304105604 ], [ 145.179549763311371, 24.547575682771821 ], [ 145.17465684523782, 24.541812081562739 ], [ 145.173432201535462, 24.540373454072267 ], [ 145.170978053295272, 24.537498445597151 ], [ 145.169749548803367, 24.536063233731625 ], [ 145.159896290481839, 24.524582728610483 ], [ 145.158663774114558, 24.523150486306349 ], [ 145.156193225837143, 24.520287491874683 ], [ 145.154956198470728, 24.518857906167796 ], [ 145.149997197313638, 24.513142551787638 ], [ 145.148756060944066, 24.511716000393562 ], [ 145.146268953450232, 24.508865190876122 ], [ 145.145023997659592, 24.507442091979442 ], [ 145.135039156831937, 24.496058741517913 ], [ 145.133790226938032, 24.494638652652043 ], [ 145.131286871392859, 24.491800017257191 ], [ 145.130033463773572, 24.490382628156169 ], [ 145.125008980280569, 24.484716168117131 ], [ 145.123751500531881, 24.483301853798139 ], [ 145.121231737755494, 24.480475566094782 ], [ 145.119970480853823, 24.47906474204467 ], [ 145.117656393928286, 24.476483060045467 ], [ 145.117789253471557, 24.474368844746806 ], [ 145.117898724347384, 24.472585211238908 ], [ 145.118112512982776, 24.469016713950481 ], [ 145.118216746206627, 24.46723330257538 ], [ 145.119030487867263, 24.452951691667806 ], [ 145.119129501426102, 24.4511680284823 ], [ 145.11932242668891, 24.447598525751658 ], [ 145.119416258353937, 24.445814140410647 ], [ 145.119781355225683, 24.438672298488171 ], [ 145.119869974420254, 24.436887688316546 ], [ 145.120042048901752, 24.433317286264128 ], [ 145.120125436740437, 24.43153294948641 ], [ 145.120772276819622, 24.417244129613323 ], [ 145.120850449489268, 24.415459590488155 ], [ 145.121001669592232, 24.411888388938195 ], [ 145.121074655871467, 24.410103179818293 ], [ 145.121356328032704, 24.402958140805936 ], [ 145.12142410274069, 24.40117275721741 ], [ 145.121554479256048, 24.397600860491821 ], [ 145.121617029802479, 24.395815800659079 ], [ 145.122097035750272, 24.381521404089995 ], [ 145.122154375624888, 24.379736194070432 ], [ 145.122263910352132, 24.376163700194951 ], [ 145.122316058439679, 24.374377871441993 ], [ 145.122514344561779, 24.367230451924343 ], [ 145.122561284676209, 24.365444499064694 ], [ 145.122649983910065, 24.361871514159247 ], [ 145.122691707057044, 24.360085936317205 ], [ 145.123004966106492, 24.345787592623623 ], [ 145.123041483977801, 24.344001915856211 ], [ 145.123109354913169, 24.340428537946991 ], [ 145.123140679199793, 24.338642291908627 ], [ 145.123255625147664, 24.331493307570412 ], [ 145.123281744157822, 24.329706988687121 ], [ 145.123328790391753, 24.326133322994764 ], [ 145.123349700529189, 24.324347431289311 ], [ 145.123496315203198, 24.3100467718414 ], [ 145.123512025460201, 24.308260830673106 ], [ 145.123538260482889, 24.304686976123662 ], [ 145.123548773557474, 24.302900516945641 ], [ 145.123580438687014, 24.295750781673547 ], [ 145.123585750083151, 24.293964301811371 ], [ 145.123591172994594, 24.290390361826269 ], [ 145.123591284510809, 24.288604358604687 ], [ 145.123571379815672, 24.274303012974002 ], [ 145.123566297746862, 24.272517011551258 ], [ 145.123550928333572, 24.268943086854449 ], [ 145.123546587305583, 24.268075967732074 ], [ 145.123540646384328, 24.267156618683543 ], [ 145.12348909634548, 24.260006947263037 ], [ 145.123478421392321, 24.258714933547822 ], [ 145.123454344742669, 24.256129956432801 ], [ 145.123435101049978, 24.25434306198315 ], [ 145.123419897111177, 24.253107512202348 ], [ 145.123230498988647, 24.238560386353186 ], [ 145.12322106959752, 24.237866423596842 ], [ 145.123201397826989, 24.236476567240089 ], [ 145.12319117163608, 24.235781831067243 ], [ 145.123148990733654, 24.233022226294906 ], [ 145.123136202374127, 24.232219843071562 ], [ 145.123109570750472, 24.23061471599658 ], [ 145.123095738278408, 24.229812584583556 ], [ 145.122983699838557, 24.2235523273784 ], [ 145.12296697514617, 24.222654419965977 ], [ 145.122932195664731, 24.220857776865273 ], [ 145.122914154365077, 24.219959709373711 ], [ 145.122839730069728, 24.216385066118249 ], [ 145.122820480981005, 24.215491696684893 ], [ 145.122780672490904, 24.213704497365256 ], [ 145.122759746166054, 24.212795245904204 ], [ 145.12272618706416, 24.211383813912278 ], [ 145.122698924116349, 24.21025695619403 ], [ 145.122584038423298, 24.205596761981298 ], [ 145.122554386876033, 24.204416835269058 ], [ 145.122509024172842, 24.202645514379356 ], [ 145.12247834020414, 24.20146935132982 ], [ 145.122407906200266, 24.198815748748046 ], [ 145.122382001228772, 24.197867803057051 ], [ 145.122329207427612, 24.195988943934992 ], [ 145.122302099163363, 24.195049785519501 ], [ 145.122190760395739, 24.191291886511806 ], [ 145.122162224008349, 24.190352938537586 ], [ 145.12210369972675, 24.188474569546202 ], [ 145.122073737013721, 24.187535913851519 ], [ 145.121828103384729, 24.180020418008098 ], [ 145.121796717045669, 24.179081974553867 ], [ 145.121732474874108, 24.177204110981393 ], [ 145.121699645122845, 24.176265454387703 ], [ 145.121565391630071, 24.172508876483676 ], [ 145.121531136453683, 24.171570436626638 ], [ 145.121461173694371, 24.169693092862275 ], [ 145.121425509280726, 24.168755302315731 ], [ 145.120934197055959, 24.156089320765915 ], [ 145.120870811039964, 24.154507619231651 ], [ 145.120739898528115, 24.151342639651546 ], [ 145.120672423293996, 24.149760649434938 ], [ 145.120394239602803, 24.143429568820068 ], [ 145.120322697635089, 24.141847727890621 ], [ 145.120175503797242, 24.138683345460493 ], [ 145.120099912181701, 24.137102092687769 ], [ 145.119478388017484, 24.124440881142078 ], [ 145.11939874405769, 24.122859792945633 ], [ 145.119235300369525, 24.119696075114007 ], [ 145.119151567191608, 24.118114734208234 ], [ 145.118808322047386, 24.111786320082956 ], [ 145.118720526631392, 24.110205163537898 ], [ 145.118540819604078, 24.10704218494925 ], [ 145.11844898263476, 24.105461650734895 ], [ 145.117697397617604, 24.092806336943312 ], [ 145.117601514599102, 24.091226003277882 ], [ 145.117405579304801, 24.088063830481815 ], [ 145.117305606169253, 24.086483279180243 ], [ 145.116897378711911, 24.080158095420188 ], [ 145.11679334873466, 24.078577762654049 ], [ 145.116581168087265, 24.075416469394867 ], [ 145.116473105549886, 24.07383679583188 ], [ 145.11559162245581, 24.061188506644669 ], [ 145.115479520164541, 24.059609067804615 ], [ 145.115251134632814, 24.056448720632289 ], [ 145.115134943123422, 24.054869099229904 ], [ 145.114661817889413, 24.048547708810247 ], [ 145.114541574034803, 24.046968341915743 ], [ 145.114296963834164, 24.043809015474039 ], [ 145.114172696413647, 24.042230341957151 ], [ 145.113161487913231, 24.029590203325711 ], [ 145.113033188830769, 24.02801179960511 ], [ 145.112772397129021, 24.024853559544511 ], [ 145.112640008830027, 24.023275008335304 ], [ 145.112102073952229, 24.016957974231332 ], [ 145.111965640502632, 24.015379713503336 ], [ 145.111688643916779, 24.012222633568086 ], [ 145.11154819679237, 24.010645101290834 ], [ 145.110407446347409, 23.998014236468151 ], [ 145.110262973857886, 23.996437008161791 ], [ 145.109969821850569, 23.993281155801299 ], [ 145.109821261043209, 23.991703815978525 ], [ 145.109218611850253, 23.985391698468447 ], [ 145.109066011288206, 23.983814684200638 ], [ 145.108756678678361, 23.980660132259544 ], [ 145.108600073434928, 23.979083880616912 ], [ 145.107329977996784, 23.966463411957278 ], [ 145.107169356381206, 23.964887499358809 ], [ 145.106843894430568, 23.961734315286748 ], [ 145.106679185396757, 23.960158326246244 ], [ 145.106011922612907, 23.953851686506454 ], [ 145.105843180119251, 23.952276058093844 ], [ 145.105501561847888, 23.949124314735627 ], [ 145.105328825465705, 23.94754948312243 ], [ 145.103929590978765, 23.934940531181013 ], [ 145.103752845418086, 23.933366074584995 ], [ 145.103395125684784, 23.930215838490426 ], [ 145.103214295404001, 23.928641340525985 ], [ 145.102482524249837, 23.922340737935116 ], [ 145.10229766680439, 23.92076663567218 ], [ 145.101923815931997, 23.917617979686383 ], [ 145.10173497538986, 23.91604470929633 ], [ 145.100206818590465, 23.903448392829546 ], [ 145.100013977863597, 23.901875531630935 ], [ 145.099624054307043, 23.898728521404479 ], [ 145.099427129758993, 23.897155654810092 ], [ 145.099237216324781, 23.895654316693509 ], [ 143.960692119146728, 23.029115518866348 ], [ 143.748523654643435, 22.858897390802269 ], [ 143.00492436496765, 22.261930922174656 ], [ 142.928829953140706, 22.200607463064131 ], [ 141.344826125625531, 20.879310874797397 ], [ 141.334727879388453, 20.879614154969659 ], [ 141.332788519275056, 20.879674782765505 ], [ 141.328907869103801, 20.879801002614386 ], [ 141.326968160053099, 20.879866545205118 ], [ 141.319205512525201, 20.880138569439708 ], [ 141.317265991432947, 20.880208964772294 ], [ 141.313386101187945, 20.880354695413189 ], [ 141.311447313043601, 20.880429968668551 ], [ 141.295923368768655, 20.881051768924294 ], [ 141.29398478746819, 20.881131801392144 ], [ 141.290105748881757, 20.881296849470459 ], [ 141.288166872603739, 20.881381800330217 ], [ 141.280407668579556, 20.881731493613984 ], [ 141.278469034219398, 20.881821294517408 ], [ 141.274590973195274, 20.882005844394456 ], [ 141.272653125742096, 20.882100516026412 ], [ 141.257136928227538, 20.882877636394113 ], [ 141.255199339778557, 20.882977064540199 ], [ 141.251322343551834, 20.883180922861698 ], [ 141.249384515883463, 20.883285272098078 ], [ 141.241629613316519, 20.88371259576013 ], [ 141.239692080626043, 20.88382179324168 ], [ 141.23581627869865, 20.884045141670413 ], [ 141.233879587773146, 20.884159199987494 ], [ 141.218372855623699, 20.885091555031522 ], [ 141.216436474064864, 20.885210367165257 ], [ 141.212561950074161, 20.885453013246348 ], [ 141.210625385053987, 20.885576749167939 ], [ 141.202875644596105, 20.88608165464484 ], [ 141.200939429411648, 20.886210236114039 ], [ 141.197066315558715, 20.886472358812796 ], [ 141.195130996098925, 20.886605792123845 ], [ 141.179635447918059, 20.887693276623821 ], [ 141.177700489986051, 20.887831461053679 ], [ 141.173828866310004, 20.888112867015593 ], [ 141.171893779774365, 20.888255976132768 ], [ 141.164150060277535, 20.888838407666782 ], [ 141.16221537573918, 20.888986358733831 ], [ 141.158345380735256, 20.88928722602509 ], [ 141.15641164588115, 20.889440019941276 ], [ 141.140929000273701, 20.890682512488155 ], [ 141.138995679107694, 20.890840053026295 ], [ 141.13512738651994, 20.891160188292503 ], [ 141.133193991609716, 20.891322654417593 ], [ 141.125457151926668, 20.891982547257072 ], [ 141.123524212972626, 20.892149850835352 ], [ 141.11965776489447, 20.89248942944414 ], [ 141.117725830483352, 20.892661566878218 ], [ 141.102257804254947, 20.894058929875968 ], [ 141.100326334792982, 20.894235808536138 ], [ 141.096461801371362, 20.894594637133196 ], [ 141.094530313023967, 20.89477644138006 ], [ 141.086801211107428, 20.89551372268059 ], [ 141.084870232675968, 20.895700359883904 ], [ 141.081007760500626, 20.896078612938027 ], [ 141.079077839670987, 20.896270073205756 ], [ 141.063626147828955, 20.897822151071608 ], [ 141.061696744110037, 20.898018348967952 ], [ 141.057836399730405, 20.898415830426813 ], [ 141.055907031984844, 20.898616953909738 ], [ 141.048186523989358, 20.899431540933449 ], [ 141.046257720118518, 20.899637491077755 ], [ 141.042399652822297, 20.900054375409439 ], [ 141.040471960513202, 20.900265138725558 ], [ 141.025038317164928, 20.901971757890664 ], [ 141.023111193227606, 20.902187252539989 ], [ 141.019255465068369, 20.902623342793504 ], [ 141.017328431961943, 20.902843762130317 ], [ 141.009617375841827, 20.903735564944952 ], [ 141.007690959670441, 20.90396080554703 ], [ 141.003837724432088, 20.904416274391878 ], [ 141.001912474681177, 20.904646316474697 ], [ 140.986498592137167, 20.906507287181995 ], [ 140.984573961120105, 20.906742054302867 ], [ 140.980723277258022, 20.90721670568675 ], [ 140.978798792830304, 20.907456396595649 ], [ 140.971098043840612, 20.908425314477313 ], [ 140.969174230306891, 20.908669820356408 ], [ 140.965326255203451, 20.909163824251436 ], [ 140.963403660251316, 20.909413119020627 ], [ 140.948011249919574, 20.911428233526635 ], [ 140.946089326761893, 20.911682247938018 ], [ 140.942244114375086, 20.912195406493311 ], [ 140.940322391765591, 20.91245434289408 ], [ 140.932632804260976, 20.913500267923496 ], [ 140.930711806505002, 20.913764012099676 ], [ 140.926869517814936, 20.914296494388168 ], [ 140.924949792599165, 20.914565015763259 ], [ 140.90958056229411, 20.916734049237334 ], [ 140.907661559234185, 20.917007282160739 ], [ 140.903822245500947, 20.917558890330724 ], [ 140.901903498747998, 20.917837043445132 ], [ 140.894225927085671, 20.918959859610425 ], [ 140.892307957347072, 20.919242811506905 ], [ 140.888471782247535, 20.919813714631687 ], [ 140.886555139908211, 20.920101431136516 ], [ 140.871210795642497, 20.922424141661338 ], [ 140.870175306346169, 20.922581567086127 ], [ 140.868102485042328, 20.922898149130788 ], [ 140.867066477736245, 20.923057104302302 ], [ 140.862919719969483, 20.923696221903441 ], [ 140.861883712663854, 20.923856615091069 ], [ 140.859811379692047, 20.924178905132663 ], [ 140.85877589938903, 20.924340668887226 ], [ 140.850484204983019, 20.925641660534609 ], [ 140.849296940702089, 20.925828877800939 ], [ 140.84692161534079, 20.926205351096399 ], [ 140.845734440092912, 20.926394466831567 ], [ 140.840983985422923, 20.927154996506175 ], [ 140.839503053823165, 20.927393568658886 ], [ 140.836541071913558, 20.927873710403816 ], [ 140.834626906307363, 20.928186494611424 ], [ 140.833569366533567, 20.928360735559835 ], [ 140.830418911903763, 20.928881442125174 ], [ 140.829692417071925, 20.929001886528255 ], [ 140.828239163007453, 20.929243538858572 ], [ 140.827513077367399, 20.929364633471323 ], [ 140.820487010567746, 20.930539773092477 ], [ 140.81960981364287, 20.930686997507365 ], [ 140.817854657167601, 20.930982623549767 ], [ 140.816977412578268, 20.93113090466781 ], [ 140.813466910770018, 20.931726368277623 ], [ 140.812590137425587, 20.931875608972604 ], [ 140.81083630655101, 20.932175188434485 ], [ 140.809960526058063, 20.93232530686771 ], [ 140.794671065617791, 20.934954579190958 ], [ 140.792762100790611, 20.935285276095044 ], [ 140.788943037991004, 20.935951849998219 ], [ 140.787034495846143, 20.936287456301329 ], [ 140.779398080757488, 20.937640159865964 ], [ 140.777490474806001, 20.937980540669855 ], [ 140.773675194555068, 20.938666303407473 ], [ 140.771769074284208, 20.939011405652479 ], [ 140.756509605334628, 20.941793527649793 ], [ 140.75460441226474, 20.942143308167488 ], [ 140.750792949635326, 20.942848060090256 ], [ 140.748888233206031, 20.943202746410037 ], [ 140.741267236094956, 20.944631788926358 ], [ 140.739363509818787, 20.94499123895514 ], [ 140.735556043776597, 20.945715141940696 ], [ 140.733653855341487, 20.946079298121532 ], [ 140.718426074903988, 20.949013958627802 ], [ 140.71652486493079, 20.949382784088442 ], [ 140.712721426053264, 20.950125636689222 ], [ 140.710820747580243, 20.950499361656625 ], [ 140.703216016506673, 20.952004583944785 ], [ 140.701316380347095, 20.952383063627849 ], [ 140.697517152095458, 20.953145025922709 ], [ 140.695619106836631, 20.953528195570186 ], [ 140.680424709233222, 20.956615068131214 ], [ 140.678527692799236, 20.957002897166404 ], [ 140.674732701254044, 20.957783766807893 ], [ 140.672836271177431, 20.958176490852736 ], [ 140.66524865240379, 20.959757724739575 ], [ 140.663353318601168, 20.960155191809065 ], [ 140.659562749921434, 20.960955127078023 ], [ 140.657669060079883, 20.961357267923887 ], [ 140.642509734237166, 20.964596008099761 ], [ 140.640617123582302, 20.965002797541274 ], [ 140.636831001150114, 20.965821597888777 ], [ 140.634939031711752, 20.966233275145868 ], [ 140.627369369701029, 20.967890345263612 ], [ 140.625478548696634, 20.968306754753257 ], [ 140.621697062269988, 20.969144574862554 ], [ 140.619807937386696, 20.969565642840536 ], [ 140.604685371333431, 20.972955889103389 ], [ 140.602797376897712, 20.973381593985664 ], [ 140.599020545362606, 20.974238232408794 ], [ 140.59713324700229, 20.974668817912033 ], [ 140.589582383521048, 20.976401538100873 ], [ 140.587696285755356, 20.976836845044801 ], [ 140.583924302465022, 20.977712455565779 ], [ 140.582039953881264, 20.978152403011364 ], [ 140.566955832945752, 20.981693777646143 ], [ 140.565072664272662, 20.982138349405631 ], [ 140.561305544515818, 20.983032731475731 ], [ 140.559423126776352, 20.983482177560887 ], [ 140.551891903589109, 20.985290354466684 ], [ 140.550010739504188, 20.985744509402025 ], [ 140.546248680232708, 20.986657814107133 ], [ 140.544369315691739, 20.987116590658474 ], [ 140.529325319808123, 20.990808698862708 ], [ 140.527447188237858, 20.991272088936029 ], [ 140.523690199344088, 20.992204113929233 ], [ 140.521812872666516, 20.992672371133267 ], [ 140.514302128841138, 20.994555803308089 ], [ 140.51242610797911, 20.995028754973475 ], [ 140.508674390910898, 20.995979651340122 ], [ 140.506800221753252, 20.996457207534519 ], [ 140.491798027257943, 21.000299635620195 ], [ 140.489925141432678, 21.000781791846521 ], [ 140.486178702485773, 21.001751357239641 ], [ 140.484306676412331, 21.002238371603767 ], [ 140.476817249217021, 21.00419684950549 ], [ 140.47494658112069, 21.004688545740237 ], [ 140.471205624440614, 21.005676927648466 ], [ 140.469336860208188, 21.006173208627075 ], [ 140.454378140739124, 21.010165529416071 ], [ 140.452510708402798, 21.010666398735594 ], [ 140.448775237587739, 21.011673394811908 ], [ 140.446908720761741, 21.012179113275891 ], [ 140.439441445666858, 21.014212417469366 ], [ 140.437576338078571, 21.014722803415225 ], [ 140.433846559971386, 21.015748560248198 ], [ 140.431983408407888, 21.016263512051808 ], [ 140.417069833107149, 21.020405279480457 ], [ 140.415208063801771, 21.020924805235865 ], [ 140.411483978403481, 21.02196911957958 ], [ 140.409623178567387, 21.022493485486279 ], [ 140.402178889244993, 21.024601389343161 ], [ 140.400319550806927, 21.025130408342079 ], [ 140.396601367659429, 21.026193425886191 ], [ 140.394744036508683, 21.026726990059046 ], [ 140.379877270020671, 21.031017741875729 ], [ 140.378021372389099, 21.031555865611267 ], [ 140.374309086995169, 21.032637383109119 ], [ 140.372454211893029, 21.033180337103062 ], [ 140.365033739315919, 21.035362605899849 ], [ 140.363180378672297, 21.035910197697717 ], [ 140.359474205970315, 21.037010357242508 ], [ 140.35762290207586, 21.037562475328173 ], [ 140.342804606348324, 21.04200173219462 ], [ 140.34095478633472, 21.042558394554561 ], [ 140.337254715532964, 21.043676993798726 ], [ 140.335405973806957, 21.044238474726257 ], [ 140.328010148050595, 21.046494864746506 ], [ 140.326162971145123, 21.047060969088761 ], [ 140.32246922167829, 21.048198147426916 ], [ 140.320624153682303, 21.048768757372699 ], [ 140.305855983467751, 21.053356023761836 ], [ 140.30401244791679, 21.053931162693516 ], [ 140.300325007193948, 21.05508671777821 ], [ 140.298482603889653, 21.055666665384592 ], [ 140.291112251429837, 21.057996923019971 ], [ 140.289271466005658, 21.058581476953947 ], [ 140.285590553462185, 21.059755548180419 ], [ 140.283751926411043, 21.06034458523493 ], [ 140.269035534662891, 21.065079348533516 ], [ 140.267969564644233, 21.065423127875306 ], [ 140.265836192886496, 21.066112892596379 ], [ 140.264770079875831, 21.066458461589178 ], [ 140.260503595365691, 21.067844858254034 ], [ 140.259437831291194, 21.06819204332848 ], [ 140.257306295949462, 21.06888816445786 ], [ 140.256241393426222, 21.069236815427189 ], [ 140.247715456203679, 21.072035013705431 ], [ 140.24636395683163, 21.072479952388306 ], [ 140.243660731458391, 21.073372725571147 ], [ 140.242309951543717, 21.073820248006541 ], [ 140.236906055770447, 21.075616183340571 ], [ 140.235216735064824, 21.076179811849244 ], [ 140.231838837392758, 21.077311245318128 ], [ 140.230150719081308, 21.077878897393504 ], [ 140.228649541043779, 21.078385703138082 ], [ 140.227754530347653, 21.078688271047298 ], [ 140.222445669532959, 21.080485873724484 ], [ 140.221818918509172, 21.080698397013776 ], [ 140.220449470467003, 21.081163451732237 ], [ 140.219946515620251, 21.081334524368998 ], [ 140.217449753004217, 21.082184784800319 ], [ 140.216826251231083, 21.082397415109057 ], [ 140.215579113685664, 21.082823329533312 ], [ 140.214956486053808, 21.083036269208804 ], [ 140.202617783984493, 21.087261590850176 ], [ 140.201077488136121, 21.087790858062021 ], [ 140.19799648904737, 21.088853249678209 ], [ 140.196457043058473, 21.089385942407603 ], [ 140.190298434426069, 21.091524365657278 ], [ 140.188760242091945, 21.09206030673829 ], [ 140.185684303488557, 21.093135757409755 ], [ 140.184147811772931, 21.093674828131157 ], [ 140.171849244647689, 21.098004184246179 ], [ 140.170313976009965, 21.098546439466986 ], [ 140.167243068213367, 21.099634808899623 ], [ 140.165708680911536, 21.100180480645093 ], [ 140.159570383467241, 21.102370828951024 ], [ 140.158037280397053, 21.102919739155055 ], [ 140.154971557191885, 21.104021124475707 ], [ 140.153440185316896, 21.104573149031978 ], [ 140.141182736095203, 21.109006195180115 ], [ 140.139652616974928, 21.109561394343473 ], [ 140.136592045087269, 21.110675654358488 ], [ 140.135062840577945, 21.111234261952177 ], [ 140.128945344452546, 21.113476361745029 ], [ 140.127417454752532, 21.11403819700547 ], [ 140.124362190662993, 21.1151654279426 ], [ 140.122836060935953, 21.11573036316608 ], [ 140.110620709878532, 21.120266746813286 ], [ 140.109095862584496, 21.120834845851959 ], [ 140.106045872119608, 21.121974907416302 ], [ 140.104521970913055, 21.122546406791599 ], [ 140.098425766236602, 21.124840079106775 ], [ 140.09690321131464, 21.125414795356846 ], [ 140.093858650956946, 21.126567781977855 ], [ 140.092337886584829, 21.127145582902756 ], [ 140.080165609455918, 21.131784942521449 ], [ 140.078646156295832, 21.132365895569961 ], [ 140.075606990970556, 21.133531667852566 ], [ 140.0740885171721, 21.134116014043201 ], [ 140.068014090478215, 21.136461075418509 ], [ 140.066496992642584, 21.137048626793103 ], [ 140.063463379731758, 21.138227278266669 ], [ 140.061948101224203, 21.138817898127968 ], [ 140.049819873788607, 21.143559864096829 ], [ 140.048305936170578, 21.144153625289931 ], [ 140.045277838801468, 21.145345016559645 ], [ 140.043764912920807, 21.145942161901814 ], [ 140.037712751642886, 21.148338426177787 ], [ 140.036201231402089, 21.148938765012531 ], [ 140.033178810554006, 21.150142986909742 ], [ 140.03166913932003, 21.150746378942614 ], [ 140.01958593284499, 21.155590573546647 ], [ 140.018077632177693, 21.15619709522025 ], [ 140.015060845581871, 21.157414009249351 ], [ 140.013553589027566, 21.158023907877464 ], [ 140.007524177899228, 21.160471183498743 ], [ 140.006018357561999, 21.161084262129435 ], [ 140.003007368895425, 21.162313959122201 ], [ 140.001503426342452, 21.162930075662757 ], [ 139.989466209398444, 21.167876112193312 ], [ 139.987963666190723, 21.168495345784038 ], [ 139.984958433185426, 21.169737687244947 ], [ 139.983456966466207, 21.170360287897381 ], [ 139.977450788423909, 21.172858380610165 ], [ 139.97595078849875, 21.173484150473655 ], [ 139.972951473932, 21.174739224536097 ], [ 139.97145338056967, 21.175368016121581 ], [ 139.959463119028243, 21.180415500675281 ], [ 139.957966454688943, 21.181047397619722 ], [ 139.95497301449339, 21.182315065787861 ], [ 139.953477459017932, 21.182950320801069 ], [ 139.947494996097504, 21.185499030056462 ], [ 139.946000937094055, 21.18613744168988 ], [ 139.943013537645271, 21.18741779209779 ], [ 139.94152141398277, 21.188059208365985 ], [ 139.929579069219272, 21.193207738047136 ], [ 139.928088404256783, 21.19385224798333 ], [ 139.925106998789744, 21.195145142134976 ], [ 139.923617473268592, 21.195793001146399 ], [ 139.917659206607738, 21.198392125496611 ], [ 139.916171207235749, 21.199043126739411 ], [ 139.913195963024037, 21.200348651869177 ], [ 139.911709928670604, 21.201002641559057 ], [ 139.89981646116135, 21.206251806276242 ], [ 139.898331914287297, 21.206908877942851 ], [ 139.895362782766739, 21.208226894655667 ], [ 139.893879407708852, 21.208887304605696 ], [ 139.887945815747258, 21.211536636307187 ], [ 139.886463997416541, 21.212200175897834 ], [ 139.883501146761233, 21.213530771428395 ], [ 139.88202132132713, 21.214197283278281 ], [ 139.870177687050983, 21.219546664847087 ], [ 139.868699377874492, 21.220216244284671 ], [ 139.865742758621678, 21.221559280137171 ], [ 139.864265653637318, 21.222232188864837 ], [ 139.858420852640876, 21.225088712674165 ], [ 139.856942737717446, 21.225756045605294 ], [ 139.853976179158195, 21.227070054939531 ], [ 139.853303345972932, 21.227365646807755 ], [ 139.852498659585905, 21.227732350767837 ], [ 139.840680589438335, 21.233125554501044 ], [ 139.839205135609092, 21.233799821205025 ], [ 139.836253536372311, 21.235150611911507 ], [ 139.834783384945609, 21.235836515842948 ], [ 139.82891822959337, 21.238622208148826 ], [ 139.827453161135082, 21.239319019957094 ], [ 139.824523111452919, 21.24071455643201 ], [ 139.823059324528714, 21.241412712726827 ], [ 139.816699277650201, 21.244450273661528 ], [ 139.811281167192789, 21.246884486630137 ], [ 139.809815690442434, 21.24757892332903 ], [ 139.806884809786567, 21.248971671006217 ], [ 139.805420600180838, 21.249669415411574 ], [ 139.799563887663822, 21.252468083135824 ], [ 139.798101323817974, 21.253168916712411 ], [ 139.795177082857123, 21.254574078631322 ], [ 139.79371659644417, 21.25527783230649 ], [ 139.782028165368075, 21.260925269885661 ], [ 139.781299239668812, 21.261277914744397 ], [ 139.779840225446748, 21.261984748597712 ], [ 139.779111127077869, 21.262338458253595 ], [ 139.776193193961404, 21.263755985850594 ], [ 139.775464314127049, 21.264110559754869 ], [ 139.774006584137368, 21.264820677033185 ], [ 139.773278327533177, 21.26517593082508 ], [ 139.767447577544573, 21.268024060362535 ], [ 139.766719601529104, 21.268380128040803 ], [ 139.765263286172086, 21.269093427120339 ], [ 139.764535539484456, 21.269450367141161 ], [ 139.7616238143884, 21.270880438481981 ], [ 139.760896440918856, 21.271238169906013 ], [ 139.759441726354936, 21.271954602223502 ], [ 139.758714882586474, 21.272313057601849 ], [ 139.754306998569945, 21.274489807259272 ], [ 139.753232714318784, 21.275021388426978 ], [ 139.751084491157286, 21.276086537364108 ], [ 139.750011142201089, 21.276619812854364 ], [ 139.74571784979949, 21.278757138931013 ], [ 139.744645572835822, 21.279292017912667 ], [ 139.742501384931444, 21.280363754383956 ], [ 139.741430346333715, 21.28090017480352 ], [ 139.732858141690173, 21.285201877665088 ], [ 139.73178822364801, 21.28573983052911 ], [ 139.72964817802179, 21.286818006146518 ], [ 139.728578921880654, 21.28735778913105 ], [ 139.724301465641048, 21.289521429370637 ], [ 139.723233441570443, 21.290062733109011 ], [ 139.721097772044942, 21.291147314597282 ], [ 139.720031577196636, 21.29168985400392 ], [ 139.702946705726532, 21.30039969359143 ], [ 139.701679749821011, 21.301047026499702 ], [ 139.699144884729577, 21.302345247335779 ], [ 139.697878479209493, 21.302995367242744 ], [ 139.692811875069168, 21.305602433505896 ], [ 139.691546582908956, 21.306255022052028 ], [ 139.689016689270119, 21.307562920492956 ], [ 139.687753116613834, 21.308217696190155 ], [ 139.677639345380356, 21.313470542731721 ], [ 139.675986326707999, 21.314331666074054 ], [ 139.672681296605248, 21.316058676467151 ], [ 139.671030420118683, 21.316923971764254 ], [ 139.664428481689896, 21.320394817966871 ], [ 139.662520778611707, 21.321401279845503 ], [ 139.658707699001781, 21.323420082471188 ], [ 139.656802840479401, 21.324432149824418 ], [ 139.655640315648867, 21.325052032725694 ], [ 139.654866122574418, 21.325465218145695 ], [ 139.649438557543846, 21.328364525403003 ], [ 139.648809049198491, 21.328701064303118 ], [ 139.648163161501117, 21.329046804167064 ], [ 139.647178340008765, 21.32957468102714 ], [ 139.644398880005184, 21.331066353229971 ], [ 139.643754049910086, 21.331412843128618 ], [ 139.642437871411545, 21.332120912650197 ], [ 139.641820701764601, 21.332453342548206 ], [ 139.628312422381185, 21.339736820498388 ], [ 139.626626687272704, 21.340648480343532 ], [ 139.623255979680181, 21.342477039484152 ], [ 139.621572380461572, 21.343393195040193 ], [ 139.614839480957954, 21.347068211629022 ], [ 139.613158446605979, 21.347988573314382 ], [ 139.6097980821161, 21.349834034313517 ], [ 139.608120121646863, 21.350758379096362 ], [ 139.594693932380011, 21.35817653951608 ], [ 139.593018472025648, 21.359105005891678 ], [ 139.589668374196805, 21.360967170898675 ], [ 139.587995100994334, 21.361900112300759 ], [ 139.581303624264109, 21.365642254287081 ], [ 139.57963296359074, 21.366579375737928 ], [ 139.576293401320385, 21.368458337382691 ], [ 139.574625859496649, 21.369399411354152 ], [ 139.561283289192744, 21.376951420571942 ], [ 139.559618294249759, 21.377896590055798 ], [ 139.556289187497185, 21.379792152286342 ], [ 139.554626430965783, 21.380741774313947 ], [ 139.547977139634014, 21.384550621714084 ], [ 139.546317042397988, 21.385504397710207 ], [ 139.542998662758379, 21.38741664955927 ], [ 139.54134173023769, 21.388374345699873 ], [ 139.528084298751907, 21.396059357453765 ], [ 139.526429959875173, 21.397021123926095 ], [ 139.523122222813157, 21.398949871139962 ], [ 139.521920103530448, 21.399652926941542 ], [ 139.524185623468412, 21.392389298827538 ], [ 139.524728975862246, 21.390638177610072 ], [ 139.525811136375722, 21.387132645455836 ], [ 139.526349502928127, 21.385379661742348 ], [ 139.528493801448377, 21.378361189717737 ], [ 139.529027005892345, 21.376606830041624 ], [ 139.530088562038458, 21.373095796733963 ], [ 139.530616482964803, 21.371340553923687 ], [ 139.534822915246224, 21.357280084508602 ], [ 139.535345623701943, 21.355523485520735 ], [ 139.536386460367879, 21.352007043690662 ], [ 139.53690416319742, 21.350248633468254 ], [ 139.538965739377801, 21.343208548935763 ], [ 139.539478268407862, 21.341448814911132 ], [ 139.540498450343676, 21.337927084168001 ], [ 139.541005687763032, 21.336166521867796 ], [ 139.54504646582248, 21.322063671901191 ], [ 139.54554848087858, 21.320301806483826 ], [ 139.546547897468344, 21.316774879457398 ], [ 139.547044890709827, 21.315011254965953 ], [ 139.5490235565928, 21.307950407785597 ], [ 139.549515363443589, 21.306185512551565 ], [ 139.550381882718426, 21.302618474863039 ], [ 139.55094466406527, 21.300702447660285 ], [ 139.554845399696404, 21.286741481034937 ], [ 139.555328374305674, 21.28497522782493 ], [ 139.556272347691362, 21.281434586137721 ], [ 139.556742905361517, 21.279664469440064 ], [ 139.558358847683706, 21.27356783848532 ], [ 139.558609977968985, 21.272577520336768 ], [ 139.559058733374428, 21.270802339556781 ], [ 139.559953893358085, 21.267250430263516 ], [ 139.560418379704885, 21.265481806440675 ], [ 139.564248670540593, 21.251326261598052 ], [ 139.564709167494499, 21.249554502738704 ], [ 139.565625479532656, 21.24600788505623 ], [ 139.56608091870001, 21.244234469645448 ], [ 139.567893241480846, 21.237134653941553 ], [ 139.568343475371449, 21.23536007570732 ], [ 139.569238995983511, 21.231808805832003 ], [ 139.569683920277186, 21.23003356209972 ], [ 139.573225620466843, 21.215813794871224 ], [ 139.573665297216081, 21.214037408999474 ], [ 139.574539933771263, 21.210481585856883 ], [ 139.574974535646817, 21.208703596494047 ], [ 139.576703446307675, 21.20158557761269 ], [ 139.577132833014304, 21.199806477587344 ], [ 139.577986639472698, 21.196246216290206 ], [ 139.578410712085855, 21.194466506524321 ], [ 139.581785418962369, 21.180211186397514 ], [ 139.582204236836702, 21.178430388452057 ], [ 139.583037123264972, 21.174865787026732 ], [ 139.583450851876165, 21.173083436851641 ], [ 139.585096203827476, 21.165948073645126 ], [ 139.585504707377055, 21.164164665867048 ], [ 139.586316725936541, 21.160595842124735 ], [ 139.5867199117952, 21.158811878565643 ], [ 139.589927341174445, 21.144522722346125 ], [ 139.590325265099551, 21.142737725466048 ], [ 139.591116333053179, 21.139164775634413 ], [ 139.591509153325575, 21.137378278685105 ], [ 139.593070808971987, 21.130226428207493 ], [ 139.593458396088778, 21.128438928514242 ], [ 139.594228561100095, 21.124861970403913 ], [ 139.594610826928516, 21.123073968888889 ], [ 139.597650715309186, 21.108752693382598 ], [ 139.598027713809159, 21.106963712505745 ], [ 139.598776897636213, 21.103382844143198 ], [ 139.599148777195097, 21.101592416257432 ], [ 139.600626611529293, 21.094424937361168 ], [ 139.600993250738412, 21.092633559791324 ], [ 139.601721500147988, 21.089048897189201 ], [ 139.602082815370721, 21.087257072656172 ], [ 139.604954920834047, 21.072905400064514 ], [ 139.60531096333122, 21.071112649229804 ], [ 139.606018204577396, 21.067524292212852 ], [ 139.606369114643741, 21.065730147428894 ], [ 139.607763010754894, 21.058547902564101 ], [ 139.608108673277144, 21.056752862055333 ], [ 139.608794950427097, 21.053160925736563 ], [ 139.609135286265285, 21.051365493123399 ], [ 139.611839387578271, 21.036985144748911 ], [ 139.612174447093963, 21.035188840692825 ], [ 139.612839691798882, 21.031593424896982 ], [ 139.613063917966116, 21.030374854316364 ], [ 139.613169605393551, 21.029795779052364 ], [ 139.614479458060856, 21.022599629769502 ], [ 139.614686794060873, 21.021454513115827 ], [ 139.615099517229311, 21.01916296499914 ], [ 139.615420925935865, 21.017363461155242 ], [ 139.615652455496758, 21.01605622911211 ], [ 139.615767702717591, 21.015403537143897 ], [ 139.618337310419321, 21.000804345944289 ], [ 139.618539644389699, 20.999650533745438 ], [ 139.618842602604474, 20.997916942113591 ], [ 139.618937975707496, 20.997369656085198 ], [ 139.619128274951066, 20.996274799842553 ], [ 139.619228771491208, 20.995695000624124 ], [ 139.619393462538852, 20.994742007038496 ], [ 139.620201394579595, 20.990055044505112 ], [ 139.620510268534446, 20.988247398199064 ], [ 139.621120879425717, 20.984642256235702 ], [ 139.621423477012883, 20.982839782830041 ], [ 139.622623758080664, 20.975625819776383 ], [ 139.622921060458935, 20.97382276630799 ], [ 139.623510571456023, 20.970214924579494 ], [ 139.623802591217014, 20.96841130723638 ], [ 139.625414764480439, 20.958361103682364 ], [ 139.62561480428073, 20.957105904614309 ], [ 139.626012558233839, 20.95459378607481 ], [ 139.626210109609673, 20.95333789093138 ], [ 139.626995637739327, 20.948310883940621 ], [ 139.627190615255046, 20.947054786449712 ], [ 139.627578132225295, 20.944541561744018 ], [ 139.627770468433056, 20.943285757432108 ], [ 139.62996942954581, 20.928829743698117 ], [ 139.630241400721076, 20.927024070504757 ], [ 139.630780381510334, 20.923410070218893 ], [ 139.631047169892298, 20.921603215316395 ], [ 139.632104358929752, 20.91437053377345 ], [ 139.632365879082755, 20.912562998983532 ], [ 139.632883802246312, 20.908946281845829 ], [ 139.633139994815252, 20.907138573486662 ], [ 139.635170269193196, 20.892660796159362 ], [ 139.635421172849448, 20.890852433093755 ], [ 139.635917990723584, 20.887233102525869 ], [ 139.636163701693732, 20.885423609912095 ], [ 139.637136526230933, 20.878180480045444 ], [ 139.637376964476204, 20.876370362402639 ], [ 139.637852707636654, 20.872748530820445 ], [ 139.638087820097354, 20.870938293567718 ], [ 139.639949287230507, 20.856440484741029 ], [ 139.640179108979424, 20.854629646741131 ], [ 139.640633736058959, 20.851005418465775 ], [ 139.640858355229426, 20.849193504876638 ], [ 139.641746759505878, 20.841940794532348 ], [ 139.64196610325385, 20.840128308974897 ], [ 139.642399641230924, 20.836501796421089 ], [ 139.642613660093474, 20.834689247011482 ], [ 139.644306220156324, 20.820173139679071 ], [ 139.644514947407544, 20.818360043481533 ], [ 139.644927360309595, 20.814731350971329 ], [ 139.645130875990077, 20.81291723224507 ], [ 139.645934815939796, 20.80565580746989 ], [ 139.646133054397097, 20.80384117163328 ], [ 139.64652436470854, 20.800210410682183 ], [ 139.646717280079514, 20.798395765852234 ], [ 139.64824085393289, 20.783863093007739 ], [ 139.648428477692534, 20.782047956248448 ], [ 139.648798657532467, 20.77841523207772 ], [ 139.648981060727948, 20.776599125849287 ], [ 139.649700502177126, 20.76932985269093 ], [ 139.649877625452547, 20.767513283311587 ], [ 139.650226693707651, 20.763878707436817 ], [ 139.650398497493512, 20.762062183923263 ], [ 139.651753025781801, 20.747514680358535 ], [ 139.651919538856333, 20.74569771887505 ], [ 139.652247471244237, 20.742061397415995 ], [ 139.652408755660105, 20.740243519523148 ], [ 139.653043673427447, 20.732967265827057 ], [ 139.653199677024332, 20.731148978742794 ], [ 139.653506491531999, 20.727511023215555 ], [ 139.653657178336545, 20.725692835956238 ], [ 139.654842622389964, 20.711132238262536 ], [ 139.654988020281195, 20.709313667891792 ], [ 139.655273697123818, 20.70567418261794 ], [ 139.655413858263756, 20.703854749797188 ], [ 139.655964237960148, 20.696572383409034 ], [ 139.656099118280309, 20.694752596255711 ], [ 139.65636367274621, 20.691111692750809 ], [ 139.656493240771312, 20.689292060280678 ], [ 139.65750958080335, 20.674720102351131 ], [ 139.657633860814968, 20.672900140729354 ], [ 139.657877278514121, 20.669257925113499 ], [ 139.657996316377336, 20.667437155001039 ], [ 139.658462152606745, 20.660149542867543 ], [ 139.658575908751601, 20.658328472381498 ], [ 139.658798202275904, 20.654685055271443 ], [ 139.658906650622299, 20.652864193428286 ], [ 139.659753887532617, 20.638282611853469 ], [ 139.659857050563261, 20.636461474817537 ], [ 139.660058210918038, 20.632816962333209 ], [ 139.660156125505324, 20.630995071665524 ], [ 139.660537424563159, 20.623703081632215 ], [ 139.660630057432087, 20.621880944550298 ], [ 139.660810093611843, 20.618235447308251 ], [ 139.660897425876641, 20.616413573727726 ], [ 139.661575580349478, 20.601824102400684 ], [ 139.661657629096823, 20.600002007586994 ], [ 139.661816538403428, 20.596355632606532 ], [ 139.661893332412006, 20.594532837220981 ], [ 139.662190109586305, 20.587237337133729 ], [ 139.662261624574995, 20.585414350192423 ], [ 139.662399413303518, 20.581767207191291 ], [ 139.662465632184109, 20.579944536811354 ], [ 139.662974744689592, 20.565348912322861 ], [ 139.663035685448705, 20.563526076467696 ], [ 139.663152354498408, 20.559878271565481 ], [ 139.663208035123688, 20.558054789097696 ], [ 139.663420315595459, 20.550756645902851 ], [ 139.663470718099489, 20.548933024939629 ], [ 139.663566271966175, 20.545284669652347 ], [ 139.663611386457177, 20.543461421008374 ], [ 139.663951517249671, 20.528861377251019 ], [ 139.66399135721602, 20.527038016191909 ], [ 139.664065803094815, 20.523389214840705 ], [ 139.66410037843039, 20.521565262027565 ], [ 139.664228196375149, 20.51426534267182 ], [ 139.664257496286979, 20.512441305322369 ], [ 139.664310835077259, 20.508792170322863 ], [ 139.664334854170903, 20.506968559251845 ], [ 139.664506083289695, 20.492365830119269 ], [ 139.664524832356364, 20.490542161491959 ], [ 139.664557076648208, 20.48689279716524 ], [ 139.664570557485632, 20.485068589843934 ], [ 139.664613958768115, 20.477767761273611 ], [ 139.664622167779186, 20.475943524274641 ], [ 139.664633314875942, 20.472294043036186 ], [ 139.664636250263612, 20.470470286275116 ], [ 139.664638678432567, 20.455866604760217 ], [ 139.66463634918901, 20.454042843502805 ], [ 139.664626417076732, 20.450393349673732 ], [ 139.66462208594092, 20.44920969707033 ], [ 139.664618816905914, 20.448569104581054 ], [ 139.664577856383659, 20.441268232843129 ], [ 139.664570512519646, 20.440139014404281 ], [ 139.664553796821139, 20.437879598165296 ], [ 139.664537661184482, 20.436054904310879 ], [ 139.664523360165816, 20.43466492564616 ], [ 139.664515839135248, 20.43397093051442 ], [ 139.664347390720565, 20.41918026375879 ], [ 139.664333868513751, 20.418051248566599 ], [ 139.664312596849669, 20.416354984195777 ], [ 139.664305438246373, 20.415804678243575 ], [ 139.664290638103381, 20.414703865791182 ], [ 139.664282502836357, 20.414118895471006 ], [ 139.664267817806177, 20.413099583179644 ], [ 139.664197587049586, 20.408368699556036 ], [ 139.664178585274414, 20.407166373429732 ], [ 139.664138501591111, 20.404774243336959 ], [ 139.664117334248118, 20.403578520032937 ], [ 139.664028102615276, 20.39879381018676 ], [ 139.664004673477535, 20.397598148935771 ], [ 139.663955538118472, 20.395206218492717 ], [ 139.663929847185528, 20.394010623791615 ], [ 139.663813991123362, 20.388846459397001 ], [ 139.66379919367867, 20.388201546564545 ], [ 139.663768925196024, 20.386911033817569 ], [ 139.663753464951384, 20.386265959107106 ], [ 139.663690275886466, 20.383684287899996 ], [ 139.663674158236319, 20.383039205994947 ], [ 139.663641253841462, 20.381748706737795 ], [ 139.663624479686774, 20.381103773221071 ], [ 139.663500402922097, 20.376425941504522 ], [ 139.663477492692465, 20.375576323189165 ], [ 139.663438650973291, 20.374159410728566 ], [ 139.663414970925061, 20.373309503730979 ], [ 139.663342749069642, 20.370758365406573 ], [ 139.663318304596515, 20.369908356785572 ], [ 139.663276916896763, 20.368491265360035 ], [ 139.663251710698802, 20.367641262135066 ], [ 139.663182254258146, 20.365332906588719 ], [ 139.663155255711018, 20.364456244760248 ], [ 139.663100032841186, 20.362702660299846 ], [ 139.663071821108502, 20.361826123477272 ], [ 139.662956503740048, 20.358318801671743 ], [ 139.662927082419202, 20.357442464498604 ], [ 139.6628670086059, 20.35568935038367 ], [ 139.662836381294909, 20.354813287503561 ], [ 139.6625863005182, 20.34779895955478 ], [ 139.66255446811553, 20.346923136793691 ], [ 139.662489555949577, 20.345170576661303 ], [ 139.662456501366847, 20.344294555149986 ], [ 139.662321782924579, 20.340788647978115 ], [ 139.662287525050175, 20.339912905256739 ], [ 139.662217775430776, 20.338160987240144 ], [ 139.662182333148763, 20.337286000848621 ], [ 139.66160452502973, 20.323259867549183 ], [ 139.66152994605082, 20.321508324549995 ], [ 139.661375849916482, 20.318003522644773 ], [ 139.661296394813377, 20.316251692761853 ], [ 139.660968696249171, 20.309240988181415 ], [ 139.660884390202938, 20.307489357947844 ], [ 139.660710877705498, 20.303985359137442 ], [ 139.660621743199414, 20.302234417784575 ], [ 139.659888641948072, 20.288214693953364 ], [ 139.659794672686445, 20.286463974733124 ], [ 139.659601780698637, 20.282960870748184 ], [ 139.659502935312986, 20.281209913207363 ], [ 139.659097644141781, 20.274202796022564 ], [ 139.65899395410807, 20.272452086694813 ], [ 139.658781666441968, 20.268949976460647 ], [ 139.658673157840752, 20.267200003677715 ], [ 139.657784947817873, 20.253188220860039 ], [ 139.657671611656411, 20.251438516974275 ], [ 139.657439970578849, 20.247937493121213 ], [ 139.657321758293818, 20.246187599478617 ], [ 139.65683897254101, 20.239184834113161 ], [ 139.656715921903157, 20.237435236347466 ], [ 139.65646490852933, 20.233935397800678 ], [ 139.656337049215978, 20.232186583344685 ], [ 139.655293931870773, 20.218184270388178 ], [ 139.655161254888839, 20.216435774291995 ], [ 139.654890915084508, 20.212937211883172 ], [ 139.654753362878097, 20.211188572794867 ], [ 139.654193184169031, 20.204190924571861 ], [ 139.654050799905036, 20.202442629024432 ], [ 139.653761113884713, 20.198945443477754 ], [ 139.653613932637342, 20.197197978904001 ], [ 139.652416122906658, 20.183206663757119 ], [ 139.652264132084412, 20.181459564307829 ], [ 139.651955150210284, 20.177963846454759 ], [ 139.651798284164357, 20.176216651677464 ], [ 139.651160827610767, 20.169224883222341 ], [ 139.650999136701131, 20.167478080549245 ], [ 139.650670836490377, 20.163983929315123 ], [ 139.650504360288579, 20.162238005280358 ], [ 139.649152092895946, 20.148259213192659 ], [ 139.64898081701179, 20.146513701946191 ], [ 139.64863325242348, 20.143021208162594 ], [ 139.6484571031136, 20.141275649252293 ], [ 139.647742487426427, 20.13429052229003 ], [ 139.64756152224723, 20.132545403148299 ], [ 139.647194667200807, 20.129054666639831 ], [ 139.647008928420092, 20.127310472900433 ], [ 139.645502452476904, 20.113345727323889 ], [ 139.645311995852381, 20.111602647844393 ], [ 139.64492605899116, 20.10811506795639 ], [ 139.644730734336491, 20.106371989376242 ], [ 139.643939401082804, 20.099396881761209 ], [ 139.643739272250542, 20.097654288814908 ], [ 139.643334091695834, 20.094168655959038 ], [ 139.643129206348391, 20.092427035179895 ], [ 139.641469467042754, 20.07848308282837 ], [ 139.641259788309725, 20.076741835267825 ], [ 139.640835394638572, 20.073257969580254 ], [ 139.640620850572333, 20.071516771482266 ], [ 139.639752611794535, 20.064549284722204 ], [ 139.639533359777403, 20.062809313299795 ], [ 139.639396283312834, 20.061729508110886 ], [ 139.63915484591999, 20.059811583338188 ], [ 139.638711879450085, 20.056335002158988 ], [ 139.638488122729115, 20.054597929251258 ], [ 139.63667411282043, 20.0406655988387 ], [ 139.636445188595616, 20.038925960165216 ], [ 139.63598228685342, 20.035445360815146 ], [ 139.635748496396474, 20.033705820167796 ], [ 139.634803245973472, 20.026745059437417 ], [ 139.634564665727879, 20.025006098852998 ], [ 139.634082574252062, 20.021527826947903 ], [ 139.63383926177292, 20.019789932959384 ], [ 139.631871885080074, 20.005876200526671 ], [ 139.631623812489607, 20.004138908184345 ], [ 139.631122604125636, 20.000663051858737 ], [ 139.630869670699695, 19.998925904307413 ], [ 139.629847823219478, 19.991974820282337 ], [ 139.629590108997064, 19.990238301356968 ], [ 139.629069748670673, 19.986764960434982 ], [ 139.628807315705359, 19.985029554870664 ], [ 139.626686885192413, 19.97113593307725 ], [ 139.626419705605514, 19.969401175924133 ], [ 139.625880269758937, 19.965930438539431 ], [ 139.625608232035034, 19.96419587474017 ], [ 139.624509948476003, 19.957255221051952 ], [ 139.62423314074718, 19.955521332643812 ], [ 139.623674592509218, 19.952053301319211 ], [ 139.623393080427292, 19.950320571237739 ], [ 139.62111992614453, 19.936448569146549 ], [ 139.620833679131948, 19.934716534241005 ], [ 139.620256099439786, 19.93125129441205 ], [ 139.619964999685891, 19.92951950142411 ], [ 139.618790448221176, 19.922590033503752 ], [ 139.618494589254425, 19.920858962671389 ], [ 139.617897938539642, 19.917396615961337 ], [ 139.617597390508109, 19.915666752019291 ], [ 139.615171855997545, 19.901817874195928 ], [ 139.614866586524187, 19.900088751295243 ], [ 139.614250948422892, 19.896629384039215 ], [ 139.613940830705161, 19.894900549820932 ], [ 139.612690188501944, 19.887983018601631 ], [ 139.612375322363533, 19.886254953303933 ], [ 139.611740657306228, 19.88279866802452 ], [ 139.611421119190169, 19.881071855482148 ], [ 139.608843565078956, 19.867247604693588 ], [ 139.608519317213876, 19.865521580856665 ], [ 139.607865713332359, 19.862068461190901 ], [ 139.607680218267802, 19.8610925861543 ], [ 139.607536623516609, 19.860342773700495 ], [ 139.606210073137191, 19.853437929217648 ], [ 139.606016843903348, 19.852436421703828 ], [ 139.605628602978328, 19.85043274657437 ], [ 139.605291926481783, 19.848707886460261 ], [ 139.605007582434979, 19.847261711858948 ], [ 139.604865178385722, 19.846539634497034 ], [ 139.602103302825554, 19.832576508599388 ], [ 139.601906515873935, 19.831584251512396 ], [ 139.6016100777438, 19.83009339949119 ], [ 139.601507887779491, 19.829580636637502 ], [ 139.601303051895144, 19.828555005709404 ], [ 139.601193170928951, 19.82800607032425 ], [ 139.60097916825444, 19.826939604779227 ], [ 139.600085324878734, 19.822495684928271 ], [ 139.599727639320093, 19.820730286973699 ], [ 139.59901029509021, 19.817215150059525 ], [ 139.598649252361867, 19.81545851060217 ], [ 139.597194743743245, 19.808431338535883 ], [ 139.596828826689801, 19.806675811539932 ], [ 139.596091862849704, 19.803164730568369 ], [ 139.5957210588804, 19.801410329523478 ], [ 139.593604759852639, 19.791465670404989 ], [ 139.593339266494496, 19.790224066387964 ], [ 139.592805520659425, 19.787739984213431 ], [ 139.592537486716111, 19.786498518692014 ], [ 139.591459847095194, 19.781530924512808 ], [ 139.591189385882473, 19.780290085819146 ], [ 139.590645850026505, 19.777808220473375 ], [ 139.590373063167277, 19.776568499636809 ], [ 139.587213005576388, 19.762273339543285 ], [ 139.586815841578442, 19.760488612460108 ], [ 139.586015972859713, 19.756918244581684 ], [ 139.585613592793635, 19.755134058890235 ], [ 139.583993032453151, 19.74799554176127 ], [ 139.583585568520419, 19.746212393887191 ], [ 139.582765316666411, 19.74264618357472 ], [ 139.582352865092986, 19.740864573541529 ], [ 139.579030017621591, 19.726602629907802 ], [ 139.578612531643358, 19.724822076577965 ], [ 139.57777201266893, 19.721260114662854 ], [ 139.577349320515651, 19.719480156684426 ], [ 139.575647496535254, 19.712358663721702 ], [ 139.575219735802904, 19.710579795721429 ], [ 139.57435889394813, 19.707022199115499 ], [ 139.573926165361087, 19.705244920217396 ], [ 139.570441021736229, 19.691017863983674 ], [ 139.570003276730205, 19.689241693050235 ], [ 139.569122231606144, 19.685688552584907 ], [ 139.568679289418156, 19.683913030962032 ], [ 139.566896454508225, 19.676809395837552 ], [ 139.566448459929376, 19.67503501635332 ], [ 139.565547154877805, 19.671486449840231 ], [ 139.565094213128447, 19.669713709820485 ], [ 139.561447285964192, 19.655523203833226 ], [ 139.56098934488287, 19.653751623938533 ], [ 139.5600679031119, 19.65020772130957 ], [ 139.559604776539601, 19.648436842886298 ], [ 139.557741190604446, 19.641351895673836 ], [ 139.557273026929494, 19.639582211550234 ], [ 139.556331389982148, 19.636043090616496 ], [ 139.555858301619793, 19.634275096319044 ], [ 139.55205011971762, 19.620122800726904 ], [ 139.551572050910323, 19.618356017816353 ], [ 139.55061034559165, 19.614821767610792 ], [ 139.550127101185382, 19.613055740130804 ], [ 139.548183033121092, 19.605990309106119 ], [ 139.547694769598394, 19.604225527186941 ], [ 139.546712935654028, 19.600696265520469 ], [ 139.546219768128282, 19.598933223789544 ], [ 139.542250880075045, 19.584820790647285 ], [ 139.541752750989332, 19.583059012463849 ], [ 139.540750920618763, 19.579534826571404 ], [ 139.540247626727677, 19.577773855979046 ], [ 139.538223356223199, 19.570728766719697 ], [ 139.537715060302645, 19.5689690929497 ], [ 139.536693170553832, 19.565450102440764 ], [ 139.536179994911578, 19.563692219220798 ], [ 139.532050965480693, 19.549621297884968 ], [ 139.531532846264355, 19.547864728574694 ], [ 139.530491032935601, 19.544351018884726 ], [ 139.529967761503627, 19.542595311125112 ], [ 139.527863574544909, 19.535571385611362 ], [ 139.527335319969808, 19.533817025935434 ], [ 139.526273518309353, 19.530308717573746 ], [ 139.525740405596167, 19.528556197910575 ], [ 139.521451817547842, 19.51452842964369 ], [ 139.520913781946348, 19.512777275151421 ], [ 139.519832132247558, 19.509274451754933 ], [ 139.51928895702045, 19.507524210973997 ], [ 139.517105148584761, 19.500522268488098 ], [ 139.516557009099671, 19.498773427052342 ], [ 139.515455444813398, 19.495276210029516 ], [ 139.514902470573048, 19.49352925896855 ], [ 139.510454922857519, 19.479546279637518 ], [ 139.509897046412021, 19.477800744109487 ], [ 139.508775711430445, 19.474309215298348 ], [ 139.508212707950435, 19.472564645642137 ], [ 139.505949582907334, 19.465585503668294 ], [ 139.505381634056192, 19.463842383719467 ], [ 139.504240459130784, 19.460356665428208 ], [ 139.503667700704142, 19.458615487115395 ], [ 139.499061810254744, 19.444678926291886 ], [ 139.498484170308558, 19.442939212974565 ], [ 139.497323304727928, 19.43945938614219 ], [ 139.496740551236059, 19.437720690857645 ], [ 139.494398421650857, 19.430765161483222 ], [ 139.493810741673286, 19.42902796806672 ], [ 139.492630115287994, 19.425554154101178 ], [ 139.492037650018261, 19.423818949984963 ], [ 139.487274051756373, 19.409930432743622 ], [ 139.486676726550542, 19.408196743984945 ], [ 139.485476490447951, 19.404729023825652 ], [ 139.484874066086178, 19.402996406159602 ], [ 139.482453253915452, 19.396065299674319 ], [ 139.481845924650628, 19.394334234237803 ], [ 139.480626006885501, 19.390872730192626 ], [ 139.480013916609352, 19.389143702620231 ], [ 139.47509326074632, 19.375304845042919 ], [ 139.474476333016611, 19.373577382290691 ], [ 139.473236889172171, 19.370122172600603 ], [ 139.472614877575353, 19.368395834000978 ], [ 139.470115711071827, 19.361489957995431 ], [ 139.469488814357561, 19.359765221088537 ], [ 139.468229772486353, 19.356316428960668 ], [ 139.467598140841943, 19.354593779379897 ], [ 139.462521094673576, 19.340806192152428 ], [ 139.461884647159962, 19.339085156854864 ], [ 139.460606164643565, 19.335642860529902 ], [ 139.459964648550255, 19.3339230015456 ], [ 139.457387467658265, 19.327043158215645 ], [ 139.456741088031464, 19.325324951285751 ], [ 139.455443090226851, 19.321889273071918 ], [ 139.454792002649839, 19.320173202032066 ], [ 139.449559251458737, 19.306438487746618 ], [ 139.44890337049506, 19.304724080452445 ], [ 139.447586021078934, 19.301295096791875 ], [ 139.446925086824223, 19.299581917971636 ], [ 139.444215728073715, 19.29258829241617 ], [ 139.443739707022161, 19.291363942792174 ], [ 139.442675190308279, 19.288634175726983 ], [ 139.442005351865788, 19.286923604041533 ], [ 139.441665158120969, 19.28605858843332 ], [ 139.436209471290482, 19.272205727512727 ], [ 139.436013613338417, 19.271708968994233 ], [ 139.435620753495442, 19.270713740547109 ], [ 139.435424170689231, 19.270216334516704 ], [ 139.434642266827751, 19.268240261379304 ], [ 139.434414700578174, 19.26766593273689 ], [ 139.433958913373573, 19.266517205305135 ], [ 139.433730865987087, 19.265943244485456 ], [ 139.431948764024725, 19.261464017251001 ], [ 139.431265637200255, 19.259754004943787 ], [ 139.42989426910637, 19.256335140454667 ], [ 139.429206336303906, 19.254627055394607 ], [ 139.426449523027401, 19.247809615122037 ], [ 139.425758225861756, 19.246106911605011 ], [ 139.424370415462619, 19.242702367021252 ], [ 139.423674350990865, 19.241001621328081 ], [ 139.419844448663156, 19.231680664531552 ], [ 139.419365080334643, 19.230517132460051 ], [ 139.418403556679465, 19.228189649233286 ], [ 139.417921793456372, 19.227026647761804 ], [ 139.415989197144228, 19.222373818996857 ], [ 139.41550524587123, 19.221211811276589 ], [ 139.414534818927365, 19.218888019766894 ], [ 139.41404886126648, 19.217727472545093 ], [ 139.408353267689989, 19.204160928784177 ], [ 139.407639621472214, 19.20246759710237 ], [ 139.406206744246361, 19.199080934637763 ], [ 139.405488095999232, 19.197388986113197 ], [ 139.402602399981362, 19.190621238779627 ], [ 139.401878979032432, 19.188931139260973 ], [ 139.400426945347959, 19.185551890807744 ], [ 139.399698925265767, 19.183864118734618 ], [ 139.393850530578476, 19.170356790833466 ], [ 139.393117814236035, 19.168670877659338 ], [ 139.391646800360803, 19.165299111565275 ], [ 139.390909099975744, 19.163614633708775 ], [ 139.387947203501, 19.156876882362596 ], [ 139.387204753796965, 19.155194302075756 ], [ 139.385714676991569, 19.151830146044858 ], [ 139.38496765783205, 19.15014994086755 ], [ 139.378967228255902, 19.136703394546345 ], [ 139.378215538916862, 19.135025096830972 ], [ 139.376706579045759, 19.131668617413183 ], [ 139.375949923650893, 19.129991805377927 ], [ 139.372912213428236, 19.123284830630865 ], [ 139.372150833894153, 19.121609965628011 ], [ 139.370622908221236, 19.118261292325172 ], [ 139.369856988010071, 19.116588848296928 ], [ 139.363705305955733, 19.103204642080897 ], [ 139.362934739846679, 19.101534153179017 ], [ 139.361388032732208, 19.098193350742903 ], [ 139.360612520352021, 19.096524397883087 ], [ 139.357499392083611, 19.08984897854792 ], [ 139.35671917984692, 19.088182022182977 ], [ 139.355153605855065, 19.084849219216665 ], [ 139.354368882618616, 19.083184729691865 ], [ 139.348066747582749, 19.069864415810457 ], [ 139.347277406328175, 19.068201929975416 ], [ 139.345693150718972, 19.06487718943103 ], [ 139.34489888207807, 19.063216290899604 ], [ 139.34171073866051, 19.056573199493755 ], [ 139.340911796243262, 19.054914345121404 ], [ 139.339308775380545, 19.051597797400859 ], [ 139.338505350741713, 19.049941456633292 ], [ 139.332053577511573, 19.036686576524858 ], [ 139.33124556183364, 19.035032286211489 ], [ 139.329623963675573, 19.031723993367905 ], [ 139.3288110412972, 19.030071340720383 ], [ 139.325548294618926, 19.023461346164765 ], [ 139.324730723644819, 19.021810785339767 ], [ 139.323090461856196, 19.018510878674505 ], [ 139.322268441036073, 19.016862877320278 ], [ 139.315667859684623, 19.003674965227773 ], [ 139.314841273905955, 19.002029061092657 ], [ 139.313182540941995, 18.998737599061201 ], [ 139.312351069147468, 18.997093383853041 ], [ 139.309014137393348, 18.990517251470578 ], [ 139.308178043982679, 18.988875174849667 ], [ 139.306500752608798, 18.98559229055229 ], [ 139.305660239029663, 18.983952819267515 ], [ 139.298911695819044, 18.97083340044145 ], [ 139.298066645160446, 18.969196074039957 ], [ 139.296370990529596, 18.965921823234012 ], [ 139.295521075437961, 18.964286235221962 ], [ 139.29211038668555, 18.957744725838893 ], [ 139.291255876957422, 18.956111323179641 ], [ 139.289541770037459, 18.952845840763345 ], [ 139.288682872517171, 18.951215089305379 ], [ 139.28178722809858, 18.938165681801124 ], [ 139.280922710715032, 18.936535033765139 ], [ 139.279188117238533, 18.933274204441432 ], [ 139.278318746214126, 18.931645350552685 ], [ 139.274830221138728, 18.92513090356897 ], [ 139.273956270766035, 18.923504289891525 ], [ 139.272203287052463, 18.920252441197562 ], [ 139.271324969572476, 18.918628529983266 ], [ 139.264273889029624, 18.905634102532304 ], [ 139.263390629774591, 18.904011610447796 ], [ 139.261618552554779, 18.900767148785263 ], [ 139.260730454947321, 18.899146502109559 ], [ 139.257167034331502, 18.892664996392895 ], [ 139.256273742240325, 18.891045481963843 ], [ 139.254482080484337, 18.887807888423552 ], [ 139.253583436526952, 18.886189320980634 ], [ 139.246003880175778, 18.872581292393122 ], [ 139.245331247539781, 18.871374878847874 ], [ 139.244429012589563, 18.869762058972356 ], [ 139.242646065264495, 18.86658523711931 ], [ 139.241752614891794, 18.864998386066972 ], [ 139.238207698726825, 18.858722212660396 ], [ 139.237319798071127, 18.857155120612802 ], [ 139.235539191680829, 18.854022325070346 ], [ 139.234647208102984, 18.852457888720991 ], [ 139.227556393713286, 18.840059517532964 ], [ 139.226668808718983, 18.838512263630363 ], [ 139.224888446045867, 18.835418289123012 ], [ 139.223996393219778, 18.833872830267367 ], [ 139.220417876584946, 18.827692096513417 ], [ 139.219521645507854, 18.826148870674032 ], [ 139.217724481700401, 18.82306381834097 ], [ 139.216824299002411, 18.821523277877418 ], [ 139.209349203403718, 18.808768898366296 ], [ 139.20841349208925, 18.807177274611902 ], [ 139.206536553020015, 18.803994713285604 ], [ 139.205596090587989, 18.802405073435807 ], [ 139.201823298806431, 18.796047925971365 ], [ 139.200878383830656, 18.794460707096277 ], [ 139.198983555447654, 18.7912878467572 ], [ 139.198034416355796, 18.789703499417115 ], [ 139.190416756628935, 18.77702657941343 ], [ 139.189463255825245, 18.775444651250041 ], [ 139.187550749468215, 18.772281538662355 ], [ 139.186592522727238, 18.770701643866218 ], [ 139.182748694397475, 18.764383587233141 ], [ 139.182100351550417, 18.763320110135467 ], [ 139.17678030946459, 18.754781032019409 ], [ 139.172973893830914, 18.748522906207526 ], [ 139.172185040008657, 18.747227196278487 ], [ 139.171489024100282, 18.746085068071721 ], [ 139.171129103725804, 18.745495174862597 ], [ 139.169236427419975, 18.742415622783128 ], [ 139.168586901964687, 18.741365186754479 ], [ 139.166658928168175, 18.73826618953332 ], [ 139.166006590532533, 18.737224001187215 ], [ 139.165676932344837, 18.736697874407739 ], [ 139.163071925530147, 18.732544515617334 ], [ 139.162575657141616, 18.731754482783685 ], [ 139.160605612160083, 18.728623075794516 ], [ 139.160109600078528, 18.727835862335468 ], [ 139.157537230559711, 18.723759477418383 ], [ 139.153632593669982, 18.717646131663969 ], [ 139.151996292495795, 18.715001621228268 ], [ 139.146903389480741, 18.706900836704548 ], [ 139.145569090541841, 18.704811892355323 ], [ 139.144901135280264, 18.703768280382306 ], [ 139.142223951574948, 18.699593872059822 ], [ 139.141554130219589, 18.698551549714765 ], [ 139.140212152869282, 18.69646749677797 ], [ 139.139540725325418, 18.695426894835578 ], [ 139.131501141464724, 18.68299108487102 ], [ 139.130494996147974, 18.681439333458684 ], [ 139.128477234037774, 18.678336744345771 ], [ 139.127466438326024, 18.676787171091519 ], [ 139.123412406958181, 18.670590737872544 ], [ 139.122397280111244, 18.669043765457673 ], [ 139.120362112522656, 18.665951603983771 ], [ 139.119342901854253, 18.664407674874596 ], [ 139.111164649729318, 18.652055110655269 ], [ 139.11014120235572, 18.650513776989598 ], [ 139.10808884872219, 18.647432080026917 ], [ 139.107060778832334, 18.645892973082439 ], [ 139.102937672336026, 18.639738513921657 ], [ 139.101905301889218, 18.638202051883695 ], [ 139.09983566868155, 18.635130960625773 ], [ 139.09879925128476, 18.633597583262386 ], [ 139.090483339035274, 18.621329687515299 ], [ 139.089006408519964, 18.619159845550698 ], [ 139.086042748475137, 18.61482391719052 ], [ 139.084556988414903, 18.612659249924818 ], [ 139.078594098339323, 18.604007485857167 ], [ 139.077099892746475, 18.60184841507278 ], [ 139.074102048571802, 18.59753458035685 ], [ 139.072599633966803, 18.595381573701047 ], [ 139.060536353770345, 18.578164198819152 ], [ 139.05902558176561, 18.576016620470753 ], [ 139.055993823257182, 18.571724670757433 ], [ 139.054474069723057, 18.569582049472416 ], [ 139.048374844224355, 18.561018071826979 ], [ 139.046846496769462, 18.558880825789586 ], [ 139.043780440815254, 18.554610780863058 ], [ 139.04224373775881, 18.552479378620617 ], [ 139.033545786309588, 18.540463835338144 ], [ 139.033243107783875, 18.540046008516825 ], [ 139.032636240770699, 18.539208940240798 ], [ 139.032332724975987, 18.538790628685092 ], [ 139.031116498028297, 18.537115734004374 ], [ 139.030812443540498, 18.536697346905356 ], [ 139.030203839935467, 18.535860562815159 ], [ 139.02989953903321, 18.535442508465266 ], [ 139.027460688261129, 18.532094582499298 ], [ 139.027155953884545, 18.531676585706208 ], [ 139.026545824130977, 18.530840357396855 ], [ 139.026240677865843, 18.530422466723863 ], [ 139.025018778894406, 18.528750434585163 ], [ 139.024713290886638, 18.52833274086359 ], [ 139.024101821142636, 18.527497347125049 ], [ 139.023796056143539, 18.527079942985353 ], [ 139.021818697875034, 18.524382744867879 ], [ 139.021485766155507, 18.523929001822253 ], [ 139.020819247110836, 18.523021409610564 ], [ 139.020485883717782, 18.522567867113665 ], [ 139.019151030795712, 18.520753359880132 ], [ 139.018817306774309, 18.520300109662685 ], [ 139.018149290357911, 18.519393623617347 ], [ 139.017815269559861, 18.518940757410419 ], [ 139.015139155148546, 18.515315547974481 ], [ 139.014804841171525, 18.514863051389042 ], [ 139.01413546138329, 18.513957827991817 ], [ 139.013800669865674, 18.513505469901816 ], [ 139.012460008223258, 18.511695577089654 ], [ 139.012124974788577, 18.511243670459137 ], [ 139.0114543395471, 18.510339874285947 ], [ 139.011119294420524, 18.509888733878256 ], [ 139.004260443965023, 18.500660648270767 ], [ 139.003707233202846, 18.499917359498909 ], [ 139.002598832270479, 18.498430243261637 ], [ 139.002044259935047, 18.497687244970834 ], [ 138.999822360713807, 18.494714619584457 ], [ 138.999266669621562, 18.493972222940215 ], [ 138.998153939353102, 18.492487743514957 ], [ 138.997597355234035, 18.491746265078447 ], [ 138.993136072172575, 18.485811217114247 ], [ 138.992578390880936, 18.485070336726977 ], [ 138.991461378940045, 18.483588490516794 ], [ 138.990902503348281, 18.482848129038189 ], [ 138.988663722953532, 18.479886513152323 ], [ 138.988103732202063, 18.479146759615674 ], [ 138.986982404414817, 18.477667573600044 ], [ 138.986421356961074, 18.476928523333186 ], [ 138.984394275176527, 18.474262066741304 ], [ 138.983832219582183, 18.473523771005475 ], [ 138.98270679538328, 18.472047542860238 ], [ 138.982143717259333, 18.471309991763064 ], [ 138.979888459485466, 18.468360076956415 ], [ 138.979324437073757, 18.467623360429869 ], [ 138.978195048663423, 18.466150254730579 ], [ 138.977630144016445, 18.465414465405644 ], [ 138.973102937950586, 18.459525898002184 ], [ 138.972537112398669, 18.458790936952468 ], [ 138.971403811936653, 18.457320947404256 ], [ 138.97083679838002, 18.456586516954644 ], [ 138.968565467922787, 18.45364866115689 ], [ 138.967997516373003, 18.452915069774761 ], [ 138.9668602732838, 18.451448220659344 ], [ 138.966291614866719, 18.45071577951002 ], [ 138.959070310647149, 18.441741025728092 ], [ 138.958505209947845, 18.441007194226927 ], [ 138.957398013208405, 18.439520413436711 ], [ 138.956821288771749, 18.438794149730469 ], [ 138.955248012986289, 18.43672625041664 ], [ 138.954568460067009, 18.435849335878501 ], [ 138.953999857407922, 18.43511611141993 ], [ 138.952861817519107, 18.433649617536275 ], [ 138.952292844339951, 18.432916946160617 ], [ 138.947734376940758, 18.427050995807249 ], [ 138.947164812007685, 18.426318567248373 ], [ 138.946024538202693, 18.424853269463043 ], [ 138.945454294280836, 18.424120998285844 ], [ 138.943171047806374, 18.421191036737255 ], [ 138.942595473602779, 18.4204628574753 ], [ 138.941432750022074, 18.419014691774876 ], [ 138.94085126367608, 18.418290959660467 ], [ 138.938751109277206, 18.415678862589729 ], [ 138.938168830627689, 18.414955146662905 ], [ 138.937003455845485, 18.413507709413551 ], [ 138.936420660985647, 18.412784361309477 ], [ 138.934087516526148, 18.409890530923661 ], [ 138.933504284595671, 18.409167640574665 ], [ 138.932336974472804, 18.407721817608248 ], [ 138.93159890176824, 18.406808413078096 ], [ 138.927163400471414, 18.401148001879136 ], [ 138.926581181176772, 18.4004246483792 ], [ 138.925415091433962, 18.398977907204866 ], [ 138.924831696726216, 18.398255109486129 ], [ 138.922494838067365, 18.395363849362539 ], [ 138.921910524251899, 18.394641908697423 ], [ 138.920740564725662, 18.39319838979408 ], [ 138.920155570124194, 18.392477615549879 ], [ 138.912891030997145, 18.383538832850959 ], [ 138.912305488708085, 18.382819298771892 ], [ 138.911132404936808, 18.381379771959118 ], [ 138.910545517262705, 18.380660582320431 ], [ 138.908194339598055, 18.377783341728332 ], [ 138.907606363743213, 18.377064798702008 ], [ 138.906429083735503, 18.375628081371133 ], [ 138.905840258921359, 18.374910491626352 ], [ 138.901120936982437, 18.369166909325557 ], [ 138.90053104647123, 18.36844996169647 ], [ 138.899349617891204, 18.367016047552966 ], [ 138.898758560060429, 18.366299666496801 ], [ 138.896391053405722, 18.363434107198501 ], [ 138.895798911890694, 18.362718378150916 ], [ 138.894613300563975, 18.361287296871481 ], [ 138.894020137419858, 18.36057231426112 ], [ 138.891877854280352, 18.357993607219626 ], [ 138.891283130812695, 18.357278710044739 ], [ 138.890092387954468, 18.355849334779478 ], [ 138.889496675231754, 18.355135225410507 ], [ 138.887110900648082, 18.352279198026849 ], [ 138.886514284108188, 18.351565961899979 ], [ 138.885319722727701, 18.350139871858019 ], [ 138.884722266220052, 18.34942759980423 ], [ 138.879934558033966, 18.343727496127343 ], [ 138.87933622019105, 18.343016090120713 ], [ 138.87813789334993, 18.341593278107794 ], [ 138.877538392683533, 18.34088245216391 ], [ 138.875137111089742, 18.338039146589452 ], [ 138.874536712000264, 18.337329197484792 ], [ 138.873334589120446, 18.335909687782305 ], [ 138.872733535325352, 18.335200918588029 ], [ 138.865269716325344, 18.326411072613396 ], [ 138.864668437698725, 18.325703900614926 ], [ 138.86346387495874, 18.324289141131317 ], [ 138.86286125993982, 18.323582341452266 ], [ 138.86044716930266, 18.320754734443639 ], [ 138.859843483190531, 18.320048602961108 ], [ 138.858634790763318, 18.318636735697297 ], [ 138.85803027817596, 18.317931575481921 ], [ 138.853185397388899, 18.312287600292848 ], [ 138.85257983529155, 18.311583102878316 ], [ 138.851367063539811, 18.310174122438255 ], [ 138.850760348511727, 18.309470214978646 ], [ 138.848330213969149, 18.306654615718415 ], [ 138.84772243054627, 18.305951381851187 ], [ 138.8465055452954, 18.304545317912485 ], [ 138.845896758229657, 18.303842850267543 ], [ 138.843700120964655, 18.301311637322343 ], [ 138.843089480396003, 18.300608946645852 ], [ 138.84186691322796, 18.299204010457132 ], [ 138.841255302291501, 18.298502128270982 ], [ 138.83880594294024, 18.295695068972563 ], [ 138.838193447969758, 18.294994078014483 ], [ 138.836967138723168, 18.293592507088846 ], [ 138.836353825369741, 18.29289249819054 ], [ 138.831439223742024, 18.287290667030888 ], [ 138.830825049736774, 18.286591543065583 ], [ 138.829595050571498, 18.285193328409704 ], [ 138.828979727232905, 18.284494807889345 ], [ 138.826515154951181, 18.281700793257428 ], [ 138.826002829167606, 18.281120663987821 ], [ 138.824665233314505, 18.279608335256953 ], [ 138.824048403611897, 18.27891190386174 ], [ 138.816387697834699, 18.270273869743519 ], [ 138.816013358630897, 18.269852096697164 ], [ 138.815291102303178, 18.269038990857084 ], [ 138.814812415661294, 18.268500662975612 ], [ 138.812938456045714, 18.266395424709586 ], [ 138.812492009199815, 18.26589436563269 ], [ 138.811619919524588, 18.26491656155055 ], [ 138.811183878733829, 18.264428131653304 ], [ 138.807570692334508, 18.260384614258967 ], [ 138.80692028464378, 18.25965776599331 ], [ 138.805617909839697, 18.258204404010371 ], [ 138.80496634741931, 18.257478340853211 ], [ 138.802620236535432, 18.254867676402554 ], [ 138.802031364956207, 18.254213239749589 ], [ 138.800852434693098, 18.2529047306693 ], [ 138.800262636812164, 18.252250948722676 ], [ 138.798673328811589, 18.250491525863723 ], [ 138.798112455826384, 18.24987110426855 ], [ 138.797176968442642, 18.248837133027664 ], [ 138.796615679071039, 18.248217256421611 ], [ 138.79427345775477, 18.245632576083054 ], [ 138.793498858186268, 18.244779238171432 ], [ 138.791947872996303, 18.243073466167971 ], [ 138.791171849801714, 18.242221431374318 ], [ 138.788063683092815, 18.238814506284712 ], [ 138.787286330700766, 18.237963853749278 ], [ 138.785729726546293, 18.236263329289727 ], [ 138.784951108807576, 18.235414150742869 ], [ 138.778711114227491, 18.228619798764939 ], [ 138.777931164592673, 18.227771947617612 ], [ 138.776368944171992, 18.226076570877453 ], [ 138.775587310107227, 18.22522973686317 ], [ 138.772456169317735, 18.22184305191557 ], [ 138.771673135007546, 18.220997519220518 ], [ 138.770105173316125, 18.219307247032162 ], [ 138.769320993269986, 18.218463312432277 ], [ 138.761444378256527, 18.210000218036143 ], [ 138.760808909204485, 18.209318316987279 ], [ 138.759535941331052, 18.207954189334842 ], [ 138.758899151175598, 18.207272722658331 ], [ 138.756348333909301, 18.204546608639362 ], [ 138.755710502338815, 18.203865859621843 ], [ 138.754433536079858, 18.202504817543698 ], [ 138.753794921199329, 18.201825078464807 ], [ 138.748677090775601, 18.196384868966803 ], [ 138.748037539701187, 18.195705928486078 ], [ 138.74675678819554, 18.194348138356148 ], [ 138.746116110270606, 18.193669841790211 ], [ 138.743550119643345, 18.190956832692123 ], [ 138.742908568476565, 18.190279434548685 ], [ 138.741624164823889, 18.18892509871462 ], [ 138.74098197603783, 18.188248859797497 ], [ 138.733788444681551, 18.180683765443874 ], [ 138.732841401010688, 18.179689739390398 ], [ 138.730944280254818, 18.177702465197015 ], [ 138.729994950507574, 18.176710000366697 ], [ 138.72619157008549, 18.172741646509976 ], [ 138.725240225856595, 18.171750993813575 ], [ 138.72333497343098, 18.169770964558879 ], [ 138.722381843147929, 18.168782393792654 ], [ 138.714741762423245, 18.16087358304982 ], [ 138.713786586182465, 18.15988672549237 ], [ 138.711873156221856, 18.157913756814864 ], [ 138.710915682213596, 18.156928450587856 ], [ 138.707079683381068, 18.152988723051649 ], [ 138.706120042007143, 18.152005073375804 ], [ 138.704198205183417, 18.150039069047935 ], [ 138.703236483677443, 18.149057199130837 ], [ 138.700094689518465, 18.145855920214743 ], [ 138.698800928421093, 18.14454116804059 ], [ 138.696209334993597, 18.141914539724681 ], [ 138.694912069237176, 18.140603237349907 ], [ 138.689713999502175, 18.135362792459432 ], [ 138.688413387369081, 18.134055037909974 ], [ 138.685807834664189, 18.131442145838733 ], [ 138.684504098286226, 18.130138214307635 ], [ 138.676552405169815, 18.122205943849735 ], [ 138.675172131989456, 18.120800939312304 ], [ 138.672394505702783, 18.117989693669628 ], [ 138.666808260693102, 18.112368031559939 ], [ 138.664007529924021, 18.109565627152392 ], [ 138.652749953248446, 18.098365041414027 ], [ 138.649928137874014, 18.095573414481919 ], [ 138.644266366000721, 18.090004207128686 ], [ 138.641427413145522, 18.087227618660023 ], [ 138.637919586820118, 18.083816505427791 ], [ 138.637074267263898, 18.082995874060842 ], [ 138.635381700005638, 18.081355529534321 ], [ 138.634534920850484, 18.080536269633512 ], [ 138.63114354773748, 18.077260633871589 ], [ 138.630295447477607, 18.076442856053333 ], [ 138.628597341294636, 18.074808239309149 ], [ 138.627748027849549, 18.073992066781003 ], [ 138.620941966699519, 18.067462404167017 ], [ 138.620091431075622, 18.066647757788218 ], [ 138.618387994611027, 18.065018966852136 ], [ 138.61753578804732, 18.064205486893897 ], [ 138.614122269127876, 18.060952570704686 ], [ 138.613268873660246, 18.06014069423783 ], [ 138.611560185155525, 18.058517892786753 ], [ 138.610706054042311, 18.057708069472213 ], [ 138.597003313352531, 18.044736863415935 ], [ 138.59528928197571, 18.043119698015758 ], [ 138.591853644231179, 18.039889210019183 ], [ 138.590133436309912, 18.038277205828606 ], [ 138.583237651597216, 18.031836904350001 ], [ 138.581511819315807, 18.030230487647231 ], [ 138.578053545634958, 18.027022422447075 ], [ 138.576322515272722, 18.02542207976559 ], [ 138.562439672752959, 18.012629776743211 ], [ 138.560703188902124, 18.011034989173837 ], [ 138.557222703765575, 18.007849354864064 ], [ 138.555480120711451, 18.006259808543717 ], [ 138.548494944286887, 17.999909531899632 ], [ 138.546746816013098, 17.998325645912118 ], [ 138.543244022294203, 17.99516272757829 ], [ 138.541490784072749, 17.993584982161664 ], [ 138.527430445059764, 17.980973907820058 ], [ 138.524902627954617, 17.978717533087845 ], [ 138.519833658597378, 17.974214950460038 ], [ 138.517294152104654, 17.971970207559323 ], [ 138.507109101504312, 17.963010925713846 ], [ 138.504558577417271, 17.960778221138312 ], [ 138.499444846103671, 17.956323579569812 ], [ 138.49688372530423, 17.954103453811726 ], [ 138.476333985426123, 17.936374636280888 ], [ 138.473763333611515, 17.934167431082543 ], [ 138.468608072505418, 17.929762688397645 ], [ 138.466025562230726, 17.927566950454889 ], [ 138.4556680846147, 17.918803439327448 ], [ 138.453077564978031, 17.916622228133733 ], [ 138.448863680015648, 17.913091537444942 ], [ 138.447636277193254, 17.912058014965609 ], [ 138.446374855715391, 17.910998386067035 ], [ 138.441305449287512, 17.906750022895736 ], [ 138.440037487940486, 17.905689944335862 ], [ 138.4374982593379, 17.903572107467326 ], [ 138.436228029001001, 17.902515213406517 ], [ 138.426035505035628, 17.894054333141312 ], [ 138.424761274513997, 17.892999059659203 ], [ 138.422208822280055, 17.890890281661655 ], [ 138.420931639284078, 17.889837637797129 ], [ 138.415815007657244, 17.885630596675085 ], [ 138.41453506014571, 17.884580695743026 ], [ 138.411971876301692, 17.882483253699505 ], [ 138.410689290179135, 17.881436244987071 ], [ 138.406229649279368, 17.877804429131544 ], [ 138.405729754824648, 17.877397699044778 ], [ 138.404728969467129, 17.876584190308492 ], [ 138.40422851653355, 17.876177769588836 ], [ 138.402224782947911, 17.87455203814639 ], [ 138.401723928017674, 17.874146047302602 ], [ 138.400721555356, 17.87333429134469 ], [ 138.400220446816803, 17.872928856282101 ], [ 138.396206201455897, 17.86968400431364 ], [ 138.395704815026278, 17.869279087260338 ], [ 138.394701105971905, 17.868469258549752 ], [ 138.394199193438595, 17.86806467694349 ], [ 138.392189681709311, 17.866446362210255 ], [ 138.391687596505591, 17.866042395740195 ], [ 138.390682764198715, 17.865234689429826 ], [ 138.390180851665406, 17.864831620483429 ], [ 138.379908405848852, 17.8565892916629 ], [ 138.379266733273965, 17.856075011652862 ], [ 138.377828121970452, 17.854923463947131 ], [ 138.377338531049219, 17.85453209158311 ], [ 138.374763876352318, 17.852475990474886 ], [ 138.374178575981119, 17.852009079555714 ], [ 138.373022003763396, 17.851087456121618 ], [ 138.372322857314572, 17.850531063558122 ], [ 138.366885620075806, 17.846209592698742 ], [ 138.366023261065294, 17.845524901953041 ], [ 138.36473065919327, 17.844499644243555 ], [ 138.363899555221138, 17.843841497887297 ], [ 138.36223615117845, 17.842526296951405 ], [ 138.361404076837204, 17.841869422236428 ], [ 138.359225118445266, 17.840151918576609 ], [ 138.358680356813721, 17.839722958148357 ], [ 138.357590096106406, 17.838865325075176 ], [ 138.35702427055449, 17.83842069845663 ], [ 138.355176746510523, 17.83697052277185 ], [ 138.353711044929611, 17.835821467986662 ], [ 138.351913839752484, 17.834414261009769 ], [ 138.351154793059692, 17.833820804686752 ], [ 138.349678206084519, 17.832667973648469 ], [ 138.348939710699852, 17.832092191701733 ], [ 138.345983147205203, 17.82979018626834 ], [ 138.345244010603864, 17.829215470917475 ], [ 138.343764533207803, 17.828066685029725 ], [ 138.343024795857929, 17.827493081241087 ], [ 138.337098816657686, 17.822904135817609 ], [ 138.336358460575838, 17.822331587832764 ], [ 138.334876145817958, 17.821186827310655 ], [ 138.334134789689557, 17.820615080621906 ], [ 138.331166181574673, 17.818328759365144 ], [ 138.330424191424385, 17.817758082869389 ], [ 138.328939011427252, 17.816617378289706 ], [ 138.328196733493115, 17.816048049878091 ], [ 138.317736068564983, 17.808035166889681 ], [ 138.316992188939167, 17.807466099281172 ], [ 138.31550221375656, 17.806327838159547 ], [ 138.314757031911796, 17.805759343419382 ], [ 138.311772503099718, 17.803485582094382 ], [ 138.311026383261805, 17.802917930018808 ], [ 138.309532945689426, 17.801783281473732 ], [ 138.308786236795783, 17.80121674815463 ], [ 138.302803245973365, 17.796683520228612 ], [ 138.302055621570531, 17.796117818782747 ], [ 138.300558770171875, 17.794986768425019 ], [ 138.299810152916763, 17.794421880865357 ], [ 138.29681249939793, 17.792163032098657 ], [ 138.296062949546155, 17.791598991700269 ], [ 138.294562652844689, 17.790471574603885 ], [ 138.293812209966092, 17.789908426333113 ], [ 138.29234983767563, 17.788812552058047 ], [ 138.291599312958766, 17.788250902057939 ], [ 138.290097280565902, 17.787128424037903 ], [ 138.289346075961163, 17.786567822647342 ], [ 138.286338702569338, 17.784326593397864 ], [ 138.285586881030355, 17.78376707299239 ], [ 138.284082048148861, 17.782648699478059 ], [ 138.283329651043886, 17.782090302326083 ], [ 138.277302389294533, 17.77762317726831 ], [ 138.276549396837964, 17.777065849409951 ], [ 138.27504181652742, 17.775951560616448 ], [ 138.274287842910013, 17.775395054738269 ], [ 138.27126877653339, 17.773169762374735 ], [ 138.27051419137743, 17.772614339280736 ], [ 138.269003836658811, 17.771504166684394 ], [ 138.26824899429667, 17.770950097969035 ], [ 138.257615303404151, 17.763155060457919 ], [ 138.256859204689391, 17.762601533134742 ], [ 138.255344790429973, 17.761494400246804 ], [ 138.254587402987084, 17.760941473670457 ], [ 138.251554061670987, 17.758730060544238 ], [ 138.250795756919302, 17.758177993719798 ], [ 138.249277964807305, 17.757074542656483 ], [ 138.248519096180331, 17.756523607179147 ], [ 138.242438812201982, 17.752115351742376 ], [ 138.241679047850113, 17.75156526612443 ], [ 138.240157924649026, 17.750465480697798 ], [ 138.23939718633207, 17.749916228751289 ], [ 138.236351066549247, 17.747719988087468 ], [ 138.235589414520774, 17.747171602188118 ], [ 138.234064931452195, 17.746075518370802 ], [ 138.233302407980688, 17.745528042585207 ], [ 138.231815120871516, 17.744461698448845 ], [ 138.23105220979258, 17.743915478117302 ], [ 138.229525422660487, 17.742823881917019 ], [ 138.228761855975137, 17.742278724583699 ], [ 138.225705057642728, 17.740099327322469 ], [ 138.224940897404878, 17.739555264464229 ], [ 138.22341140241511, 17.738467830326471 ], [ 138.222646691792107, 17.73792490331202 ], [ 138.216520925500646, 17.733581703033479 ], [ 138.215755643808762, 17.733039857004101 ], [ 138.214223492220668, 17.731956566043166 ], [ 138.213457247354796, 17.731415562678393 ], [ 138.210389113068089, 17.729252346019265 ], [ 138.209622280943705, 17.72871243802912 ], [ 138.208087447578777, 17.727633321720631 ], [ 138.207320387925989, 17.727094773505186 ], [ 138.196517978822413, 17.719520596898391 ], [ 138.19575001535182, 17.718982854475357 ], [ 138.194211870681698, 17.717907336354756 ], [ 138.193442632872433, 17.717370219860186 ], [ 138.190361898183738, 17.715222126200615 ], [ 138.189591762849915, 17.714685888343297 ], [ 138.188050325762703, 17.713614117697901 ], [ 138.187279652634544, 17.713079021979766 ], [ 138.181104920056583, 17.708797676172111 ], [ 138.180333370089471, 17.708263447400668 ], [ 138.178788687348657, 17.707195409840764 ], [ 138.178016183201322, 17.706662035425026 ], [ 138.17492302078179, 17.704529366937166 ], [ 138.174149623607235, 17.703996875655704 ], [ 138.172601666434645, 17.702932607154466 ], [ 138.171827418501692, 17.702401043074062 ], [ 138.170316545772636, 17.701365220129134 ], [ 138.169541599066434, 17.70083468757116 ], [ 138.167990760466154, 17.699774486703618 ], [ 138.167215181535909, 17.69924503063406 ], [ 138.164110364802156, 17.697128491487092 ], [ 138.163334216601157, 17.696600141583531 ], [ 138.161780762773191, 17.695544160335132 ], [ 138.161004090267312, 17.695016957966615 ], [ 138.154782634312113, 17.690799726626466 ], [ 138.1540054150191, 17.690273618733045 ], [ 138.152449397222341, 17.689221834620255 ], [ 138.151671233641451, 17.688696589176672 ], [ 138.148555441581578, 17.686596466254173 ], [ 138.147776715023753, 17.686072328775154 ], [ 138.146218108080433, 17.685024775073771 ], [ 138.145439184571529, 17.684502001866122 ], [ 138.13447240817564, 17.677151647630808 ], [ 138.133692937879147, 17.676629926630184 ], [ 138.132131782256948, 17.675586494521283 ], [ 138.13135105290965, 17.675065424630048 ], [ 138.128224362864813, 17.67298159292659 ], [ 138.127442756678789, 17.672461418759738 ], [ 138.125878393174304, 17.671421800675674 ], [ 138.125096275273819, 17.670902779440084 ], [ 138.118829974624333, 17.666750220147037 ], [ 138.118046999670042, 17.666232084743299 ], [ 138.11647947774614, 17.665196262697563 ], [ 138.115695567496715, 17.664678998737187 ], [ 138.112556804953471, 17.662610838619713 ], [ 138.111772023260897, 17.66209447667913 ], [ 138.110201313240538, 17.661062488443463 ], [ 138.109415701474319, 17.660547070791083 ], [ 138.107882605598462, 17.659542699836152 ], [ 138.107095978497142, 17.659028105063484 ], [ 138.105521799791887, 17.657999796853531 ], [ 138.104734565648329, 17.657486292058934 ], [ 138.101583153240227, 17.655433605676635 ], [ 138.100795375007266, 17.654921218739673 ], [ 138.099218674602895, 17.653897185906558 ], [ 138.098430396346004, 17.653385957296535 ], [ 138.092116106074201, 17.649296681496779 ], [ 138.091327305311808, 17.648786557254198 ], [ 138.089748134469716, 17.64776677641612 ], [ 138.088958408304819, 17.647257535307276 ], [ 138.085796388393845, 17.645221496275326 ], [ 138.085006124434329, 17.644713374822686 ], [ 138.083424459771976, 17.643697877455239 ], [ 138.082634028538251, 17.643191124770979 ], [ 138.071507278938526, 17.636067498616598 ], [ 138.070716666041591, 17.635562026566603 ], [ 138.069133225218508, 17.634551138224865 ], [ 138.068341367660679, 17.634046343364375 ], [ 138.065170179160788, 17.632027688227637 ], [ 138.064377465448075, 17.631523807078565 ], [ 138.062790904877062, 17.630516795713774 ], [ 138.061997705530331, 17.630014076488592 ], [ 138.055642753310764, 17.625992126635609 ], [ 138.054848718494014, 17.625490309430575 ], [ 138.05325908493964, 17.624487157956153 ], [ 138.052464135512452, 17.623986231979544 ], [ 138.049281232443519, 17.62198348584954 ], [ 138.048485431358046, 17.621483479879046 ], [ 138.046892698740265, 17.620484224267997 ], [ 138.046096089164081, 17.619985177873914 ], [ 138.044542160493194, 17.619013128553419 ], [ 138.043744213625502, 17.618514712584116 ], [ 138.042147415171854, 17.617518782666025 ], [ 138.04134888554367, 17.617021470165156 ], [ 138.038152321773367, 17.615033603318565 ], [ 138.037353272336617, 17.614537419466686 ], [ 138.035754048411405, 17.613545817985582 ], [ 138.034954525032362, 17.613050803252378 ], [ 138.028550290863592, 17.609091405744039 ], [ 138.027750269260508, 17.608597507069717 ], [ 138.026148669326545, 17.607610208844321 ], [ 138.025347743004687, 17.607117211290429 ], [ 138.022140942251127, 17.605146213926886 ], [ 138.021339503316, 17.604654347720455 ], [ 138.019735503991257, 17.603671386026022 ], [ 138.018933927459358, 17.603180892184923 ], [ 138.007651643709011, 17.596286840465737 ], [ 138.006850255135447, 17.5957978394989 ], [ 138.005245265657237, 17.594819939189193 ], [ 138.004442647711102, 17.594331639693777 ], [ 138.001228432946874, 17.59237904515723 ], [ 138.000424980429131, 17.591891677359385 ], [ 137.99881695933621, 17.590917715180922 ], [ 137.99801304726455, 17.590431518300292 ], [ 137.991572395050326, 17.586541937860517 ], [ 137.990767668193968, 17.586056660087181 ], [ 137.989156662250849, 17.585086618053097 ], [ 137.988351041467951, 17.584602249494324 ], [ 137.985125476360594, 17.582665795090747 ], [ 137.984319023705183, 17.582182362726385 ], [ 137.9827050077308, 17.581216278608608 ], [ 137.981897770866425, 17.580733822008781 ], [ 137.980324425832436, 17.579794901014324 ], [ 137.97951552432292, 17.579312898571743 ], [ 137.977896835471512, 17.578349814592414 ], [ 137.977087375482171, 17.5778689282089 ], [ 137.973847120848319, 17.575946816192868 ], [ 137.973037166232672, 17.575467069250251 ], [ 137.971416149037083, 17.574508364070113 ], [ 137.970605746558277, 17.57402979703771 ], [ 137.96411449398957, 17.570202141216257 ], [ 137.963303618467904, 17.569724700135097 ], [ 137.961680320591, 17.568770349472246 ], [ 137.96086856013622, 17.568293828397557 ], [ 137.957618443536632, 17.566388800802869 ], [ 137.956806195650273, 17.565913420967988 ], [ 137.955180594609288, 17.564963457198118 ], [ 137.954368239702745, 17.564489453326061 ], [ 137.942934904023019, 17.557827764839885 ], [ 137.942123111193524, 17.557355449894501 ], [ 137.940497315899592, 17.556410964794594 ], [ 137.939684310782837, 17.555939375602193 ], [ 137.936428560830194, 17.554053696921073 ], [ 137.935614740928401, 17.553583054714622 ], [ 137.933986004851164, 17.552642568000337 ], [ 137.933171753274365, 17.552173106604002 ], [ 137.926648385915286, 17.548417598893323 ], [ 137.92583333843848, 17.547949071892489 ], [ 137.924201707443359, 17.54701256377929 ], [ 137.923385787624539, 17.546544963979343 ], [ 137.920119054251842, 17.544675648462743 ], [ 137.919302325043105, 17.544209001944338 ], [ 137.917667773949375, 17.543276511102462 ], [ 137.916850281216313, 17.542810855636631 ], [ 137.915258962331819, 17.541905805808838 ], [ 137.914439474003615, 17.541440443522177 ], [ 137.912799633996798, 17.54051065963958 ], [ 137.911979612370118, 17.540046425102901 ], [ 137.908697145357593, 17.538190972635675 ], [ 137.907876655184197, 17.537727888331801 ], [ 137.90623458306041, 17.536802531811674 ], [ 137.905413671104753, 17.536340636411524 ], [ 137.898838362501209, 17.532646524517986 ], [ 137.898017001783984, 17.532185765860802 ], [ 137.896372746105527, 17.531264810623043 ], [ 137.895550521140621, 17.530804990857845 ], [ 137.892258572575855, 17.528966828756566 ], [ 137.891435885358561, 17.528508161023254 ], [ 137.889789424542784, 17.52759164124177 ], [ 137.888966661782462, 17.527134350370105 ], [ 137.877386800461267, 17.520707756358306 ], [ 137.876725056816809, 17.520340930989292 ], [ 137.875399586522605, 17.519607095891004 ], [ 137.87473682574435, 17.519240622157511 ], [ 137.872082680871841, 17.517774834241578 ], [ 137.871582961784753, 17.517499142571737 ], [ 137.870091774316762, 17.516677610983379 ], [ 137.869426346149709, 17.516311496079112 ], [ 137.863814349053342, 17.513227659629266 ], [ 137.862856751838848, 17.51270217136836 ], [ 137.8612889385345, 17.51184282778469 ], [ 137.860463293446998, 17.511391011986049 ], [ 137.858811183990127, 17.51048834356267 ], [ 137.857984943551202, 17.510037614144963 ], [ 137.856092638664819, 17.509006938919441 ], [ 137.855619633040106, 17.508749536761897 ], [ 137.854673160438921, 17.508234944687345 ], [ 137.854182098225721, 17.507968205768393 ], [ 137.852582735805441, 17.507100302437507 ], [ 137.85131237596616, 17.506411685251479 ], [ 137.849390250460289, 17.505370920532087 ], [ 137.848545960628286, 17.504914519989484 ], [ 137.846885715004106, 17.50401847237471 ], [ 137.846055505857436, 17.503571108220285 ], [ 137.842732320241424, 17.501783188543612 ], [ 137.841901667728422, 17.501336984514509 ], [ 137.840239288912841, 17.500445411926663 ], [ 137.83940824159734, 17.500000406693644 ], [ 137.832751869004397, 17.496441577117366 ], [ 137.831920398109077, 17.495997716721646 ], [ 137.830255933765301, 17.495110592180524 ], [ 137.829423619305004, 17.494667689562661 ], [ 137.826091336147073, 17.492897259001566 ], [ 137.825258584616762, 17.492455517408573 ], [ 137.823592013161516, 17.491572874189259 ], [ 137.822759216665219, 17.491132512156199 ], [ 137.811037400056847, 17.484943682705151 ], [ 137.810205930959711, 17.484505349542673 ], [ 137.80854079122517, 17.483628919739274 ], [ 137.807708143117367, 17.483191361792251 ], [ 137.804373856268882, 17.481441956481504 ], [ 137.803540437441512, 17.481005376996933 ], [ 137.801872539486823, 17.480133058894026 ], [ 137.801038741145845, 17.479697675507623 ], [ 137.794359025748719, 17.476215176789424 ], [ 137.793524474675138, 17.475780759275011 ], [ 137.791853862566569, 17.474912532187986 ], [ 137.791018482318037, 17.474479076048922 ], [ 137.787673959386012, 17.472746458382872 ], [ 137.786837812016728, 17.472313986102122 ], [ 137.785164464169412, 17.471449889601104 ], [ 137.784327600039234, 17.471018438950253 ], [ 137.782704735635576, 17.470183109063569 ], [ 137.781865197821475, 17.469751677298589 ], [ 137.780185302011006, 17.468889788633263 ], [ 137.779345282159653, 17.468459506201711 ], [ 137.775982889699634, 17.466739960181471 ], [ 137.775142451663129, 17.466310847767957 ], [ 137.773460522485863, 17.465453478195641 ], [ 137.772619716627247, 17.465025571772813 ], [ 137.765885306262845, 17.46160370085056 ], [ 137.765044102004509, 17.461176949157192 ], [ 137.763360185324728, 17.460324071698935 ], [ 137.762518159086568, 17.459898293971378 ], [ 137.759147055792909, 17.458196429522005 ], [ 137.758304618563585, 17.457771823611225 ], [ 137.756618694597734, 17.456923471541202 ], [ 137.755776242979579, 17.456500246089902 ], [ 137.743917086405219, 17.450551789234098 ], [ 137.743076352492068, 17.450130738343233 ], [ 137.741392688522666, 17.449288916250666 ], [ 137.740550793584731, 17.448868663958152 ], [ 137.737179536507682, 17.447188555907601 ], [ 137.736336891534762, 17.446769297365577 ], [ 137.734650562873782, 17.445931642731566 ], [ 137.733807565367584, 17.445513586583289 ], [ 137.727054279132204, 17.442169900920717 ], [ 137.726210551376454, 17.441752825932667 ], [ 137.724521600291865, 17.440919314475295 ], [ 137.723677064945406, 17.440503217949527 ], [ 137.72029595039831, 17.438840097193037 ], [ 137.719450671311762, 17.438424998914982 ], [ 137.717759077120917, 17.43759567110375 ], [ 137.716913102858172, 17.437181608844426 ], [ 137.715276701858585, 17.436382000928901 ], [ 137.714427709471607, 17.435967843341743 ], [ 137.71272892520031, 17.435140519219999 ], [ 137.711879475957545, 17.4347275208588 ], [ 137.708479401003871, 17.433077158784243 ], [ 137.707629560556171, 17.432665339434251 ], [ 137.705928843641487, 17.431842577573292 ], [ 137.705078660552232, 17.431431971408756 ], [ 137.698269267413281, 17.428148671624172 ], [ 137.697418712903783, 17.427739228283258 ], [ 137.695716107413233, 17.426921000804057 ], [ 137.694864751607298, 17.426512550314456 ], [ 137.691456357924977, 17.424880052372828 ], [ 137.690604616311219, 17.424472781793966 ], [ 137.688900105156591, 17.423659121971241 ], [ 137.688048379729508, 17.423253231851504 ], [ 137.676056543475198, 17.417547692672088 ], [ 137.675206932354541, 17.417144107514972 ], [ 137.673505519365023, 17.416337261855531 ], [ 137.672654764306714, 17.415934497779219 ], [ 137.669248089228773, 17.414324419037058 ], [ 137.668396607517849, 17.413922664 ], [ 137.666692623366913, 17.41312003526177 ], [ 137.665840816101849, 17.412719489813057 ], [ 137.659017066185442, 17.409516072308989 ], [ 137.658164549355234, 17.409116521510683 ], [ 137.656458036309601, 17.408318089009057 ], [ 137.655604734371337, 17.407919531961241 ], [ 137.652188584036281, 17.406326632968089 ], [ 137.651334560842002, 17.405929089456208 ], [ 137.649625499118116, 17.405134891862119 ], [ 137.648770805029272, 17.404738397858978 ], [ 137.6471223773963, 17.40397500204503 ], [ 137.64626431444762, 17.403578311989648 ], [ 137.644547411534433, 17.402785943616777 ], [ 137.643688916911145, 17.402390422680241 ], [ 137.640252700002435, 17.400810023364116 ], [ 137.639393841153691, 17.400415690432297 ], [ 137.637675106322064, 17.399627924789357 ], [ 137.636815931810617, 17.399234813136445 ], [ 137.629934641471124, 17.396091631324012 ], [ 137.629075672904975, 17.395699942398807 ], [ 137.62735625728638, 17.394917252529623 ], [ 137.626496510806163, 17.394526569945569 ], [ 137.623054586800578, 17.392965208378058 ], [ 137.622166793163871, 17.392563197034022 ], [ 137.620390161777237, 17.391760151010388 ], [ 137.619499794280529, 17.391358427449845 ], [ 137.609193501579313, 17.386716472387548 ], [ 137.60763268410156, 17.386014259250842 ], [ 137.606731400634231, 17.385609282842523 ], [ 137.602450222100771, 17.383687865103298 ], [ 137.601171324997807, 17.383115387265548 ], [ 137.598611791501895, 17.381972640325444 ], [ 137.597332194725624, 17.38140283527288 ], [ 137.586131787053006, 17.376427971873781 ], [ 137.584732423063343, 17.375808154623101 ], [ 137.58193077858337, 17.37457078731245 ], [ 137.580529639332184, 17.373953742671461 ], [ 137.574919309579315, 17.371490076905843 ], [ 137.57351689059314, 17.370875994631746 ], [ 137.570709908635678, 17.369650442614187 ], [ 137.569306667669053, 17.369039550235371 ], [ 137.555439363636339, 17.363019444392208 ], [ 137.553118989550939, 17.362016872081355 ], [ 137.548472638602135, 17.360018967901297 ], [ 137.546148235553261, 17.35902431322161 ], [ 137.53683899422461, 17.355059861523841 ], [ 137.534511115296056, 17.354073284554744 ], [ 137.529850433651433, 17.352107674130096 ], [ 137.527519531202614, 17.35112943927254 ], [ 137.508841928912744, 17.343328337633196 ], [ 137.506507553281637, 17.342358018608067 ], [ 137.501832665945557, 17.34042442764553 ], [ 137.499494059903924, 17.339461946212126 ], [ 137.490127572230648, 17.335626077781413 ], [ 137.487785287062337, 17.334671588623124 ], [ 137.483095906251918, 17.332770223067641 ], [ 137.480750398812262, 17.331823988786482 ], [ 137.466716948628829, 17.326190655274814 ], [ 137.464963465792579, 17.325489364842511 ], [ 137.461452651019812, 17.324090567426126 ], [ 137.459696749006326, 17.323393630611918 ], [ 137.452665541681682, 17.320613418774627 ], [ 137.450907736703044, 17.319920999255217 ], [ 137.44738925251292, 17.318540340264704 ], [ 137.445630008618792, 17.317852661971202 ], [ 137.431535623970518, 17.312363959229643 ], [ 137.429774556251488, 17.311680740673964 ], [ 137.426248613083914, 17.310318124782015 ], [ 137.424485174751936, 17.309639285025341 ], [ 137.41742390309193, 17.306931536061981 ], [ 137.415658611256191, 17.306257232485805 ], [ 137.412125200118822, 17.304912834160163 ], [ 137.410358522428822, 17.304243286198911 ], [ 137.396204804109317, 17.29889983565927 ], [ 137.394436351156884, 17.298234766321713 ], [ 137.390895679792067, 17.296908487536783 ], [ 137.389124904790862, 17.296247820380955 ], [ 137.382034370990283, 17.29361284096035 ], [ 137.380261791948811, 17.292956729769543 ], [ 137.376713854960968, 17.291648744094573 ], [ 137.374939943124701, 17.290997402008884 ], [ 137.360728497323208, 17.285799808914476 ], [ 137.358952858788342, 17.285152963438804 ], [ 137.355397861223395, 17.283863171948127 ], [ 137.353619950101148, 17.283220752935918 ], [ 137.34650095815303, 17.280658841632729 ], [ 137.344721294253503, 17.280020995672857 ], [ 137.341159233412355, 17.278749571036172 ], [ 137.339378288878123, 17.278116509469626 ], [ 137.325110726279632, 17.273065361077983 ], [ 137.324339175413144, 17.272792666848474 ], [ 137.322793809187402, 17.272247460952045 ], [ 137.322021172839442, 17.271975364771791 ], [ 137.318927201930109, 17.270887727386835 ], [ 137.318153968431176, 17.27061639652986 ], [ 137.316606753199864, 17.270074455172463 ], [ 137.315833403689481, 17.26980406590522 ], [ 137.309638394996881, 17.267641915841963 ], [ 137.309154447320992, 17.26747319763048 ], [ 137.308004871827876, 17.267072979534831 ], [ 137.307455771866813, 17.266882063356675 ], [ 137.305174173849451, 17.266089793009925 ], [ 137.303341207131581, 17.265456063247214 ], [ 137.29986426442477, 17.264259155535782 ], [ 137.29812384603909, 17.263662501223692 ], [ 137.29314467308896, 17.261962567618795 ], [ 137.291900086920265, 17.261538905096657 ], [ 137.289409423506441, 17.260693592735393 ], [ 137.288164234792163, 17.260272243269853 ], [ 137.280037174776993, 17.257530259813919 ], [ 137.279022100090543, 17.25718859927477 ], [ 137.276990309455783, 17.256506396953114 ], [ 137.275974422682424, 17.256166133061029 ], [ 137.271907615544961, 17.254807303314706 ], [ 137.270891414007821, 17.254468590753063 ], [ 137.268857925453659, 17.25379247234487 ], [ 137.267841891191523, 17.253455481985341 ], [ 137.25346695043973, 17.248698920918898 ], [ 137.25167096834096, 17.248107179603039 ], [ 137.24807541404985, 17.246927707947762 ], [ 137.246277306853216, 17.246340459644799 ], [ 137.239077793206633, 17.243999456909847 ], [ 137.237278085215991, 17.243416834719355 ], [ 137.23367608008769, 17.242255939460506 ], [ 137.231875251542562, 17.241678137636157 ], [ 137.217449058427889, 17.237069685917618 ], [ 137.215646701035411, 17.236496448152977 ], [ 137.212038440222415, 17.235354022270727 ], [ 137.210234008093636, 17.234785300001803 ], [ 137.203009278356063, 17.232518474248565 ], [ 137.201203295796205, 17.231954394280237 ], [ 137.197588789192224, 17.230830609545094 ], [ 137.195781739136606, 17.230271361634536 ], [ 137.181305928626131, 17.22581153997092 ], [ 137.179497399186602, 17.225256871407751 ], [ 137.17587683924549, 17.224151619901434 ], [ 137.174066285431962, 17.223601488418311 ], [ 137.166817158885266, 17.221409095953405 ], [ 137.165005105901429, 17.220863622058914 ], [ 137.161378506114119, 17.219777075552102 ], [ 137.15956543959399, 17.219236444506564 ], [ 137.145041645756265, 17.214925757418214 ], [ 137.143227149314185, 17.214389721009184 ], [ 137.139594700336232, 17.213321768884938 ], [ 137.137778228982626, 17.212790290240022 ], [ 137.130505524910319, 17.210672578376901 ], [ 137.128687605649162, 17.210145772609721 ], [ 137.125049324566959, 17.209096586638552 ], [ 137.123230444829829, 17.208574633612855 ], [ 137.108660310725639, 17.204413567632187 ], [ 137.106840052327044, 17.203896224531562 ], [ 137.103196125302219, 17.202865693197694 ], [ 137.101373942353945, 17.202352926746713 ], [ 137.094078480937725, 17.200310134705049 ], [ 137.092254902242559, 17.199802056420182 ], [ 137.088605349058099, 17.198790350594578 ], [ 137.086780862947109, 17.198287134044378 ], [ 137.072166034336163, 17.194276160416834 ], [ 137.070340219027088, 17.193777568180352 ], [ 137.066685224944052, 17.192784573649661 ], [ 137.064857536346864, 17.19229057784824 ], [ 137.057540143163834, 17.190322936754455 ], [ 137.055711109180635, 17.189833643508351 ], [ 137.052050696682642, 17.188859532042201 ], [ 137.050220810142747, 17.188375109524102 ], [ 137.035541347255986, 17.184589256888799 ], [ 137.033844381413388, 17.184122864878631 ], [ 137.030054306461722, 17.183123897050351 ], [ 137.028222972013197, 17.182642520536234 ], [ 137.020892352500624, 17.180720683713048 ], [ 137.019058238247709, 17.180250243854061 ], [ 137.015383736071584, 17.17932861502392 ], [ 137.0135471288975, 17.178869231429999 ], [ 137.005971232786607, 17.176979413169718 ], [ 136.998855152843618, 17.175130231675212 ], [ 136.997018843345728, 17.174669307542928 ], [ 136.993342954414089, 17.17375171936682 ], [ 136.991504873252239, 17.173295430339991 ], [ 136.984146095966395, 17.171478751243768 ], [ 136.982306773739339, 17.171027190852556 ], [ 136.978625883678234, 17.170128592760804 ], [ 136.976785815913587, 17.169681920184715 ], [ 136.962046823303552, 17.166123873918039 ], [ 136.960207857207166, 17.165682407517352 ], [ 136.956526706343396, 17.1648037572878 ], [ 136.954686021643084, 17.164366932288516 ], [ 136.947316935429143, 17.162628151568398 ], [ 136.945475065422926, 17.162196056103213 ], [ 136.941789131963588, 17.161336398656303 ], [ 136.939946572176979, 17.160909185610734 ], [ 136.925187833152478, 17.15750696667358 ], [ 136.923343992731503, 17.157084381539406 ], [ 136.919653143578358, 17.156243527117581 ], [ 136.917807637613151, 17.155825601370779 ], [ 136.91041935986587, 17.154162486010321 ], [ 136.908572412288066, 17.153749234040433 ], [ 136.904876374045926, 17.152927289662983 ], [ 136.903028178208757, 17.152518796006134 ], [ 136.896720880165077, 17.151133278878078 ], [ 136.88809440593289, 17.149238311998843 ], [ 136.88624832619999, 17.148835267334178 ], [ 136.882553940013253, 17.148033707889581 ], [ 136.880706693859878, 17.14763542333651 ], [ 136.873312457204548, 17.146051101177889 ], [ 136.871464356695384, 17.145657603715904 ], [ 136.867766067450845, 17.14487517195208 ], [ 136.8659173877775, 17.144486556909172 ], [ 136.851110961302567, 17.141393619320283 ], [ 136.849261147584372, 17.14100965107464 ], [ 136.845558452561789, 17.140246080792437 ], [ 136.843707081217104, 17.139866790819852 ], [ 136.836295538908786, 17.138358315683945 ], [ 136.834442688179848, 17.137983685099428 ], [ 136.830734949758408, 17.137239011371776 ], [ 136.828880670007692, 17.136869092335033 ], [ 136.827338609690031, 17.136563545871354 ], [ 136.824632380580766, 17.136032673369655 ], [ 136.819217591319358, 17.134981093403084 ], [ 136.816515875908152, 17.134461690854735 ], [ 136.815484898509936, 17.134265505548868 ], [ 136.813468724602814, 17.133866297392032 ], [ 136.794218629186986, 17.130121058140858 ], [ 136.789404639213132, 17.129201105646757 ], [ 136.779767561723958, 17.127392988096318 ], [ 136.774947093034854, 17.126505314968782 ], [ 136.755625162471944, 17.123013774466372 ], [ 136.753309140205175, 17.12259902152789 ], [ 136.748673055018486, 17.121776500685343 ], [ 136.746359481605197, 17.121369872222175 ], [ 136.741922633123778, 17.120597391456954 ], [ 136.7412908719771, 17.120482990497848 ], [ 136.73897913947647, 17.120068227666835 ], [ 136.734344388882761, 17.119244372230341 ], [ 136.732026953781343, 17.118836285966182 ], [ 136.722464619846534, 17.117168173972587 ], [ 136.720308510530373, 17.116795346528463 ], [ 136.715993809767298, 17.116055920344891 ], [ 136.714287620478245, 17.11576560210132 ], [ 136.711726889085099, 17.115337739745101 ], [ 136.70750784201411, 17.11464051514811 ], [ 136.705398283404435, 17.114295067563617 ], [ 136.697895643369776, 17.11307769218196 ], [ 136.696020546112408, 17.112775921971547 ], [ 136.692268500791471, 17.11217708770279 ], [ 136.69039301592548, 17.11188025656908 ], [ 136.676350856707501, 17.109676129749701 ], [ 136.672883651859735, 17.109140362238278 ], [ 136.665944629541656, 17.108085168795796 ], [ 136.662474707841994, 17.107566031547222 ], [ 136.64858435238628, 17.105521715155319 ], [ 136.645114560189342, 17.105019485161549 ], [ 136.638170556527228, 17.10403138743898 ], [ 136.634703243760356, 17.103546476589017 ], [ 136.633625596044936, 17.103398405012854 ], [ 136.626725222991553, 17.102393062790057 ], [ 136.624783749471277, 17.10211283134241 ], [ 136.620887345874536, 17.101555766086079 ], [ 136.618939274028918, 17.101279926927461 ], [ 136.611129830278315, 17.100184784700417 ], [ 136.609178060419509, 17.099913744324141 ], [ 136.605272686985273, 17.099376774418985 ], [ 136.603320527720626, 17.099111042740901 ], [ 136.589638380607568, 17.097267091703344 ], [ 136.588355265683305, 17.097094887719294 ], [ 136.58621381891308, 17.096808770208995 ], [ 136.584929125679338, 17.096637892725099 ], [ 136.58107157909123, 17.096127093091212 ], [ 136.579786069272274, 17.095957635636751 ], [ 136.577642705147156, 17.095676378961912 ], [ 136.57635673217797, 17.095508401791776 ], [ 136.574565978737866, 17.095275498965506 ], [ 136.571648251565904, 17.094902127431638 ], [ 136.565811003975369, 17.09416709083898 ], [ 136.562892382878118, 17.093805534598033 ], [ 136.551211603233611, 17.092382200978179 ], [ 136.548295743054524, 17.092032792779449 ], [ 136.542460961404601, 17.091345493100235 ], [ 136.539548721896296, 17.091008367842392 ], [ 136.537583374973138, 17.090784853938302 ], [ 136.536482241463176, 17.090652002488284 ], [ 136.533177693396425, 17.090257111976527 ], [ 136.531521173664117, 17.090061076857538 ], [ 136.521270551695267, 17.088859729193345 ], [ 136.519541432392231, 17.088658059822009 ], [ 136.515689257454454, 17.088210951974375 ], [ 136.513811754509874, 17.087995525673406 ], [ 136.510081563614136, 17.087572404543266 ], [ 136.508216684453174, 17.087363291483072 ], [ 136.500753587609012, 17.086536061790142 ], [ 136.498888087015899, 17.086331689056649 ], [ 136.495155520111808, 17.085927618265245 ], [ 136.493289066238589, 17.085727987657023 ], [ 136.491702060502149, 17.085560315356631 ], [ 136.490461065326286, 17.085430272489489 ], [ 136.487978623515147, 17.085172282175577 ], [ 136.486737622943878, 17.085044378795416 ], [ 136.481771606175045, 17.084536808627121 ], [ 136.480530719818006, 17.084411039338093 ], [ 136.478048045081806, 17.084161549416393 ], [ 136.476807387151808, 17.08403794029914 ], [ 136.465132051104177, 17.082884477037524 ], [ 136.464300769066114, 17.08280280780366 ], [ 136.462636519659924, 17.082640263437611 ], [ 136.461804571224803, 17.082559489029464 ], [ 136.458474096603567, 17.082238035357435 ], [ 136.457641934128361, 17.082158191747482 ], [ 136.455977058794502, 17.081999412842791 ], [ 136.45514513014453, 17.081920552192159 ], [ 136.446942783383719, 17.081147610973929 ], [ 136.444461816460517, 17.080918059920918 ], [ 136.439497947272827, 17.080467304422925 ], [ 136.437016277079834, 17.0802462114939 ], [ 136.427084292107253, 17.079378281183168 ], [ 136.424602173152522, 17.079165601411773 ], [ 136.419387582871622, 17.078728156779434 ], [ 136.417525361206827, 17.078562326290708 ], [ 136.410154853164812, 17.077917027649164 ], [ 136.406469729094994, 17.077603773995392 ], [ 136.391700751288937, 17.076385646780651 ], [ 136.388009105336806, 17.07609049827839 ], [ 136.380622261109039, 17.075518729106292 ], [ 136.376928984685861, 17.075242256825135 ], [ 136.363161054839708, 17.074246484287997 ], [ 136.361877186284033, 17.074154336154081 ], [ 136.359734550609488, 17.074001808437046 ], [ 136.358449192776703, 17.073911063245419 ], [ 136.354589791785912, 17.073640843050569 ], [ 136.353303714495922, 17.073551546666948 ], [ 136.351159487920683, 17.073403926550284 ], [ 136.349873050900925, 17.073316117644893 ], [ 136.348066440614417, 17.073193802652099 ], [ 136.346601474679261, 17.073096150666927 ], [ 136.343671121925041, 17.072903771292275 ], [ 136.342206239626904, 17.072809077177681 ], [ 136.336344523282065, 17.072436015010567 ], [ 136.334879788471909, 17.072344257181854 ], [ 136.331949329598302, 17.072163629248621 ], [ 136.330484798934805, 17.072074831988417 ], [ 136.318758200631663, 17.071375358186515 ], [ 136.31729369514872, 17.0712894423542 ], [ 136.314362909821597, 17.071120454345717 ], [ 136.31289782517527, 17.071037451417638 ], [ 136.307033967544356, 17.070711094641538 ], [ 136.305568772281816, 17.070631010013543 ], [ 136.302637418582918, 17.070473736573945 ], [ 136.301172578551956, 17.070396616111211 ], [ 136.287387425789376, 17.069684394419639 ], [ 136.286104207444026, 17.069618800567682 ], [ 136.283962678835536, 17.069510584246444 ], [ 136.282678001789549, 17.069446417618522 ], [ 136.278820689923265, 17.069255994269085 ], [ 136.277535325795697, 17.069193286341516 ], [ 136.27539231600295, 17.069089990211296 ], [ 136.274106625420956, 17.069028771560696 ], [ 136.27229746645574, 17.068943622850398 ], [ 136.27082993655344, 17.068876085563161 ], [ 136.267894517918336, 17.068743946376458 ], [ 136.266427136403905, 17.068679366959444 ], [ 136.26055554640223, 17.068426814846006 ], [ 136.259088376227993, 17.068365171715755 ], [ 136.256153109579401, 17.068244795661215 ], [ 136.254686209201878, 17.068186111300193 ], [ 136.242940879818576, 17.067727761027797 ], [ 136.241474065776714, 17.067671959893417 ], [ 136.238538725382483, 17.067563239951923 ], [ 136.237071396028824, 17.067510366110966 ], [ 136.231198682773567, 17.067304601226724 ], [ 136.229731306654827, 17.067254651081726 ], [ 136.226795653297614, 17.067157666393541 ], [ 136.213707967049714, 17.066843195957176 ], [ 136.212687255412817, 17.066827841831923 ], [ 136.209407984591081, 17.066704909004798 ], [ 136.208335070907225, 17.066664993494967 ], [ 136.206514818804948, 17.066597789856587 ], [ 136.205592531670817, 17.066564329680617 ], [ 136.204815341155751, 17.06653662606486 ], [ 136.198598325152858, 17.066341644951294 ], [ 136.196923729947429, 17.066296293039912 ], [ 136.196163639141474, 17.066276102360561 ], [ 136.193224484722606, 17.066199545772648 ], [ 136.192481686081891, 17.066180572775608 ], [ 136.186603041797099, 17.066033333971703 ], [ 136.182518626833513, 17.065942461076006 ], [ 136.179579895096623, 17.065885322649933 ], [ 136.176198392941984, 17.065827420699136 ], [ 136.164670562796942, 17.065733364203751 ], [ 136.158439582122327, 17.065559440716044 ], [ 136.152440334254408, 17.065452250521375 ], [ 136.146710502588036, 17.065374346748868 ], [ 136.143849577496354, 17.065342975698044 ], [ 136.139044087914982, 17.065314358371225 ], [ 136.137370518834956, 17.06531721731595 ], [ 136.13678407002979, 17.065316948418868 ], [ 136.134105796345722, 17.065316263135401 ], [ 136.129228642488584, 17.065316545522663 ], [ 136.126314631316149, 17.065248863444594 ], [ 136.124244893787392, 17.065266183487765 ], [ 136.123793170618484, 17.065318918833455 ], [ 136.122542076955853, 17.065256774780707 ], [ 136.120388555887899, 17.065312700021323 ], [ 136.118515898490301, 17.065118030972798 ], [ 136.114788751800262, 17.06509879627275 ], [ 136.11292529536675, 17.065091551334405 ], [ 136.1110216194526, 17.065086581680916 ], [ 136.110067921697606, 17.065084712889572 ], [ 136.108160265384782, 17.065082218170119 ], [ 136.107206437228143, 17.065081592242009 ], [ 136.105789196514735, 17.065082974499873 ], [ 136.102954722283499, 17.065088481948237 ], [ 136.101511023515769, 17.065092711459911 ], [ 136.099121856689266, 17.065102131858239 ], [ 136.096748072766417, 17.065112740261284 ], [ 136.096122074475346, 17.065115820439175 ], [ 136.094923390602645, 17.06512223170607 ], [ 136.094324243369925, 17.065125680605902 ], [ 136.091287002593532, 17.065144440463925 ], [ 136.090203809658448, 17.065151644033577 ], [ 136.084136196228798, 17.065194903222519 ], [ 136.08309311935264, 17.065202821753246 ], [ 136.080108032060622, 17.065226844443742 ], [ 136.075779881036993, 17.065272355535171 ], [ 136.071034024600891, 17.065286466797374 ], [ 136.06178033799236, 17.065345172742013 ], [ 136.057154031134047, 17.065389142395361 ], [ 136.050691954370933, 17.065471027466174 ], [ 136.049803078849919, 17.065482819376726 ], [ 136.048024466256976, 17.065507496773918 ], [ 136.047135409971503, 17.065520371468295 ], [ 136.043577377195192, 17.06557404210885 ], [ 136.042688360480184, 17.065587987895597 ], [ 136.040909861201754, 17.065616968548497 ], [ 136.040021104390945, 17.065631989924825 ], [ 136.032904481257475, 17.065756500162493 ], [ 136.032015657897233, 17.065772578242346 ], [ 136.030237066887736, 17.065805831574338 ], [ 136.029348024092798, 17.065822994236214 ], [ 136.025789967034228, 17.065893825739892 ], [ 136.024900753367973, 17.065912063091432 ], [ 136.023121866482001, 17.065949630471394 ], [ 136.022220019139496, 17.06596923209483 ], [ 136.020530165136023, 17.06600702700301 ], [ 136.019418483476926, 17.066032279066917 ], [ 136.017741270343578, 17.066071009269962 ], [ 136.016627101160708, 17.066097158857175 ], [ 136.01367639584933, 17.066167469653465 ], [ 136.013112157600318, 17.066181133952668 ], [ 136.011997145752304, 17.066208567771625 ], [ 136.011439797209874, 17.066222492873933 ], [ 136.009209456052616, 17.066279061130146 ], [ 136.008652178556105, 17.066293406216161 ], [ 136.007537333981219, 17.066322528961791 ], [ 136.006980221061525, 17.066337294031314 ], [ 136.002519367875294, 17.066457182653366 ], [ 136.001961710864776, 17.066472377598402 ], [ 136.000845805090677, 17.066503209955513 ], [ 136.000288009584807, 17.066518833877581 ], [ 135.99805564315389, 17.06658221000113 ], [ 135.997496876380609, 17.066598285382867 ], [ 135.996379053251616, 17.06663087141807 ], [ 135.995818753133477, 17.066647418943731 ], [ 135.992115612046547, 17.066758191137993 ], [ 135.990963971710386, 17.066792886083221 ], [ 135.989992962905291, 17.066822549321486 ], [ 135.988398160047524, 17.066871970665304 ], [ 135.98744280754002, 17.066901991833788 ], [ 135.984598045064473, 17.066992610221249 ], [ 135.983650876387657, 17.067023185372022 ], [ 135.982071889906621, 17.067074837034525 ], [ 135.981125362445852, 17.067106207186157 ], [ 135.973927866878313, 17.067347699437235 ], [ 135.973013304920954, 17.067378949079753 ], [ 135.971183267294265, 17.067442625577073 ], [ 135.970268518278345, 17.067475026351758 ], [ 135.966607661514928, 17.067606972184151 ], [ 135.965692965558702, 17.06764050790342 ], [ 135.9638631221857, 17.067708742165223 ], [ 135.962948720308106, 17.067743412828534 ], [ 135.955626795441077, 17.068025507671493 ], [ 135.954712378274479, 17.068061297990994 ], [ 135.952882599652781, 17.068134060338963 ], [ 135.951967982836806, 17.068171002689837 ], [ 135.948307628794538, 17.068321126519109 ], [ 135.947392932838596, 17.068359210109975 ], [ 135.945563093062702, 17.068436541913329 ], [ 135.944648437576433, 17.068475770340953 ], [ 135.941140597761006, 17.068628397882662 ], [ 135.940530444624898, 17.068655196780341 ], [ 135.939309685094912, 17.068709326074995 ], [ 135.938699483394799, 17.068736637586085 ], [ 135.936257585719801, 17.068846947528954 ], [ 135.935647455066515, 17.068874761761293 ], [ 135.934426887092087, 17.068930916329222 ], [ 135.933816947095266, 17.068959232383079 ], [ 135.928933078899462, 17.069187959657 ], [ 135.928323172177699, 17.069216773036061 ], [ 135.927102722013302, 17.069274939387086 ], [ 135.926492675896753, 17.06930426897722 ], [ 135.924051217090692, 17.069422663825279 ], [ 135.923441168275673, 17.0694524997336 ], [ 135.92222076577653, 17.069512697653138 ], [ 135.921610851860265, 17.069543038080909 ], [ 135.917401438326891, 17.069754200696124 ], [ 135.916401377822439, 17.069804807346372 ], [ 135.914733866574949, 17.069889949761802 ], [ 135.913733669374238, 17.069941474619782 ], [ 135.910731682921124, 17.070097478216312 ], [ 135.909731717745132, 17.070149895201908 ], [ 135.908064737098726, 17.070238035957047 ], [ 135.907065494977502, 17.070291325284842 ], [ 135.89928215944488, 17.07070978702744 ], [ 135.898371568893737, 17.070759303699262 ], [ 135.896549419220634, 17.070859527745213 ], [ 135.895638625423288, 17.070910193750834 ], [ 135.891993564352532, 17.071115223888583 ], [ 135.891082827211704, 17.071167016744809 ], [ 135.889260926651247, 17.071271765280173 ], [ 135.888350506970625, 17.071324678691425 ], [ 135.881060474761881, 17.071752827031673 ], [ 135.880150042491522, 17.071806853803523 ], [ 135.878328262440078, 17.071916100747814 ], [ 135.877417655700725, 17.071971277752468 ], [ 135.873773399523458, 17.072194355485649 ], [ 135.872862718140624, 17.072250667434702 ], [ 135.87104093539179, 17.072364456854544 ], [ 135.870130280988434, 17.072421906445939 ], [ 135.867207779316033, 17.072608097585956 ], [ 135.866594581075589, 17.072647420442394 ], [ 135.865367824865899, 17.072726604849336 ], [ 135.86475463112177, 17.072766443916677 ], [ 135.862300864194168, 17.072926891962993 ], [ 135.86168777297317, 17.072967237348507 ], [ 135.860461293754184, 17.073048465015063 ], [ 135.859848406679049, 17.073089314020834 ], [ 135.854941058084279, 17.073418411031284 ], [ 135.854328224068837, 17.073459760959381 ], [ 135.853101927412609, 17.073543021993359 ], [ 135.852488963895524, 17.07358489802489 ], [ 135.850035854371555, 17.0737535146135 ], [ 135.849422898947893, 17.073795903258443 ], [ 135.848196693123811, 17.073881218343928 ], [ 135.847583884289207, 17.07392411420679 ], [ 135.843383356057558, 17.074219922811608 ], [ 135.842386007908686, 17.07429059603443 ], [ 135.84072303284259, 17.074409195928069 ], [ 135.839725566882095, 17.074480788258185 ], [ 135.836897942786692, 17.074684979328808 ], [ 135.833553315533862, 17.074934291184945 ], [ 135.826864957652361, 17.075448265425536 ], [ 135.823530226539248, 17.075712195761611 ], [ 135.818240007771038, 17.076140205606421 ], [ 135.814687819687634, 17.076396489906514 ], [ 135.801446685716854, 17.07738383219835 ], [ 135.798138445933404, 17.077638003091579 ], [ 135.791521437565308, 17.078161478669657 ], [ 135.788214753608969, 17.078430617879249 ], [ 135.770753776665885, 17.079891178035794 ], [ 135.768573225574556, 17.080076785515757 ], [ 135.764210357123062, 17.080454723806909 ], [ 135.762029817722379, 17.080646902632836 ], [ 135.753304194133904, 17.081428981862473 ], [ 135.751123813913722, 17.0816276744779 ], [ 135.746762516577547, 17.082031690410432 ], [ 135.744582462810882, 17.082236934587286 ], [ 135.740565336021888, 17.082621204105536 ], [ 135.738751886391441, 17.082796951418416 ], [ 135.735124916981732, 17.083153014600384 ], [ 135.733312161627993, 17.083333254026783 ], [ 135.726059607765279, 17.084063417193335 ], [ 135.72424768698184, 17.084248097471871 ], [ 135.72062335888134, 17.084622067954186 ], [ 135.718812428251709, 17.084811204373963 ], [ 135.704314817276185, 17.086343192284886 ], [ 135.702504551244516, 17.086536713798722 ], [ 135.69888257217363, 17.086928471072454 ], [ 135.697072334920819, 17.087126549451227 ], [ 135.689828525166746, 17.087928233901252 ], [ 135.688018814017909, 17.08813078191055 ], [ 135.684398952850103, 17.088540492350162 ], [ 135.682590280417486, 17.088747484808891 ], [ 135.668087485750078, 17.090425132314252 ], [ 135.666276595589039, 17.09063684801238 ], [ 135.662653415923415, 17.091065023332476 ], [ 135.660842603104612, 17.091281309385181 ], [ 135.653596590011517, 17.092155881189314 ], [ 135.651786350959611, 17.092376645865897 ], [ 135.648165484350415, 17.092822805828206 ], [ 135.646356332579359, 17.093048017652336 ], [ 135.631871910160982, 17.094869041373485 ], [ 135.630063336654558, 17.095098659875475 ], [ 135.626444841556605, 17.095562653394282 ], [ 135.624636394854434, 17.095796840452294 ], [ 135.617399943353035, 17.096743045955222 ], [ 135.615592117183297, 17.09698170534169 ], [ 135.61197612489903, 17.097463660120184 ], [ 135.610169431874652, 17.097706756761838 ], [ 135.595704888070912, 17.099670966042581 ], [ 135.592959121167468, 17.100049065312518 ], [ 135.587467177269417, 17.100815936107111 ], [ 135.584722728771254, 17.101204466613368 ], [ 135.573743217976329, 17.102779917859451 ], [ 135.571000595102277, 17.103178726717388 ], [ 135.565515496843119, 17.103986950138022 ], [ 135.562775256273909, 17.104396031951424 ], [ 135.540840783475829, 17.107712121018054 ], [ 135.538102238128005, 17.108131330996429 ], [ 135.532623889281609, 17.108980577891813 ], [ 135.529886318799498, 17.109410272166642 ], [ 135.518933646471197, 17.11115055745266 ], [ 135.516198071584228, 17.111590498603007 ], [ 135.510727238372084, 17.112480977615135 ], [ 135.507993527779973, 17.112931264566683 ], [ 135.478132126496718, 17.117906193616378 ], [ 135.476777920165574, 17.11813238660072 ], [ 135.475695135522898, 17.11831385540053 ], [ 135.474817752437872, 17.11846151328858 ], [ 135.473055024570641, 17.118761519928555 ], [ 135.468627154020425, 17.119520688029738 ], [ 135.466414506124949, 17.11990355460587 ], [ 135.456625961219999, 17.121612687376114 ], [ 135.454180945594572, 17.122043853841134 ], [ 135.449291166155177, 17.122914717740528 ], [ 135.446848479774729, 17.123354043754503 ], [ 135.426046521430322, 17.127130960725495 ], [ 135.423415543992547, 17.127613524345136 ], [ 135.418152673607807, 17.128588793238691 ], [ 135.415522906657117, 17.129081106408307 ], [ 135.405000255957617, 17.131070849240487 ], [ 135.402704230117052, 17.131508781305683 ], [ 135.398101383872387, 17.132394345523011 ], [ 135.39236927512232, 17.133521103416584 ], [ 135.38463546345676, 17.135073606662004 ], [ 135.380937086078546, 17.135825983982272 ], [ 135.373331812713872, 17.13739361112664 ], [ 135.371109168853792, 17.1378367520648 ], [ 135.368863075171276, 17.138288236912885 ], [ 135.365835914895939, 17.138901667178587 ], [ 135.342984238832429, 17.143399726216884 ], [ 135.339058276319491, 17.144183512359362 ], [ 135.331200019166573, 17.145774786277684 ], [ 135.327274290476822, 17.146580969136821 ], [ 135.311565279214875, 17.149851614560831 ], [ 135.307641895057856, 17.150679645549488 ], [ 135.299797919139365, 17.152357660877783 ], [ 135.295879399415554, 17.153207202750536 ], [ 135.281065617385167, 17.156461243092252 ], [ 135.279216159798267, 17.156869962479121 ], [ 135.27551637228342, 17.157692636206662 ], [ 135.273667552316084, 17.158106257797684 ], [ 135.266270552944121, 17.159771146621466 ], [ 135.264422868820731, 17.160189521129837 ], [ 135.26072766515054, 17.161031284766409 ], [ 135.258881650169172, 17.161454328554854 ], [ 135.244104270896202, 17.164860556669709 ], [ 135.242259384563255, 17.165288275134088 ], [ 135.238568798012494, 17.166148957808559 ], [ 135.236724603258523, 17.16658157218221 ], [ 135.229346219852488, 17.168322450121437 ], [ 135.227503214002951, 17.168759805720995 ], [ 135.223817419938683, 17.169639528841302 ], [ 135.221976134491371, 17.170081536633987 ], [ 135.207236824420789, 17.173639566713078 ], [ 135.205147482570766, 17.174147129686602 ], [ 135.20096840586794, 17.175168887234676 ], [ 135.198880239431816, 17.175682699597289 ], [ 135.190526554757326, 17.177751186168649 ], [ 135.1884400610613, 17.178271077048862 ], [ 135.184267585381036, 17.179317277270783 ], [ 135.182183304915753, 17.179843158535363 ], [ 135.165500242443073, 17.184078037272116 ], [ 135.163408710744335, 17.184612184205207 ], [ 135.159225081672986, 17.185687233779007 ], [ 135.157134685818079, 17.186227701147644 ], [ 135.148771996231943, 17.188402993004161 ], [ 135.14668319217671, 17.188949615332717 ], [ 135.142506188410181, 17.190049324317215 ], [ 135.140416338443771, 17.190602855237685 ], [ 135.126388873248317, 17.194340232615929 ], [ 135.124733733975489, 17.194782177455764 ], [ 135.123295782774704, 17.195166920017485 ], [ 135.119501124877644, 17.196193444871938 ], [ 135.111987748736311, 17.198247761725284 ], [ 135.108243937607909, 17.199282152949152 ], [ 135.105503389470329, 17.200047234992212 ], [ 135.104167205552955, 17.200402824231332 ], [ 135.099741822527591, 17.201587982299898 ], [ 135.097530725963253, 17.202183864993671 ], [ 135.088687356836857, 17.2045819459005 ], [ 135.086478591314545, 17.205184607683904 ], [ 135.08206189304272, 17.206397176189242 ], [ 135.079855552991972, 17.207006644940975 ], [ 135.065252323836461, 17.211064871646954 ], [ 135.062804813492363, 17.211749571385994 ], [ 135.057910379161484, 17.21312803692966 ], [ 135.055465110826987, 17.213821335986395 ], [ 135.045684588773412, 17.216612717403436 ], [ 135.043242050780833, 17.217314407134282 ], [ 135.03835827881241, 17.218726659308331 ], [ 135.035919034136469, 17.21943664528537 ], [ 135.016398032344199, 17.22515474079907 ], [ 135.013961332749915, 17.225873017625887 ], [ 135.009087977628866, 17.227318824404719 ], [ 135.006653308703818, 17.228045767098848 ], [ 134.996914778695015, 17.230971911025122 ], [ 134.994482626971973, 17.231707306447547 ], [ 134.989619757946656, 17.233186952016467 ], [ 134.987190685502668, 17.233930702140711 ], [ 134.972714229279035, 17.238390480636539 ], [ 134.970907098284812, 17.238949724050784 ], [ 134.967292430701633, 17.240073497094656 ], [ 134.965486367202885, 17.240637571666767 ], [ 134.958261316407544, 17.242904375836559 ], [ 134.956456802440329, 17.243473092709451 ], [ 134.952848380648817, 17.244615507799793 ], [ 134.951045942317165, 17.245188740168388 ], [ 134.936619106187692, 17.249797147820502 ], [ 134.934818196703219, 17.25037494424862 ], [ 134.931216030595607, 17.25153582871576 ], [ 134.929416241667042, 17.252118445510206 ], [ 134.922216406063256, 17.254459425762164 ], [ 134.920418218826086, 17.255046668669266 ], [ 134.916822503556745, 17.256226128633458 ], [ 134.915026441417723, 17.256817865452462 ], [ 134.900650855853115, 17.261574380653556 ], [ 134.899634724463596, 17.261911385402641 ], [ 134.8976010407562, 17.262587531689505 ], [ 134.896584740294458, 17.26292625953954 ], [ 134.892517542851266, 17.264285146842312 ], [ 134.891501557151429, 17.264625424224405 ], [ 134.889469572263607, 17.265307656223655 ], [ 134.888454399551762, 17.26564933115219 ], [ 134.880326558024564, 17.268391432418767 ], [ 134.87908115796975, 17.268812830448127 ], [ 134.876590070975823, 17.26965824263425 ], [ 134.875345274365856, 17.27008195461886 ], [ 134.870365256951942, 17.271782088772852 ], [ 134.868624590352994, 17.272378796144906 ], [ 134.865147132335011, 17.273575820767974 ], [ 134.863314223173489, 17.274209497470721 ], [ 134.861033505592474, 17.275001421578523 ], [ 134.860484566610381, 17.27519227120672 ], [ 134.859334608905868, 17.275592601717676 ], [ 134.858851436445235, 17.275761041139376 ], [ 134.852656566248157, 17.277923026626723 ], [ 134.851883233824452, 17.278193396108733 ], [ 134.85033605366678, 17.278735296097253 ], [ 134.849562837256059, 17.279006606270158 ], [ 134.846468935593549, 17.280094160917216 ], [ 134.845696316332265, 17.28036623641303 ], [ 134.844150984280787, 17.280911400940781 ], [ 134.843379451400807, 17.281184073586658 ], [ 134.829111246687518, 17.286235174314029 ], [ 134.827330222112863, 17.286868230484899 ], [ 134.823768001193201, 17.288139643430128 ], [ 134.821988257253423, 17.288777483094592 ], [ 134.814868944246911, 17.291339370116233 ], [ 134.813090953085322, 17.291981783732581 ], [ 134.80953579544186, 17.293271562632967 ], [ 134.807760076866913, 17.293918401813229 ], [ 134.793547989848122, 17.299115946344173 ], [ 134.791773997972228, 17.299767282134809 ], [ 134.788225900905587, 17.301075255219317 ], [ 134.786453242723752, 17.301731361013722 ], [ 134.779362388764099, 17.304366315253588 ], [ 134.777591533723552, 17.305026977013554 ], [ 134.774050702278515, 17.30635324230866 ], [ 134.77228216928691, 17.307018305350979 ], [ 134.758127811549826, 17.312361706427964 ], [ 134.75636105382037, 17.313031248094163 ], [ 134.752827482602612, 17.314375633828817 ], [ 134.751062110728327, 17.315049931109755 ], [ 134.744000519809305, 17.317757654892375 ], [ 134.742237001437076, 17.31843648835364 ], [ 134.738710898189908, 17.319799090755922 ], [ 134.736949750431535, 17.320482303016206 ], [ 134.722854728163867, 17.325970954496356 ], [ 134.721095404230397, 17.326658626494819 ], [ 134.717576760859771, 17.328039272894515 ], [ 134.715818875840711, 17.328731686118871 ], [ 134.708787349257051, 17.331511871875676 ], [ 134.707031367204223, 17.332208802394661 ], [ 134.703520393252035, 17.333607587220584 ], [ 134.701766831274455, 17.334308870458472 ], [ 134.68773274257282, 17.339942152708559 ], [ 134.685981052983522, 17.34064787679857 ], [ 134.682477736758671, 17.342064627381021 ], [ 134.680727538245975, 17.342775077408191 ], [ 134.673726873696666, 17.345627411276482 ], [ 134.671978628511425, 17.346342358813217 ], [ 134.668483181354105, 17.347777167782269 ], [ 134.66673740390857, 17.348496443756162 ], [ 134.65276584416884, 17.354273718257801 ], [ 134.651021987674795, 17.354997414399577 ], [ 134.647534396096063, 17.356450109085714 ], [ 134.64579208373803, 17.357178515876242 ], [ 134.638823077123931, 17.36010267589792 ], [ 134.637082766657358, 17.360835559513944 ], [ 134.63360324379542, 17.362306229848969 ], [ 134.631865449631647, 17.363043416720686 ], [ 134.617958006157465, 17.368964029666373 ], [ 134.616222181509357, 17.369705616920911 ], [ 134.612750711177199, 17.371194090235477 ], [ 134.61101648102678, 17.371940371950828 ], [ 134.604079924649483, 17.374936025377664 ], [ 134.602347747650839, 17.375686762334524 ], [ 134.598884544786443, 17.377193128560421 ], [ 134.597154930855964, 17.377948141793681 ], [ 134.583313186455172, 17.384011423189051 ], [ 134.58158558970419, 17.384770817019884 ], [ 134.578130635421331, 17.386294901688487 ], [ 134.576404687127905, 17.387058972893556 ], [ 134.569501369693313, 17.39012578157984 ], [ 134.567777522215835, 17.390894287341624 ], [ 134.564331034150229, 17.39243617768787 ], [ 134.562609797404917, 17.393208932746575 ], [ 134.548835325890224, 17.399414195509038 ], [ 134.547116154887163, 17.400191310480878 ], [ 134.543678110556954, 17.401750833834356 ], [ 134.541960638374093, 17.402532608193738 ], [ 134.535091346789073, 17.405670224101982 ], [ 134.533376025784236, 17.406456411434647 ], [ 134.529946643723321, 17.408033651432092 ], [ 134.528233980215163, 17.408824061082001 ], [ 134.514528351802625, 17.415170602841513 ], [ 134.512817801700777, 17.415965349921393 ], [ 134.509397057628604, 17.417560134792666 ], [ 134.507688259406478, 17.418359524172956 ], [ 134.500853775182492, 17.421567592970405 ], [ 134.499147175802278, 17.422371371941608 ], [ 134.495735290951899, 17.423983784424607 ], [ 134.494031395833048, 17.424791757833674 ], [ 134.480396171746776, 17.431278860031853 ], [ 134.478694437698977, 17.432091149287615 ], [ 134.475291385089832, 17.433721015812566 ], [ 134.473591454182866, 17.434537929382245 ], [ 134.466792557031368, 17.437816085943908 ], [ 134.465094873530035, 17.438637366621506 ], [ 134.461700875296032, 17.440284768127739 ], [ 134.460005943719949, 17.441110215364532 ], [ 134.446442678886825, 17.447737142355507 ], [ 134.444749954248067, 17.448566882056284 ], [ 134.441364980710233, 17.450231644974906 ], [ 134.439674112270751, 17.451065990103714 ], [ 134.432911577408078, 17.454413864808473 ], [ 134.431223004038685, 17.455252553662831 ], [ 134.427847280028487, 17.45693475623456 ], [ 134.426161504450334, 17.457777582869539 ], [ 134.41267174660473, 17.464543584619165 ], [ 134.410988226525916, 17.465390681235476 ], [ 134.407621718767842, 17.467090151689618 ], [ 134.40594010345356, 17.467941833948913 ], [ 134.399214704295815, 17.471359046383 ], [ 134.397535434413186, 17.472215048086483 ], [ 134.394178368637682, 17.473931861966335 ], [ 134.392501942411315, 17.474791973571214 ], [ 134.379087232990258, 17.481696282058095 ], [ 134.377413108129105, 17.482560639362404 ], [ 134.374065451060488, 17.484294624897302 ], [ 134.372393283124012, 17.485163547160326 ], [ 134.365705787692633, 17.488649710615846 ], [ 134.364036011053912, 17.489522928940332 ], [ 134.360697989320926, 17.491274159875005 ], [ 134.359031103103604, 17.492151457524102 ], [ 134.345692976350648, 17.499193290338567 ], [ 134.344698863062519, 17.499719081670634 ], [ 134.342709701192717, 17.50077315725585 ], [ 134.34171582892273, 17.501300820976567 ], [ 134.337739188713073, 17.503416057905113 ], [ 134.336746001726993, 17.50394534400273 ], [ 134.334759968598547, 17.505005738224583 ], [ 134.333767931845188, 17.505536413774848 ], [ 134.325826810259542, 17.509792235023852 ], [ 134.324522004587408, 17.51049321788814 ], [ 134.32191285279626, 17.511898418477628 ], [ 134.320609400603672, 17.51260215506592 ], [ 134.315396156608159, 17.515423709636892 ], [ 134.313740109918427, 17.516322817644308 ], [ 134.310429818781842, 17.51812570293923 ], [ 134.308776024894229, 17.519029236510391 ], [ 134.307207391408639, 17.519888991084599 ], [ 134.306249337337903, 17.52041470777273 ], [ 134.300634549645594, 17.523499944467304 ], [ 134.299968823802516, 17.523866207759525 ], [ 134.298477016701469, 17.524688046016891 ], [ 134.297977034113075, 17.5249638716855 ], [ 134.295321710229274, 17.526430250456087 ], [ 134.294658710231971, 17.526796841101756 ], [ 134.293332759699666, 17.527530912721772 ], [ 134.292670885653166, 17.527897796546426 ], [ 134.279490493692123, 17.535212267832335 ], [ 134.277845701119048, 17.536127810950092 ], [ 134.274556883993824, 17.537964147427815 ], [ 134.272914199431312, 17.538884193451182 ], [ 134.266344989130431, 17.542574805183492 ], [ 134.264704838857853, 17.543499070826002 ], [ 134.261426229038051, 17.545352345135129 ], [ 134.259789104983412, 17.546280597471991 ], [ 134.24668984985729, 17.553730152324988 ], [ 134.245055213328413, 17.554662552335344 ], [ 134.241786766746401, 17.556532593604729 ], [ 134.240154288590276, 17.557469474037347 ], [ 134.233626017227408, 17.561227409018144 ], [ 134.231996121025219, 17.562168482989605 ], [ 134.228738069707077, 17.564055355970126 ], [ 134.227111242890516, 17.565000386059339 ], [ 134.214094628264803, 17.572584178217681 ], [ 134.212470335738288, 17.573533329000369 ], [ 134.20922263291871, 17.575436863720611 ], [ 134.207600549126624, 17.576390472442554 ], [ 134.201113966736472, 17.580215304393278 ], [ 134.199494510763685, 17.5811730796744 ], [ 134.196257392065519, 17.583093338187496 ], [ 134.194641049545254, 17.584055038110037 ], [ 134.181708570095253, 17.591772206922101 ], [ 134.180094806830454, 17.592738001458002 ], [ 134.176868222790773, 17.594674812892791 ], [ 134.175256718623501, 17.595645042884783 ], [ 134.168812570744734, 17.599536336532978 ], [ 134.167203740261044, 17.600510705205309 ], [ 134.163987927401223, 17.602464130715362 ], [ 134.162382254437745, 17.603442390754026 ], [ 134.149535396741868, 17.611292061180052 ], [ 134.147932348899673, 17.612274388852413 ], [ 134.144727254160017, 17.614244258466144 ], [ 134.143126513978274, 17.615230998212411 ], [ 134.136725542550806, 17.619188312890856 ], [ 134.135127522817726, 17.620179163438067 ], [ 134.131933384518987, 17.622165533812563 ], [ 134.130338566372103, 17.62316024425013 ], [ 134.117578808016589, 17.631141524162302 ], [ 134.115986659956803, 17.632140274354541 ], [ 134.11280342323974, 17.634142977316941 ], [ 134.111213632304185, 17.635146115301353 ], [ 134.104856572973375, 17.639169001348748 ], [ 134.103269549250882, 17.640176221355887 ], [ 134.100097452436245, 17.642195312664072 ], [ 134.098513672568544, 17.643206359286495 ], [ 134.085842483044786, 17.651318343067373 ], [ 134.084261419129604, 17.652333401565429 ], [ 134.081100406459228, 17.654368711247471 ], [ 134.079521748231087, 17.655388133256139 ], [ 134.073209333943993, 17.659476134716328 ], [ 134.071633487896037, 17.660499609969321 ], [ 134.068483799488519, 17.662551191084802 ], [ 134.066911240462417, 17.663578459678547 ], [ 134.054330081168843, 17.671820225523462 ], [ 134.052760281262778, 17.672851478113628 ], [ 134.049621858662391, 17.674919163389063 ], [ 134.048054514805216, 17.675954753409556 ], [ 134.041787473113828, 17.68010740443367 ], [ 134.040222987301917, 17.681147019819448 ], [ 134.037096069728506, 17.683230858717508 ], [ 134.035534913206135, 17.684274232370413 ], [ 134.023045235649334, 17.692644844084398 ], [ 134.021486883213612, 17.693692172955849 ], [ 134.018371412211735, 17.695791997303317 ], [ 134.016815563488279, 17.696843639323006 ], [ 134.010594618347824, 17.701060468666142 ], [ 134.009041672635618, 17.702116104574955 ], [ 134.005937888323302, 17.704231963834488 ], [ 134.004388314169688, 17.705291323835809 ], [ 133.991991560863056, 17.713789830836518 ], [ 133.990444835761451, 17.714853117277812 ], [ 133.987352676085408, 17.71698484417557 ], [ 133.985808503260415, 17.718052416785795 ], [ 133.979634374127755, 17.72233294510977 ], [ 133.97809314748136, 17.723404481931539 ], [ 133.975012855259621, 17.725552122333056 ], [ 133.973475042439787, 17.726627348174034 ], [ 133.961172647799714, 17.735252783689376 ], [ 133.959637728099125, 17.73633190719211 ], [ 133.956569237680839, 17.738495292923645 ], [ 133.955036918819616, 17.739578674716455 ], [ 133.948910319755811, 17.743922416386809 ], [ 133.947380992039967, 17.745009732713385 ], [ 133.944324547140837, 17.747188908741464 ], [ 133.942798674619979, 17.748279879013623 ], [ 133.930592063173805, 17.757031262782746 ], [ 133.929069126939538, 17.758126099240329 ], [ 133.926024661909224, 17.760320898291283 ], [ 133.924504374178497, 17.761419967857663 ], [ 133.918426014749031, 17.765826428247479 ], [ 133.916908763129214, 17.76692939997227 ], [ 133.913876519886145, 17.769139864313615 ], [ 133.912362763931156, 17.770246454011001 ], [ 133.90025335121166, 17.779122791384211 ], [ 133.89874257471061, 17.780233217589242 ], [ 133.89572248760382, 17.782459179947509 ], [ 133.894214407270141, 17.783573811382652 ], [ 133.888184993443161, 17.788042488670058 ], [ 133.886679992388537, 17.789160990787295 ], [ 133.883672304234636, 17.79140249163197 ], [ 133.882170840213035, 17.792524575748971 ], [ 133.870160030961728, 17.801524856787111 ], [ 133.868661590460789, 17.802650745036047 ], [ 133.865666231112328, 17.804907618891846 ], [ 133.864170533544126, 17.806037684491699 ], [ 133.858190764992429, 17.81056807145967 ], [ 133.856698190770175, 17.811701976265454 ], [ 133.853715405741951, 17.813974259105208 ], [ 133.852226409022393, 17.815111709937938 ], [ 133.840315598986564, 17.82423491031318 ], [ 133.8393862845505, 17.824947898227222 ], [ 133.837527286056144, 17.826376617886964 ], [ 133.83659866319843, 17.8270915348469 ], [ 133.832884025178402, 17.829956202017584 ], [ 133.831956486903238, 17.830672726965219 ], [ 133.830102159487438, 17.832107664537361 ], [ 133.829176126677368, 17.832825492602794 ], [ 133.821765105076253, 17.838579887452127 ], [ 133.82047911502022, 17.83958076544026 ], [ 133.817908564829196, 17.84158619424781 ], [ 133.816624857252151, 17.842590080468185 ], [ 133.811492472200626, 17.846613227319054 ], [ 133.81001897709487, 17.847771418316555 ], [ 133.807074533763313, 17.850092154829568 ], [ 133.805565831998564, 17.851284627084013 ], [ 133.804440458161054, 17.85217672127915 ], [ 133.79951793890271, 17.856083245845568 ], [ 133.79870966871718, 17.856725380672302 ], [ 133.798160702755155, 17.857162014116184 ], [ 133.797592693649193, 17.857614296662888 ], [ 133.795284368679432, 17.859453665654584 ], [ 133.794736441434537, 17.859890728974349 ], [ 133.793640746124225, 17.860765622735698 ], [ 133.793187434752582, 17.861127903829882 ], [ 133.781387258416174, 17.870568608055365 ], [ 133.779926864633723, 17.871740109918349 ], [ 133.77700777049327, 17.874088159741191 ], [ 133.775550259937205, 17.875263752620413 ], [ 133.769723578480949, 17.879976144383974 ], [ 133.768269320773271, 17.881155477543643 ], [ 133.76536331716423, 17.883518539749289 ], [ 133.76391275566985, 17.884701305621192 ], [ 133.752310217942551, 17.894186977747196 ], [ 133.750862848142361, 17.89537342004769 ], [ 133.747969859521874, 17.897751331858785 ], [ 133.746525420612244, 17.898941833698828 ], [ 133.740751136356522, 17.903713830729075 ], [ 133.739309990764497, 17.904908039574835 ], [ 133.736430263546396, 17.907300828870603 ], [ 133.734992853737964, 17.908498432657055 ], [ 133.7234957983936, 17.918102785615503 ], [ 133.722061622546704, 17.919304032555473 ], [ 133.719195078491083, 17.921711535659369 ], [ 133.717763878500733, 17.922916812461281 ], [ 133.712042665936934, 17.927747869768723 ], [ 133.71061480243182, 17.928956819401932 ], [ 133.707761687951944, 17.931379062394242 ], [ 133.70633759800242, 17.932591367398004 ], [ 133.69494736952575, 17.942313307613361 ], [ 133.693526555806812, 17.943529222495741 ], [ 133.690686790863623, 17.945966042599139 ], [ 133.689268998865856, 17.947185955867667 ], [ 133.683601527088996, 17.952075523966528 ], [ 133.682187112046478, 17.953299075892076 ], [ 133.679360943953697, 17.955750496488548 ], [ 133.677950342035302, 17.95697736511373 ], [ 133.6666682741226, 17.966815784621076 ], [ 133.665241650782178, 17.968063182969786 ], [ 133.66239041948316, 17.970563050944278 ], [ 133.660966963555126, 17.971814513329377 ], [ 133.655277120243596, 17.976830452363984 ], [ 133.653857183362817, 17.978085611861744 ], [ 133.651020107392839, 17.980600330341417 ], [ 133.649604122133582, 17.981858862297045 ], [ 133.638279518985001, 17.991951056996186 ], [ 133.636866988021694, 17.993213224910733 ], [ 133.634043979246513, 17.995742629319139 ], [ 133.632634651668496, 17.997008836988698 ], [ 133.627001418881406, 18.002083734676916 ], [ 133.625595649020539, 18.003353607083795 ], [ 133.622786956553483, 18.005897720803659 ], [ 133.621385178783186, 18.007170923399812 ], [ 133.610152125720703, 18.017400821391107 ], [ 133.608796504755361, 18.018638563719108 ], [ 133.606087153199979, 18.021118878633629 ], [ 133.604734550359495, 18.022360418798712 ], [ 133.599327939533708, 18.027336130258632 ], [ 133.597978707352439, 18.02858109234387 ], [ 133.595282942754039, 18.03107511562439 ], [ 133.593937507511185, 18.032323159686442 ], [ 133.583177226249262, 18.042330299204195 ], [ 133.581835112201617, 18.043581695938883 ], [ 133.579152874306629, 18.046089255814891 ], [ 133.577813844933559, 18.047344396427135 ], [ 133.572461679963141, 18.052374428737266 ], [ 133.571126081504389, 18.053632936411347 ], [ 133.568457628417804, 18.056154024788512 ], [ 133.567125881755345, 18.057415555983582 ], [ 133.556174424410443, 18.067816344049575 ], [ 133.55481803452497, 18.069107923392252 ], [ 133.552107405933072, 18.071696009463395 ], [ 133.550754278787821, 18.07299145679076 ], [ 133.545346053678287, 18.078183026225915 ], [ 133.543996531015779, 18.079481960224669 ], [ 133.541300409386992, 18.082084028955109 ], [ 133.539954908492547, 18.083386102487125 ], [ 133.529195039120708, 18.093826118980573 ], [ 133.527853079756625, 18.09513161713086 ], [ 133.525171379655973, 18.097747507541811 ], [ 133.523832732495208, 18.099056835005157 ], [ 133.518482549631102, 18.104303868329069 ], [ 133.51714754832156, 18.105616643793226 ], [ 133.514480517062822, 18.108246363978836 ], [ 133.513149571696289, 18.109562238506939 ], [ 133.502543858712812, 18.120075506579752 ], [ 133.501221159230141, 18.121390122056852 ], [ 133.498578012166405, 18.124024194061818 ], [ 133.49725864377271, 18.125342578597397 ], [ 133.491985644322909, 18.130625735889311 ], [ 133.490669936169553, 18.131947504573859 ], [ 133.488041516403797, 18.13459515544254 ], [ 133.48672987498415, 18.135919957540253 ], [ 133.476241353556503, 18.146541573235325 ], [ 133.474933308525721, 18.147869701026366 ], [ 133.472319526125517, 18.150530774275936 ], [ 133.471014855352422, 18.151862636951549 ], [ 133.465800757000039, 18.157199659137163 ], [ 133.464499785138258, 18.158534867290626 ], [ 133.461900885618121, 18.161209367418664 ], [ 133.460604015563405, 18.162547566717237 ], [ 133.45023393035197, 18.173276316848913 ], [ 133.448940695357777, 18.174617804968079 ], [ 133.446356587887095, 18.177305575492269 ], [ 133.4450667694164, 18.178650763422382 ], [ 133.439912190895683, 18.184041040761713 ], [ 133.438626110007846, 18.185389536398461 ], [ 133.436057039201529, 18.188090580016564 ], [ 133.434775094295475, 18.189442024530194 ], [ 133.424584634273884, 18.200335693238102 ], [ 133.423292380439449, 18.201676625576241 ], [ 133.421758245847201, 18.203270717969616 ], [ 133.420718956015861, 18.204370835246181 ], [ 133.41944060480111, 18.205725839276582 ], [ 133.414328372656911, 18.211151886250988 ], [ 133.413060966191352, 18.212516608355017 ], [ 133.410538129531602, 18.215258526160355 ], [ 133.409278377196273, 18.216629530928557 ], [ 133.401025351839422, 18.22562330177449 ], [ 133.399219360286139, 18.227627146875719 ], [ 133.398401508723708, 18.228516874054762 ], [ 133.396653874177815, 18.23020686565458 ], [ 133.39583402252245, 18.231096884214239 ], [ 133.392555573681335, 18.234662145741837 ], [ 133.391737209505635, 18.235553662571974 ], [ 133.390101664660648, 18.237338551533412 ], [ 133.38928514949103, 18.238231197012539 ], [ 133.382752707971946, 18.245385010710052 ], [ 133.381533617583301, 18.246723544556303 ], [ 133.379098210314652, 18.249404643010308 ], [ 133.37788266685223, 18.250746355959947 ], [ 133.373029738032898, 18.256117076641999 ], [ 133.37175153520613, 18.257535583600642 ], [ 133.369198563163906, 18.260376709218079 ], [ 133.367924368615633, 18.261798688459109 ], [ 133.364307727920362, 18.265846054951908 ], [ 133.363871351682093, 18.26633485806758 ], [ 133.362998592012417, 18.267313412184606 ], [ 133.362551945516799, 18.267814692494312 ], [ 133.36067762347389, 18.269920333656714 ], [ 133.360198809128207, 18.270458804530648 ], [ 133.359475193925874, 18.271273438318985 ], [ 133.359100526469177, 18.271695581885851 ], [ 133.349216389025543, 18.28284047980469 ], [ 133.348391243961174, 18.283772505696888 ], [ 133.347983916725155, 18.284233860604587 ], [ 133.345521550479845, 18.287025316665563 ], [ 133.34429266197796, 18.288422254284114 ], [ 133.339382232304757, 18.294019325332002 ], [ 133.33815723067201, 18.29541941327571 ], [ 133.33571050183869, 18.29822351020708 ], [ 133.334489769288354, 18.299626373458594 ], [ 133.324730108808041, 18.310872149230718 ], [ 133.323513200174631, 18.312278108848062 ], [ 133.321082014324389, 18.315094694664552 ], [ 133.319868729958699, 18.316504173329363 ], [ 133.315020824751656, 18.322151356400397 ], [ 133.313811464128804, 18.32356394581987 ], [ 133.311396062278988, 18.326393009729941 ], [ 133.310191003112578, 18.327808331289802 ], [ 133.30055698961425, 18.3391536961866 ], [ 133.299355790337842, 18.340572073642619 ], [ 133.296956077161582, 18.343413466358584 ], [ 133.295758542623304, 18.344835324191294 ], [ 133.290973743744502, 18.350531972672584 ], [ 133.289780169819466, 18.351956900790483 ], [ 133.287396384535811, 18.354810609722222 ], [ 133.286207142646305, 18.356238225913884 ], [ 133.276699935355026, 18.36768188131407 ], [ 133.275514590227004, 18.369112512932574 ], [ 133.273146637507949, 18.371978387892668 ], [ 133.271964997587276, 18.373412463015143 ], [ 133.267243881500775, 18.37915792309991 ], [ 133.266066237267438, 18.380595028038428 ], [ 133.263714355433791, 18.383473052839477 ], [ 133.262541074711436, 18.384912799986054 ], [ 133.253161818463951, 18.396453434678733 ], [ 133.251992470477063, 18.397896157681842 ], [ 133.249656565099684, 18.400786184834899 ], [ 133.248490960990097, 18.402232313570593 ], [ 133.243834096067616, 18.408025926955375 ], [ 133.242672524518269, 18.409475042339864 ], [ 133.240352830319722, 18.412377055656975 ], [ 133.239195652858001, 18.413828768283352 ], [ 133.229945479901147, 18.425465059365337 ], [ 133.228792269348133, 18.426919707378943 ], [ 133.226488692799961, 18.429833556673771 ], [ 133.225339266594716, 18.431291571749014 ], [ 133.220747215811713, 18.437132673834057 ], [ 133.219601856341257, 18.438593635088424 ], [ 133.217314630366815, 18.441519301474912 ], [ 133.216173695559775, 18.44298281500501 ], [ 133.207053725549741, 18.45471342608414 ], [ 133.205916793626301, 18.456179832733582 ], [ 133.203645823796506, 18.459117169621791 ], [ 133.20251271399141, 18.460586904662136 ], [ 133.197986034928277, 18.466474826352609 ], [ 133.196857026931212, 18.46794746440446 ], [ 133.194602546171183, 18.470896450211299 ], [ 133.193477992516279, 18.472371594673703 ], [ 133.184489331618551, 18.484195181262976 ], [ 133.183368815019122, 18.485673178374867 ], [ 133.181130728900285, 18.488633665611559 ], [ 133.18001407309194, 18.490114950644866 ], [ 133.175553314334906, 18.496049015649746 ], [ 133.174440794507433, 18.49753316232588 ], [ 133.172219333256493, 18.500505128509261 ], [ 133.171111297449016, 18.5019917357304 ], [ 133.162255038340192, 18.513906939853669 ], [ 133.161151072864726, 18.515396357456439 ], [ 133.158946142951407, 18.518379655996554 ], [ 133.157846076936238, 18.519872321051039 ], [ 133.153451781675045, 18.525851848584423 ], [ 133.152355885816377, 18.527347333013338 ], [ 133.150167714768628, 18.530341937830613 ], [ 133.149076330808185, 18.531839836939184 ], [ 133.140353552674611, 18.543845290727972 ], [ 133.139266274119592, 18.545345957949749 ], [ 133.137094768409412, 18.548351724253166 ], [ 133.136011427086629, 18.549855599356718 ], [ 133.131684131318167, 18.555879901436484 ], [ 133.13060499252677, 18.557386552747758 ], [ 133.128450378782901, 18.560403452657738 ], [ 133.127375780668586, 18.561912470984026 ], [ 133.118787549206246, 18.574006794878045 ], [ 133.117717090672073, 18.575518539049668 ], [ 133.115579274464636, 18.578546427775905 ], [ 133.114512789134807, 18.580061340259007 ], [ 133.110253022559419, 18.586129725306805 ], [ 133.109190773036602, 18.587647369031274 ], [ 133.107069980096213, 18.590686216895818 ], [ 133.106012300028425, 18.592206181770322 ], [ 133.097559666546118, 18.604387986316922 ], [ 133.096506158433471, 18.605910633869144 ], [ 133.094402294331331, 18.608960297879889 ], [ 133.093352797194399, 18.610486071475535 ], [ 133.089161081419121, 18.616597841617605 ], [ 133.088115851565959, 18.618126304186035 ], [ 133.086029140233251, 18.621186751967457 ], [ 133.084988506814881, 18.622717488022161 ], [ 133.076672510029113, 18.634985371178075 ], [ 133.075636081840599, 18.636518747642285 ], [ 133.073566427948691, 18.639589835303084 ], [ 133.072534046709876, 18.64112629644184 ], [ 133.068410898844803, 18.647280749307583 ], [ 133.067382817263507, 18.648819854452952 ], [ 133.065330442946248, 18.651901548717888 ], [ 133.064306985679224, 18.653442879685272 ], [ 133.056128649018802, 18.665795432213855 ], [ 133.055109428458508, 18.667339359524121 ], [ 133.053074239285394, 18.670431518300262 ], [ 133.05205910254611, 18.671978488916579 ], [ 133.048005028909671, 18.678174916739522 ], [ 133.04699422330512, 18.679724487295474 ], [ 133.044976440511476, 18.682827073710996 ], [ 133.043970284401922, 18.684378823324423 ], [ 133.035930617804667, 18.696814621598051 ], [ 133.035259170475371, 18.697855242425604 ], [ 133.033917153554313, 18.699939332234777 ], [ 133.033247313313808, 18.70098167346589 ], [ 133.030570051367619, 18.705156157331317 ], [ 133.02990207632061, 18.70619978819002 ], [ 133.028567738711132, 18.708288769411624 ], [ 133.027901919338348, 18.709333269015588 ], [ 133.0225776945056, 18.717702234970673 ], [ 133.021587087674362, 18.719264019219622 ], [ 133.019609568427342, 18.722391275837026 ], [ 133.018623284637243, 18.723955753555416 ], [ 133.014685148002144, 18.730221537094721 ], [ 133.013703137790145, 18.731788719074643 ], [ 133.011743016827182, 18.734926462686602 ], [ 133.010765348542719, 18.736496315652985 ], [ 133.00817921040246, 18.740661660607444 ], [ 133.00785532316516, 18.741183849255677 ], [ 133.007207687185911, 18.742229071914679 ], [ 133.006884201945553, 18.74275168144527 ], [ 133.00561104071781, 18.744810638800459 ], [ 133.005293315635043, 18.745324978165513 ], [ 133.004658168540658, 18.746354204583199 ], [ 133.004341327490721, 18.746868148246833 ], [ 132.996565887106868, 18.759492252865556 ], [ 132.995591129027758, 18.761079683081107 ], [ 132.993676917556201, 18.764206790411336 ], [ 132.993370157008229, 18.764708409765746 ], [ 132.99272219727257, 18.765771248344848 ], [ 132.988878328473135, 18.772089298682332 ], [ 132.987920091839641, 18.77366919168027 ], [ 132.986007564797916, 18.77683230156984 ], [ 132.985054054101653, 18.778414227934675 ], [ 132.977436313435561, 18.79109113624709 ], [ 132.976487164451356, 18.792675481788436 ], [ 132.974592316283207, 18.795848338530391 ], [ 132.97364739141463, 18.797435557405478 ], [ 132.969874559164197, 18.803792698574512 ], [ 132.968934086839653, 18.805382336625925 ], [ 132.967057127984987, 18.808564894354745 ], [ 132.966121405878795, 18.810156518109139 ], [ 132.958646231139056, 18.822910885029614 ], [ 132.957714901322248, 18.824504882095155 ], [ 132.955855740051533, 18.82769700501315 ], [ 132.954928667624841, 18.829293830446275 ], [ 132.951227344966725, 18.835689330398665 ], [ 132.950304754761618, 18.837288529142583 ], [ 132.948463598816744, 18.840490169586005 ], [ 132.947545783112247, 18.842091304570431 ], [ 132.940214110493713, 18.854921660606351 ], [ 132.939300716755298, 18.856525124835116 ], [ 132.937477476205657, 18.859736145207378 ], [ 132.936568373132474, 18.861342393736763 ], [ 132.932939024117019, 18.867775514129065 ], [ 132.932034432043594, 18.869384089204871 ], [ 132.930229311034651, 18.872604441841872 ], [ 132.929329516844206, 18.874214904594538 ], [ 132.922142269950569, 18.887119768562911 ], [ 132.921246926505233, 18.888732514694212 ], [ 132.919459835103709, 18.891962062899083 ], [ 132.918568816498492, 18.893577549264919 ], [ 132.915011898880635, 18.900047546357669 ], [ 132.914125419153407, 18.901665313403853 ], [ 132.912356560608004, 18.90490400591554 ], [ 132.911474901246294, 18.906523610276921 ], [ 132.904432985694285, 18.919501492000691 ], [ 132.90355580765484, 18.921123333875002 ], [ 132.901805091132957, 18.924371036694481 ], [ 132.900932268509706, 18.925995573837156 ], [ 132.897448232850621, 18.932501701193132 ], [ 132.896579976984668, 18.934128473150892 ], [ 132.894847604834041, 18.937385131419106 ], [ 132.893984192716772, 18.939013691229306 ], [ 132.887088501533555, 18.952063091538889 ], [ 132.886229597718199, 18.953693842097564 ], [ 132.884515479106796, 18.956959323614214 ], [ 132.883660963982976, 18.958592724475011 ], [ 132.88025025184848, 18.965134230260773 ], [ 132.879400331360358, 18.966769818272823 ], [ 132.877704664139316, 18.970044067280213 ], [ 132.876859608084857, 18.971681392782415 ], [ 132.870111019009386, 18.984800804413794 ], [ 132.869270500034332, 18.986440274799293 ], [ 132.867593196969636, 18.989723157298371 ], [ 132.866757097262649, 18.991365233019735 ], [ 132.863420143025991, 18.997941361804806 ], [ 132.862588665835148, 18.99958557701305 ], [ 132.860929921179292, 19.002877037245781 ], [ 132.860103330005387, 19.004522940481706 ], [ 132.853502702788234, 19.017710845379611 ], [ 132.852680675673497, 19.01935884583429 ], [ 132.851040403092981, 19.022658750700984 ], [ 132.850222826722558, 19.024309311525712 ], [ 132.846960057561404, 19.030919302484207 ], [ 132.846147128887679, 19.032571954232807 ], [ 132.844525519937093, 19.035880245277482 ], [ 132.843717497964832, 19.037534534691474 ], [ 132.837265679767626, 19.05078940850467 ], [ 132.836462249733387, 19.052445748372961 ], [ 132.834859217180025, 19.055762294294937 ], [ 132.834060269366972, 19.057421147768196 ], [ 132.830872103465282, 19.064064236475588 ], [ 132.830077829429143, 19.065725134107993 ], [ 132.828493563028047, 19.06904987285364 ], [ 132.827704215477439, 19.070712357789489 ], [ 132.821402036375304, 19.084032665375489 ], [ 132.820617307743447, 19.085697153101449 ], [ 132.819051722059868, 19.08902995516894 ], [ 132.818271505326067, 19.090696910634335 ], [ 132.815158354574834, 19.097372327271472 ], [ 132.814382836799695, 19.099041278332834 ], [ 132.812836117993328, 19.102382079869486 ], [ 132.812065546488753, 19.104052567872259 ], [ 132.805913821266728, 19.117436767792796 ], [ 132.805147894760154, 19.119109210921664 ], [ 132.80361995919472, 19.122457882425664 ], [ 132.802858573364944, 19.124132747428803 ], [ 132.799820841559296, 19.130839717679265 ], [ 132.79906418076817, 19.132516529714266 ], [ 132.797555210105571, 19.135873007333942 ], [ 132.796803515370385, 19.137551304149952 ], [ 132.790803042627346, 19.150997844175649 ], [ 132.790056017172532, 19.152678049352957 ], [ 132.788565929574503, 19.156042203585116 ], [ 132.787823475373358, 19.157724782073387 ], [ 132.784861557315793, 19.16446253072165 ], [ 132.784123851535156, 19.166147008578051 ], [ 132.782652826867462, 19.169518772873374 ], [ 132.781920105129615, 19.171204684249204 ], [ 132.776071668173728, 19.184712006754239 ], [ 132.775343642695788, 19.186399777927804 ], [ 132.773891598219649, 19.189779024582748 ], [ 132.773168171874687, 19.191469123201855 ], [ 132.770282454272575, 19.198236867837494 ], [ 132.769563800629754, 19.199928815462869 ], [ 132.768130913511555, 19.203315476128736 ], [ 132.767417261898203, 19.205008807810714 ], [ 132.761721626952436, 19.218575345276236 ], [ 132.761235659398977, 19.219735905987591 ], [ 132.760265213569511, 19.222059725376411 ], [ 132.759781252403428, 19.223221746586688 ], [ 132.757848617420365, 19.227874630210323 ], [ 132.757366845204643, 19.229037646071106 ], [ 132.756405303562786, 19.231365156277448 ], [ 132.755925925341927, 19.232528702737966 ], [ 132.752095948369998, 19.241849770151248 ], [ 132.751399878502212, 19.243550514944786 ], [ 132.750012058210274, 19.246955058629268 ], [ 132.749320756548315, 19.248657760347555 ], [ 132.746563923486661, 19.255475197922379 ], [ 132.745875983490492, 19.25718328568064 ], [ 132.744504602806188, 19.260602155565437 ], [ 132.743821469685628, 19.262312171469858 ], [ 132.742039365924626, 19.266791367228166 ], [ 132.741811317639048, 19.267365328047831 ], [ 132.741355526836429, 19.268514054580223 ], [ 132.741127959688555, 19.269088382323275 ], [ 132.74034610708847, 19.271064310669999 ], [ 132.740149535073982, 19.271561685223887 ], [ 132.739756697714171, 19.272556848919876 ], [ 132.739560850553829, 19.273053575961953 ], [ 132.734105088179859, 19.286906516922613 ], [ 132.733764722664347, 19.287771964205064 ], [ 132.733094879725542, 19.289482534991421 ], [ 132.732030489815912, 19.292211955817478 ], [ 132.731554443583519, 19.293436361199369 ], [ 132.728845153181538, 19.3004297538304 ], [ 132.728184214430627, 19.30214293265054 ], [ 132.726866854222948, 19.305571914512825 ], [ 132.72621096876216, 19.307286320907451 ], [ 132.720978177101898, 19.321021029797038 ], [ 132.720327084128058, 19.322737099937598 ], [ 132.71902907643144, 19.326172776352792 ], [ 132.718382692308325, 19.327890983282586 ], [ 132.715805490731469, 19.33477082391471 ], [ 132.71516397014139, 19.336490681100543 ], [ 132.713885477733271, 19.339932976526043 ], [ 132.713249025722718, 19.341654010924231 ], [ 132.7081719399836, 19.355441592755767 ], [ 132.707540303842876, 19.357164241436976 ], [ 132.706281251179149, 19.360613031766206 ], [ 132.705654349069988, 19.362337767774079 ], [ 132.703155163680691, 19.369243641980788 ], [ 132.702533146688296, 19.370969979681135 ], [ 132.701293693849522, 19.374425187572669 ], [ 132.700676760724406, 19.376152649425521 ], [ 132.695756066190796, 19.389991501606886 ], [ 132.695143971418048, 19.391720528280189 ], [ 132.693924043760404, 19.395182030526627 ], [ 132.693316709999266, 19.396913096862235 ], [ 132.690895878043392, 19.40384419975031 ], [ 132.690293449184225, 19.405576816517168 ], [ 132.689093203189913, 19.409044534877808 ], [ 132.688495873486687, 19.410778223636498 ], [ 132.683732236554221, 19.424666735481878 ], [ 132.683139766787377, 19.426401939598264 ], [ 132.681959130510364, 19.429875750865534 ], [ 132.681371446035683, 19.431612944282378 ], [ 132.679029297564426, 19.43856847095843 ], [ 132.678446539576868, 19.440307165343697 ], [ 132.677285665001733, 19.443786990377689 ], [ 132.67670801966031, 19.445526703695009 ], [ 132.672102092338633, 19.459463259122572 ], [ 132.6715293285163, 19.461204436535922 ], [ 132.670388144598093, 19.464690153927904 ], [ 132.669820191249215, 19.466433272977625 ], [ 132.667557047320685, 19.473412412253538 ], [ 132.66699403934436, 19.475156981010201 ], [ 132.665872694469982, 19.478648508022602 ], [ 132.665314813528681, 19.480394043550632 ], [ 132.660867228940361, 19.494377017485803 ], [ 132.660314250203527, 19.496123967647222 ], [ 132.659212676924341, 19.499621183771126 ], [ 132.658664532043218, 19.501370025206882 ], [ 132.656480705621306, 19.508371964994581 ], [ 132.655937525896803, 19.510122204876325 ], [ 132.654855867205669, 19.513625026474074 ], [ 132.65431782710678, 19.515376180966427 ], [ 132.650029203085893, 19.529403943837366 ], [ 132.649496085876507, 19.531156462601075 ], [ 132.648434275222513, 19.534664770063387 ], [ 132.647906016150301, 19.536419128840038 ], [ 132.645801811205075, 19.543443051656041 ], [ 132.645278535277072, 19.545198759415484 ], [ 132.644236712954608, 19.548712467307155 ], [ 132.643718590141162, 19.550469036617159 ], [ 132.639589524737431, 19.564539952557126 ], [ 132.639076343699145, 19.566297834877545 ], [ 132.638054445856625, 19.56981682448712 ], [ 132.637546145438961, 19.571576497357825 ], [ 132.635521856949055, 19.578621584818606 ], [ 132.63501855945961, 19.580382554511701 ], [ 132.634016720096582, 19.583906738605407 ], [ 132.633518586514555, 19.585668516789013 ], [ 132.629549663387337, 19.599780945434702 ], [ 132.629056491364992, 19.601543985367144 ], [ 132.628074649326123, 19.605073246133799 ], [ 132.62758638130677, 19.606838028052977 ], [ 132.625642296155689, 19.613903456379816 ], [ 132.625159047253106, 19.615669482960612 ], [ 132.624197333841011, 19.619203732266811 ], [ 132.623719260536319, 19.62097051427844 ], [ 132.619911044459883, 19.635122806273102 ], [ 132.619437951601213, 19.636890799671093 ], [ 132.618496306560161, 19.640429918805907 ], [ 132.618028138388382, 19.642199602929779 ], [ 132.616164535365812, 19.649284547444495 ], [ 132.615701405196575, 19.651055424968135 ], [ 132.614779954431725, 19.654599326698076 ], [ 132.614322009753465, 19.656370905693038 ], [ 132.610675049314665, 19.670561407183811 ], [ 132.610222103068196, 19.672334147203387 ], [ 132.609320789923373, 19.675882711917993 ], [ 132.608872790846959, 19.67765709140204 ], [ 132.607089939749272, 19.68476072472788 ], [ 132.606646993964517, 19.686536245451748 ], [ 132.605765940746124, 19.690089384118153 ], [ 132.605328191243785, 19.6918655541524 ], [ 132.601843014344269, 19.706092606788829 ], [ 132.601410282159605, 19.707869884787556 ], [ 132.600549432211125, 19.711427480494109 ], [ 132.600121667881666, 19.713206347595474 ], [ 132.598419827713855, 19.72032783875909 ], [ 132.597997131962558, 19.722107795838411 ], [ 132.597156603994705, 19.72566975685416 ], [ 132.59673911441908, 19.727450309284905 ], [ 132.593416234572175, 19.741712248421862 ], [ 132.593003779401698, 19.743493858455054 ], [ 132.592183520354268, 19.747060067868333 ], [ 132.591776051923972, 19.74884321484295 ], [ 132.590155475395619, 19.75598173017309 ], [ 132.589753091732433, 19.757765914965347 ], [ 132.588953215818748, 19.76133628194431 ], [ 132.588556047324033, 19.763121008128209 ], [ 132.585395958257351, 19.777416164624611 ], [ 132.58512316510226, 19.778655899850378 ], [ 132.584579617555647, 19.781137796672311 ], [ 132.584309150047517, 19.782378650654536 ], [ 132.583231486144342, 19.787346305987498 ], [ 132.582963445907041, 19.788587787696571 ], [ 132.582429689279166, 19.791071900448159 ], [ 132.582164189626695, 19.792313519753492 ], [ 132.580047842934306, 19.802258302978942 ], [ 132.579669740066976, 19.804047463719826 ], [ 132.578918377181736, 19.807628100956322 ], [ 132.578545360880327, 19.809418415527929 ], [ 132.577062841077947, 19.81658484311663 ], [ 132.576694897851922, 19.818376297128964 ], [ 132.575963946879284, 19.82196111531357 ], [ 132.575600148628297, 19.823758430207818 ], [ 132.574664278134748, 19.828416389605209 ], [ 132.574491200908511, 19.829279471670574 ], [ 132.574375824185751, 19.82985628513984 ], [ 132.574157270042434, 19.830951543379228 ], [ 132.57404825422455, 19.831499106399036 ], [ 132.573690011085574, 19.833302905405205 ], [ 132.573452265410339, 19.834503762938709 ], [ 132.570579688702111, 19.849060084355642 ], [ 132.570464838082245, 19.849643456580651 ], [ 132.570235296921766, 19.85081224878661 ], [ 132.569885514605602, 19.852606865714733 ], [ 132.569417284381217, 19.855027616731718 ], [ 132.569184432816343, 19.856237707604464 ], [ 132.567777184470316, 19.863589042100983 ], [ 132.567467973268691, 19.865217883398913 ], [ 132.566790752292064, 19.868810952863441 ], [ 132.566454897775685, 19.870606945754389 ], [ 132.563785968947883, 19.884991690015113 ], [ 132.563455213588242, 19.886788531865619 ], [ 132.562798495355395, 19.890385012458779 ], [ 132.562472803177712, 19.892183185306294 ], [ 132.561179615846896, 19.899381415620326 ], [ 132.56085906419483, 19.90118041674333 ], [ 132.560222946732125, 19.904780211338092 ], [ 132.559907639926479, 19.906579538914983 ], [ 132.557403299623076, 19.920990776303483 ], [ 132.557093105462769, 19.92279090068007 ], [ 132.556477545603144, 19.926393895961837 ], [ 132.556172432612271, 19.928195299174035 ], [ 132.554961631275404, 19.935406352022028 ], [ 132.554661671399714, 19.937208530449681 ], [ 132.554066760873269, 19.940814628392772 ], [ 132.553772051240031, 19.942617080214532 ], [ 132.551432703257234, 19.95705311820727 ], [ 132.551143121558624, 19.958856312868946 ], [ 132.550568818996481, 19.962465400158408 ], [ 132.55028433465489, 19.964269822394755 ], [ 132.549156117161857, 19.971492850614908 ], [ 132.548876798526436, 19.973297994107369 ], [ 132.548323191163121, 19.976909972717451 ], [ 132.548049128165218, 19.978715335644608 ], [ 132.545875158312725, 19.993174478120295 ], [ 132.545606235839983, 19.994980531726696 ], [ 132.545073286803614, 19.998595287442868 ], [ 132.544809477876214, 20.000402515564247 ], [ 132.543764033084045, 20.007636670196462 ], [ 132.543505401553631, 20.009444567413283 ], [ 132.542993190883664, 20.013062001310601 ], [ 132.542739820387084, 20.014870063103331 ], [ 132.540731595587118, 20.02935061034276 ], [ 132.540483378205892, 20.031159311553608 ], [ 132.539991871728063, 20.034779309418013 ], [ 132.539748784079649, 20.036589132083236 ], [ 132.538786290055697, 20.0438335623694 ], [ 132.538548390596276, 20.045644000170853 ], [ 132.538077665652821, 20.049266463976664 ], [ 132.537845030824343, 20.051077012394785 ], [ 132.53600290001495, 20.06557726108224 ], [ 132.535775430891846, 20.06738839585816 ], [ 132.535325454206514, 20.071013211390863 ], [ 132.535103130106137, 20.072825415460869 ], [ 132.534223755922, 20.08007926794437 ], [ 132.534006629903246, 20.081892033191252 ], [ 132.533577473422582, 20.085519100626271 ], [ 132.533365616531086, 20.087331923429957 ], [ 132.531689908863171, 20.101850166652156 ], [ 132.531483230267867, 20.103663521854514 ], [ 132.531074863415, 20.107292726978415 ], [ 132.530873343330455, 20.109107099313633 ], [ 132.530077249965899, 20.116369520537319 ], [ 132.529880937855324, 20.118184400090627 ], [ 132.529493428979464, 20.121815643977186 ], [ 132.529302388695015, 20.123630527127517 ], [ 132.527793415334173, 20.138165054374156 ], [ 132.527607564138322, 20.139980415963919 ], [ 132.527240884459871, 20.143613584399816 ], [ 132.527060207063556, 20.145429910062745 ], [ 132.526347544704294, 20.152700043872301 ], [ 132.526172084274805, 20.154516824592207 ], [ 132.525826296746601, 20.158151816853177 ], [ 132.525656109942389, 20.159968546311774 ], [ 132.524314163168953, 20.174517644374362 ], [ 132.524149176244038, 20.176334799211986 ], [ 132.523824255685128, 20.1799715019838 ], [ 132.523664456050625, 20.181789567834812 ], [ 132.52303536678906, 20.189066557176233 ], [ 132.522880792215659, 20.190885024124981 ], [ 132.522576796182676, 20.194523335783686 ], [ 132.522427497032226, 20.196341697511542 ], [ 132.521252850239222, 20.210903650483345 ], [ 132.521108761760303, 20.212722384530821 ], [ 132.520825666871616, 20.216362191762073 ], [ 132.520686778272676, 20.218181782863326 ], [ 132.520141393411137, 20.225464769783713 ], [ 132.520007737967632, 20.227284708922582 ], [ 132.51974559728248, 20.230925910102883 ], [ 132.519617219060279, 20.232745689162584 ], [ 132.518610126756158, 20.24731877843908 ], [ 132.518486967300731, 20.249138876758252 ], [ 132.518245761034024, 20.252781360371813 ], [ 132.518127814047631, 20.254602261785294 ], [ 132.517666256792637, 20.261890385632995 ], [ 132.517553550157146, 20.263711581124937 ], [ 132.517333325972828, 20.26735524374979 ], [ 132.517225896559211, 20.269176225203068 ], [ 132.516386595266027, 20.283758729482201 ], [ 132.51628439450954, 20.28557997623534 ], [ 132.516085134422184, 20.289224704556887 ], [ 132.515988156928955, 20.291046701344555 ], [ 132.515610539695018, 20.298339102368118 ], [ 132.515518810644977, 20.300161339275007 ], [ 132.515340556922268, 20.303807030770258 ], [ 132.515254105093817, 20.305629000578278 ], [ 132.51458280885069, 20.320219195859636 ], [ 132.514501593774327, 20.32204137700819 ], [ 132.514344332925276, 20.32568792016184 ], [ 132.514268351903439, 20.327510796486393 ], [ 132.513974778114431, 20.334806611336262 ], [ 132.513904050932098, 20.336629674720058 ], [ 132.51376781982961, 20.340276965210137 ], [ 132.513702368969945, 20.342099705737184 ], [ 132.513199276526251, 20.356695868020267 ], [ 132.513159656893521, 20.357877270520021 ], [ 132.513082562511073, 20.360242121477199 ], [ 132.513045131828534, 20.361424256924352 ], [ 132.512899727640985, 20.366156180163898 ], [ 132.51286450119656, 20.367338550334296 ], [ 132.512796243552856, 20.369703988548736 ], [ 132.512763238433507, 20.370886093418903 ], [ 132.512507768918709, 20.380352759272796 ], [ 132.512476967139179, 20.381535089872898 ], [ 132.512417542636086, 20.383901085666935 ], [ 132.512388945993877, 20.385083785888412 ], [ 132.51227892383352, 20.389817243371454 ], [ 132.512252457685491, 20.391003817872161 ], [ 132.512201740418305, 20.393377651258021 ], [ 132.512177396669955, 20.394569735005746 ], [ 132.512083518240303, 20.399391162372694 ], [ 132.512057446894147, 20.400762215704276 ], [ 132.51204115747376, 20.401641249944078 ], [ 132.512016517848934, 20.403004797533754 ], [ 132.512002015381626, 20.40382729679277 ], [ 132.511968798022082, 20.405761689051133 ], [ 132.511945170134169, 20.407181572871707 ], [ 132.511910289928693, 20.409348742950556 ], [ 132.51189321989736, 20.410450050929512 ], [ 132.511868716968507, 20.412088925963502 ], [ 132.511856219089424, 20.41296758788431 ], [ 132.511832443712734, 20.414725125764448 ], [ 132.511821168912348, 20.415603762503906 ], [ 132.511796189343812, 20.417661998602597 ], [ 132.511790157590127, 20.418176181485904 ], [ 132.511778511370238, 20.419204831438151 ], [ 132.511772902298532, 20.419718680673043 ], [ 132.511696879008383, 20.426958751945222 ], [ 132.511686484644343, 20.428007257129593 ], [ 132.511678446503794, 20.42888561417999 ], [ 132.51166883005331, 20.430032641893149 ], [ 132.511639807131729, 20.433776366686345 ], [ 132.511633630588364, 20.434654258787305 ], [ 132.511622495182706, 20.436410526824801 ], [ 132.511617543515541, 20.437287709360817 ], [ 132.511547360422952, 20.451462217307949 ], [ 132.511541641633954, 20.45310543696678 ], [ 132.511534006390065, 20.456619505486145 ], [ 132.511532634025087, 20.458376065803179 ], [ 132.51153691839491, 20.465406095915 ], [ 132.511540432045791, 20.467162652634528 ], [ 132.511552351660072, 20.47067670406696 ], [ 132.511560750428686, 20.472432767958225 ], [ 132.511647561985825, 20.486494278788541 ], [ 132.511660844973079, 20.488250312102394 ], [ 132.511692315848762, 20.491764248421759 ], [ 132.511710492046376, 20.493520719705998 ], [ 132.511793019232783, 20.500550292062826 ], [ 132.51181608504524, 20.502306710286831 ], [ 132.511867120671724, 20.505820437063932 ], [ 132.511895068903101, 20.507576312996775 ], [ 132.512138431744262, 20.521636135799469 ], [ 132.512171268689514, 20.523391934390617 ], [ 132.512241868168502, 20.526905351800792 ], [ 132.512279604621398, 20.528661539798748 ], [ 132.512440419590376, 20.535689880983597 ], [ 132.51248304835454, 20.537445967357712 ], [ 132.512573221577469, 20.540958982771031 ], [ 132.512620728264864, 20.542714479190465 ], [ 132.513020724227971, 20.556771066231903 ], [ 132.513073123226519, 20.558526435846829 ], [ 132.513182871093051, 20.562038948538998 ], [ 132.513240176793062, 20.563794659896189 ], [ 132.513479316418312, 20.570820996492188 ], [ 132.513541515329592, 20.572576557662416 ], [ 132.513670843235474, 20.576088474104154 ], [ 132.513737916472763, 20.577843397654988 ], [ 132.514294609409404, 20.591895200303838 ], [ 132.514366579455015, 20.593649948486586 ], [ 132.514515490098148, 20.597161168853233 ], [ 132.514592372241083, 20.598916209315774 ], [ 132.514909862600717, 20.605939767906335 ], [ 132.514991640652426, 20.607694610518365 ], [ 132.515160134933097, 20.611205040380696 ], [ 132.515246781913703, 20.612959197709074 ], [ 132.515960217690377, 20.627004667331818 ], [ 132.516051763279364, 20.62875860072927 ], [ 132.51623984839128, 20.632268142061292 ], [ 132.516336312371465, 20.634022319175187 ], [ 132.51673217325154, 20.641042323644541 ], [ 132.516833533141977, 20.642796254344063 ], [ 132.517041202790125, 20.64630481181814 ], [ 132.517147427112974, 20.648058008670546 ], [ 132.518017635406494, 20.662095596635027 ], [ 132.518128761034205, 20.663848521892419 ], [ 132.518356026010025, 20.667355995683295 ], [ 132.518472073627578, 20.669109116093296 ], [ 132.518946315820386, 20.676124793025224 ], [ 132.519067261145693, 20.677877618457842 ], [ 132.519314110658257, 20.681383915935271 ], [ 132.519439913222328, 20.683135958957848 ], [ 132.520466907522092, 20.697164115731738 ], [ 132.520597613189722, 20.698915838595553 ], [ 132.520864060728769, 20.702420859035669 ], [ 132.520999693781647, 20.704172728489084 ], [ 132.521552319085032, 20.711183303567054 ], [ 132.521692848946742, 20.712934829479195 ], [ 132.521978878322926, 20.716438479352604 ], [ 132.522124260027653, 20.718189175190787 ], [ 132.523308034039445, 20.732206351242553 ], [ 132.523458320645346, 20.733956679257716 ], [ 132.523763947149376, 20.737458858739586 ], [ 132.523919163838997, 20.739209283881678 ], [ 132.524550165958004, 20.746213981890151 ], [ 132.52471027855691, 20.747964014927732 ], [ 132.52503548330165, 20.751464630488726 ], [ 132.525200441447993, 20.753213786687269 ], [ 132.526540974487403, 20.767218432485151 ], [ 132.52671083753583, 20.768967171398117 ], [ 132.527055637608242, 20.772466123213349 ], [ 132.527230435236703, 20.774214909790572 ], [ 132.52793979798426, 20.781212956413128 ], [ 132.528119490622458, 20.782961304121159 ], [ 132.528483861741421, 20.786458497762055 ], [ 132.528668390933973, 20.788205920067753 ], [ 132.530165644329912, 20.802196486978687 ], [ 132.530355079324096, 20.803943443435514 ], [ 132.530739041274757, 20.807438779976167 ], [ 132.530933413546819, 20.809185735533703 ], [ 132.531721113539248, 20.816176356454065 ], [ 132.531920379023092, 20.817922824579028 ], [ 132.532323903926198, 20.821416210490156 ], [ 132.532527997869266, 20.823161704649237 ], [ 132.534181914964194, 20.837136644940614 ], [ 132.534390914709348, 20.838881625586993 ], [ 132.534814024148915, 20.842372960144274 ], [ 132.535027962970418, 20.844117891328267 ], [ 132.535893967833232, 20.851100312230074 ], [ 132.536112798068274, 20.852844707417944 ], [ 132.536555458767822, 20.856333897991476 ], [ 132.537706777146951, 20.864934394407129 ], [ 132.538522080030731, 20.87072141935846 ], [ 132.539041011334263, 20.874849602527462 ], [ 132.539209055953989, 20.876175034150947 ], [ 132.539691254448911, 20.879946200856779 ], [ 132.540496528992122, 20.886009977778713 ], [ 132.541436628997786, 20.892834862639347 ], [ 132.541860818522451, 20.895860031815204 ], [ 132.542615857836466, 20.901151309086117 ], [ 132.543055675779584, 20.904180839974146 ], [ 132.543972906024948, 20.910392549077244 ], [ 132.545978057841268, 20.924152010007788 ], [ 132.546490764038055, 20.927603015367112 ], [ 132.54729092593621, 20.932888096309171 ], [ 132.547696520178675, 20.935529166838023 ], [ 132.54934231099972, 20.946096012021769 ], [ 132.549759132378909, 20.948735290201853 ], [ 132.550604239695048, 20.954013694576872 ], [ 132.551032096654495, 20.956650180361834 ], [ 132.55571727133534, 20.985133889517783 ], [ 132.555874139181441, 20.98608440547136 ], [ 132.556137368945457, 20.987674349292234 ], [ 132.556295793516966, 20.988628221515853 ], [ 132.556746817012851, 20.991335477650409 ], [ 132.556919293491461, 20.992365391150315 ], [ 132.557266018113097, 20.994425309880484 ], [ 132.557440190713095, 20.995454861852863 ], [ 132.558140563837213, 20.999574016727934 ], [ 132.558582845922643, 21.00214306145358 ], [ 132.559476696492567, 21.007271549742569 ], [ 132.559964257644907, 21.010032592530564 ], [ 132.561173943822979, 21.016794978106162 ], [ 132.561470182303566, 21.018438399213096 ], [ 132.562064859006824, 21.021712565482943 ], [ 132.562213307399162, 21.022526839542593 ], [ 132.562364133598777, 21.023348027589833 ], [ 132.56582563134819, 21.042122397830781 ], [ 132.566262428469059, 21.044466383616964 ], [ 132.567145413430836, 21.049155427181859 ], [ 132.567591242442319, 21.051498573001169 ], [ 132.569393400186328, 21.060873165364711 ], [ 132.569848195438368, 21.063214948711334 ], [ 132.570766941941685, 21.067898249205228 ], [ 132.571230575730652, 21.070238156566091 ], [ 132.574102677597381, 21.084589825560556 ], [ 132.574463991920112, 21.086381650093472 ], [ 132.575192239530594, 21.089966311796331 ], [ 132.575558877840791, 21.091757688467055 ], [ 132.577036708578049, 21.098925164665047 ], [ 132.577408587236761, 21.100715592550984 ], [ 132.578157770165518, 21.104296460013984 ], [ 132.578534767766399, 21.106085440890666 ], [ 132.581574648052737, 21.120406711900642 ], [ 132.581956912981951, 21.12219471251629 ], [ 132.582727075295082, 21.125771669727072 ], [ 132.583114661512951, 21.127559169420579 ], [ 132.584676312661969, 21.134711017200175 ], [ 132.585069131136066, 21.136497513250106 ], [ 132.585860196391678, 21.140070462182393 ], [ 132.586258119417408, 21.141855458163377 ], [ 132.589465537105212, 21.156144609886212 ], [ 132.589868721164777, 21.157928572546012 ], [ 132.590680737026702, 21.161497396288155 ], [ 132.59108923967753, 21.163280802267764 ], [ 132.592734584434226, 21.170416163675355 ], [ 132.593148311246324, 21.172198512951354 ], [ 132.593981194976578, 21.175763113477387 ], [ 132.594400011052613, 21.177543911422759 ], [ 132.597774702641203, 21.191799225254442 ], [ 132.598198773455039, 21.193578935020213 ], [ 132.599052575416437, 21.197139195418004 ], [ 132.599481960325051, 21.198918294543972 ], [ 132.601210862891577, 21.206036309828193 ], [ 132.601645463867754, 21.207814299190858 ], [ 132.602520095926621, 21.211370121434271 ], [ 132.602959769978469, 21.213146506406531 ], [ 132.606501452180993, 21.22736626823891 ], [ 132.606946374676369, 21.229141511072186 ], [ 132.60784189079132, 21.232692779148778 ], [ 132.608292121084816, 21.234467356483634 ], [ 132.610104434872625, 21.241567170388947 ], [ 132.610559872240657, 21.243340584001174 ], [ 132.611476177983405, 21.246887200784016 ], [ 132.611936672240716, 21.248658958744272 ], [ 132.615766940592806, 21.262814498191005 ], [ 132.616231424241761, 21.264583121114498 ], [ 132.61712657882893, 21.268135028609208 ], [ 132.617575330637266, 21.269910209388996 ], [ 132.617826360198848, 21.270900135433351 ], [ 132.61944239425182, 21.276997154895184 ], [ 132.619912949223959, 21.278767270693294 ], [ 132.620856916314239, 21.282307910581949 ], [ 132.621339888226117, 21.28407416289258 ], [ 132.625240543817, 21.298034928969287 ], [ 132.62580337642558, 21.299951150425727 ], [ 132.626669890304044, 21.303518185416209 ], [ 132.627161693558349, 21.305283079750524 ], [ 132.629140346850392, 21.312343924233147 ], [ 132.629637336494767, 21.314107547825472 ], [ 132.630636745889916, 21.317634473052976 ], [ 132.631138758247999, 21.319396336672071 ], [ 132.6351795075295, 21.333499180343239 ], [ 132.63568674224976, 21.335259741743926 ], [ 132.636706916092152, 21.338781470688645 ], [ 132.637219441524195, 21.340541203813899 ], [ 132.639281003316768, 21.347581285648204 ], [ 132.639798702548688, 21.349339694071887 ], [ 132.640839531119838, 21.352856134103831 ], [ 132.641362235979244, 21.354612733091358 ], [ 132.645568636783793, 21.368673194412906 ], [ 132.646096553213653, 21.370428436323834 ], [ 132.647158101266228, 21.373939467832656 ], [ 132.647691302112463, 21.375693826609393 ], [ 132.649835584445128, 21.382712295036981 ], [ 132.650373946501219, 21.384465277850722 ], [ 132.651456098920363, 21.387970808206774 ], [ 132.651999447716804, 21.389721928524409 ], [ 132.655782807431393, 21.402089394510313 ], [ 132.652142281641687, 21.400645171437958 ], [ 132.651249242259411, 21.400279612314648 ], [ 132.649462159851311, 21.399549421269143 ], [ 132.648568845276287, 21.39918508702246 ], [ 132.64141676637135, 21.396273327752311 ], [ 132.640523273731304, 21.395910215684268 ], [ 132.638734803669109, 21.395184722697252 ], [ 132.637840553799407, 21.394822637655125 ], [ 132.634260607241714, 21.393375748991929 ], [ 132.633365685579264, 21.393014713458541 ], [ 132.631574844903326, 21.392293574988884 ], [ 132.630679319795576, 21.391933630333114 ], [ 132.628463318327732, 21.391044583940982 ], [ 132.627567867863917, 21.39068599816062 ], [ 132.625776157544152, 21.389969835639675 ], [ 132.624880291592859, 21.389612415381237 ], [ 132.621294563294413, 21.388184464641625 ], [ 132.620398368190678, 21.387828228790141 ], [ 132.618604988729913, 21.387116694180691 ], [ 132.617708533722549, 21.386761684104954 ], [ 132.610528875308177, 21.383923581108689 ], [ 132.609632113631875, 21.383569735655129 ], [ 132.607837112693772, 21.382862790286026 ], [ 132.606939606378006, 21.382509979052656 ], [ 132.603346651127623, 21.381100207209215 ], [ 132.60244882285545, 21.380748581282432 ], [ 132.60065218155367, 21.380046270119607 ], [ 132.599754437818063, 21.379696001269963 ], [ 132.587586078135615, 21.374956762944606 ], [ 132.586687470151134, 21.374607403309341 ], [ 132.584888107500348, 21.373909174169427 ], [ 132.583988423027819, 21.373560720151431 ], [ 132.580386088747701, 21.372168137050153 ], [ 132.57948575136723, 21.371820741534407 ], [ 132.577684095445449, 21.371126896589175 ], [ 132.576783511650632, 21.370780728648128 ], [ 132.569569486543202, 21.368012931951739 ], [ 132.568668268726384, 21.367667804525922 ], [ 132.56686436719761, 21.366978309601649 ], [ 132.565962416433223, 21.36663422359095 ], [ 132.562351700471623, 21.365259388610326 ], [ 132.561449103094532, 21.364916365598191 ], [ 132.559642930777301, 21.364231270157376 ], [ 132.558739753337619, 21.363889348814752 ], [ 132.556503433487165, 21.363044362907544 ], [ 132.555600029418457, 21.36270367363619 ], [ 132.553792435272982, 21.362023319421269 ], [ 132.552888643596958, 21.361683803764862 ], [ 132.549271246571067, 21.360327517301471 ], [ 132.54836715182276, 21.359989193247003 ], [ 132.546557992857544, 21.359313501117555 ], [ 132.545653665185426, 21.358976407335689 ], [ 132.538411070414924, 21.356281799266043 ], [ 132.537506461254821, 21.355945877300769 ], [ 132.535695784234321, 21.355274808586046 ], [ 132.534790454717012, 21.354939934330787 ], [ 132.531166239031762, 21.353601975151236 ], [ 132.530260613636898, 21.353268294296754 ], [ 132.528448398775168, 21.352601891264612 ], [ 132.527542888494423, 21.352269565688403 ], [ 132.515272299277655, 21.347774585928704 ], [ 132.51436627548415, 21.347443307163218 ], [ 132.512552092905054, 21.346781283829557 ], [ 132.511645013307856, 21.346450932265043 ], [ 132.508013129103261, 21.345130829124827 ], [ 132.507105420879299, 21.344801548652953 ], [ 132.505289044853981, 21.344143952681492 ], [ 132.504381118094699, 21.343815904280973 ], [ 132.497108387043539, 21.341193245572271 ], [ 132.496199849644626, 21.340866249378337 ], [ 132.494381326037711, 21.340213045695805 ], [ 132.493472079973145, 21.339887105305934 ], [ 132.48983221788373, 21.338584908566872 ], [ 132.488922347688714, 21.338260042867205 ], [ 132.487101654918121, 21.337611281835621 ], [ 132.486191231640902, 21.337287528597017 ], [ 132.48393641003824, 21.336487317236191 ], [ 132.483025457959315, 21.336164683653863 ], [ 132.481202792075834, 21.335520457003781 ], [ 132.480291478469923, 21.335199005130306 ], [ 132.476644036893418, 21.333915018763491 ], [ 132.475732447195384, 21.333594764786994 ], [ 132.473908320813081, 21.332955232598266 ], [ 132.472996526069466, 21.332636213390941 ], [ 132.465694244194907, 21.330086364694324 ], [ 132.464782194044318, 21.329768523599 ], [ 132.462956653027646, 21.329133645401697 ], [ 132.462043905003071, 21.328816867304965 ], [ 132.45839005485746, 21.327551346717627 ], [ 132.457477039734584, 21.327235767417164 ], [ 132.455650065198739, 21.326605587278607 ], [ 132.454737194866624, 21.32629136055823 ], [ 132.442369064281849, 21.322042339083026 ], [ 132.441585064999657, 21.321773446287978 ], [ 132.440015060947104, 21.321235932293064 ], [ 132.439230109282818, 21.320967672620355 ], [ 132.436087130717596, 21.319895453212865 ], [ 132.435301652050413, 21.319627964259581 ], [ 132.43355242300666, 21.319033395475145 ], [ 132.43294435270073, 21.318827125172078 ], [ 132.426451761939717, 21.316627963510058 ], [ 132.42544638464372, 21.316287964918217 ], [ 132.424949173766009, 21.316120042606428 ], [ 132.423013772468295, 21.315467141096065 ], [ 132.422184155974747, 21.315187805373313 ], [ 132.420536871380335, 21.314634216896138 ], [ 132.419713152640526, 21.314357921781067 ], [ 132.41806014206216, 21.313804569825351 ], [ 132.41695825761829, 21.313436298346801 ], [ 132.414343830404192, 21.312563919989429 ], [ 132.41342478982304, 21.312257924763912 ], [ 132.411585945136181, 21.311646983821618 ], [ 132.410666555617382, 21.311342176600562 ], [ 132.406986823883841, 21.310124810212073 ], [ 132.406067177159031, 21.309821208082667 ], [ 132.404226954710822, 21.309215000272502 ], [ 132.403307126322971, 21.308912641006089 ], [ 132.395961714762194, 21.306503147702443 ], [ 132.395044231806452, 21.306202816407335 ], [ 132.393207844067689, 21.305602981193033 ], [ 132.392289686620103, 21.305303722788921 ], [ 132.388614238357292, 21.304108330435469 ], [ 132.387695719383004, 21.303810233955346 ], [ 132.385857760528012, 21.303215034746586 ], [ 132.384939175902588, 21.302918209008453 ], [ 132.37603418882739, 21.300046720480083 ], [ 132.375335081948862, 21.299821640856521 ], [ 132.373935418485331, 21.299371763096588 ], [ 132.373235655101922, 21.299147220368354 ], [ 132.370434161708118, 21.298249745529716 ], [ 132.36973404938729, 21.29802583052799 ], [ 132.368333204214451, 21.297578550010485 ], [ 132.3676330415324, 21.297355367056923 ], [ 132.362025072499961, 21.295570672348816 ], [ 132.361324631027315, 21.295348124316916 ], [ 132.359922748037349, 21.294903458128601 ], [ 132.35922187668919, 21.294681520736049 ], [ 132.356416401995745, 21.293794620126022 ], [ 132.355715304917936, 21.293573350030442 ], [ 132.354312491129434, 21.293131362023018 ], [ 132.353611361675377, 21.292910828472486 ], [ 132.347767887179003, 21.291075829286456 ], [ 132.346846106363415, 21.290786997622263 ], [ 132.345001345036877, 21.29021024440749 ], [ 132.344079010238971, 21.289922527003455 ], [ 132.340387083697721, 21.288773399373241 ], [ 132.339464402660639, 21.288486848389766 ], [ 132.337618134969915, 21.287914751864577 ], [ 132.33669530104774, 21.287629439247667 ], [ 132.329304323536036, 21.285349367379837 ], [ 132.328381100208645, 21.28506518251254 ], [ 132.326533248810989, 21.284497666234671 ], [ 132.32560937437384, 21.284214565950037 ], [ 132.321911084229583, 21.283083856435127 ], [ 132.32098674933971, 21.282801888396875 ], [ 132.319137177539375, 21.28223896135944 ], [ 132.318212558463671, 21.28195819121791 ], [ 132.312647140854068, 21.280272026233547 ], [ 132.311592002269464, 21.279952879322337 ], [ 132.309832091978279, 21.279421483415149 ], [ 132.308776265412718, 21.279103236725632 ], [ 132.305606524822196, 21.278149460729395 ], [ 132.304550207227379, 21.277832162824467 ], [ 132.302788860717925, 21.277304011671248 ], [ 132.301732133031948, 21.27698769852384 ], [ 132.299085963347153, 21.276196999292438 ], [ 132.297956577634835, 21.27586015552194 ], [ 132.296073538463389, 21.275299584708364 ], [ 132.294943868565412, 21.274963919949357 ], [ 132.29155295770309, 21.273958236883544 ], [ 132.290423161900407, 21.273623785310008 ], [ 132.288539360104238, 21.273067178707777 ], [ 132.287409749561192, 21.272734043741764 ], [ 132.280047961344991, 21.270566871864162 ], [ 132.27912068747051, 21.270294528370187 ], [ 132.277264780846139, 21.269750721818752 ], [ 132.276336887338317, 21.269479475497775 ], [ 132.272622582067498, 21.268396230402033 ], [ 132.271694321636488, 21.268126145105953 ], [ 132.26983691494209, 21.26758699524413 ], [ 132.268908525908529, 21.267318151012176 ], [ 132.261472979794945, 21.265169921554929 ], [ 132.260544193260245, 21.264902202375112 ], [ 132.258685231638452, 21.264367642653042 ], [ 132.257755814679768, 21.264101019746619 ], [ 132.254035390421592, 21.263036271906685 ], [ 132.253105517506384, 21.262770783944916 ], [ 132.251244891239281, 21.26224083504701 ], [ 132.250314722446802, 21.261976540485307 ], [ 132.24542885056232, 21.260591586333049 ], [ 132.24467306660992, 21.260377762624103 ], [ 132.243160589489918, 21.25995070156398 ], [ 132.242404433218809, 21.259737615299173 ], [ 132.239377846711449, 21.258886385398739 ], [ 132.238621490789825, 21.25867407614794 ], [ 132.237108124241018, 21.258250116849695 ], [ 132.236351730548364, 21.258038638572657 ], [ 132.230258313770634, 21.256457038661893 ], [ 132.229646917771476, 21.256317066379779 ], [ 132.227998812096615, 21.255803614645487 ], [ 132.227242578482475, 21.255590983437543 ], [ 132.224204982474504, 21.25477666441202 ], [ 132.223449137368988, 21.254563188740548 ], [ 132.221936910260553, 21.254136507194289 ], [ 132.221181414091376, 21.253923550431836 ], [ 132.211149741967716, 21.251098493900827 ], [ 132.210219456263331, 21.250836818165169 ], [ 132.208357331725921, 21.250313665443741 ], [ 132.20742492721925, 21.2500582363989 ], [ 132.203684609058456, 21.249064489135321 ], [ 132.202749936460833, 21.248816475000666 ], [ 132.200879880802773, 21.248320892795334 ], [ 132.199945259466887, 21.248073526172789 ], [ 132.192460113943667, 21.246094898960848 ], [ 132.191525169751657, 21.24584806383757 ], [ 132.189515604962054, 21.245318246240487 ], [ 132.188719204928674, 21.245117575116325 ], [ 132.185003042556701, 21.244014329098405 ], [ 132.184068006633794, 21.243765690834294 ], [ 132.182197075934624, 21.243269458419121 ], [ 132.181261575961145, 21.243021968589261 ], [ 132.179192351946341, 21.242475950605012 ], [ 132.178432204483585, 21.242275783101377 ], [ 132.176911400541798, 21.241876153162366 ], [ 132.176151090301431, 21.241676780659418 ], [ 132.173108294412742, 21.240880544301945 ], [ 132.172347896039497, 21.240681977591493 ], [ 132.170826458074913, 21.240285515064954 ], [ 132.170066039017144, 21.240087780227384 ], [ 132.163976606236275, 21.238507568869608 ], [ 132.163216144910024, 21.238310634428586 ], [ 132.161694168252239, 21.237917328522173 ], [ 132.160933273452457, 21.237721117136459 ], [ 132.157887602431202, 21.23693739124792 ], [ 132.157126694142022, 21.236742003640842 ], [ 132.155604239044834, 21.236351901119804 ], [ 132.154843726457983, 21.236157449706866 ], [ 132.142665667586954, 21.233049926013564 ], [ 132.141905907732195, 21.232856442271299 ], [ 132.140384512935299, 21.232469830019028 ], [ 132.139623911315397, 21.232276964111179 ], [ 132.13657859282867, 21.231506412391241 ], [ 132.135817568526164, 21.231314263243178 ], [ 132.134294885001651, 21.2309306394381 ], [ 132.133533848109124, 21.230739319464448 ], [ 132.127438118275876, 21.229210128444947 ], [ 132.126676680284987, 21.229019516238054 ], [ 132.12515275839408, 21.228638861994085 ], [ 132.124390895024902, 21.228448975540147 ], [ 132.121341362314894, 21.227690560171595 ], [ 132.120579105042481, 21.227501400369647 ], [ 132.119053960971797, 21.227123756156857 ], [ 132.118291333178973, 21.226935336496894 ], [ 132.117513428602393, 21.226743568661163 ], [ 132.116572635219569, 21.226512282816088 ], [ 132.114690616779086, 21.226050871251147 ], [ 132.113749700189288, 21.225820820175272 ], [ 132.109984272057233, 21.224902691506259 ], [ 132.109043265534666, 21.224673871602533 ], [ 132.107160419717985, 21.224217291195345 ], [ 132.106219346645986, 21.223989716852344 ], [ 132.098683342663008, 21.222172239157771 ], [ 132.097742147282617, 21.221945861812287 ], [ 132.095858414734977, 21.22149404511444 ], [ 132.09491664468797, 21.221268791022084 ], [ 132.091146898011544, 21.220369638048851 ], [ 132.090204948999514, 21.220145590846727 ], [ 132.088320222701014, 21.219698560340618 ], [ 132.087378479633486, 21.219475821652139 ], [ 132.075920824487326, 21.216773172744098 ], [ 132.075156402546469, 21.21659324808013 ], [ 132.073625798692234, 21.216233815138935 ], [ 132.072860601535837, 21.216054537986878 ], [ 132.069797024114138, 21.21533842133158 ], [ 132.069031443846512, 21.215159877127007 ], [ 132.067499664579003, 21.214803474001769 ], [ 132.066734088807863, 21.214625760770616 ], [ 132.060602181046221, 21.213205582871865 ], [ 132.059836279721281, 21.21302859989035 ], [ 132.058303442850701, 21.212675223882769 ], [ 132.0575371314346, 21.212498975647577 ], [ 132.054469826321935, 21.211795153623797 ], [ 132.053703231619721, 21.211619662617721 ], [ 132.052169427078212, 21.211269368586954 ], [ 132.051402671396687, 21.211094669883551 ], [ 132.047750527265663, 21.210264510199181 ], [ 132.046805748087849, 21.21005037892229 ], [ 132.044915392931699, 21.209623192856469 ], [ 132.043970320574346, 21.209410253180977 ], [ 132.040187924033745, 21.208560511658675 ], [ 132.039242689798954, 21.208348780672168 ], [ 132.037351410140303, 21.207926394288165 ], [ 132.036406134535838, 21.207715911560371 ], [ 132.028836184742971, 21.20603520276282 ], [ 132.027890713986352, 21.205825894549747 ], [ 132.025998448670094, 21.20540824309623 ], [ 132.025052425729797, 21.205200069827555 ], [ 132.021265705249192, 21.204369285114723 ], [ 132.020319429598459, 21.204162299850594 ], [ 132.018426073405209, 21.20374940850877 ], [ 132.017479835526757, 21.203543685892669 ], [ 132.00884742756719, 21.201672426941315 ], [ 132.008079073790583, 21.201506264602841 ], [ 132.006541003765477, 21.201174472324396 ], [ 132.005772083415678, 21.20100901415509 ], [ 132.002694021512724, 21.200348308327989 ], [ 132.001924829567912, 21.200183610985277 ], [ 132.00038584133452, 21.199854914173301 ], [ 131.999616670972983, 21.199691047804208 ], [ 131.993456428272253, 21.198381863332514 ], [ 131.99268704477177, 21.198218754192737 ], [ 131.991147256141659, 21.197893144753152 ], [ 131.990377476939869, 21.19773077755363 ], [ 131.987296325865401, 21.197082518343933 ], [ 131.986526377591105, 21.196920934453857 ], [ 131.98498587759687, 21.196598465447323 ], [ 131.984215980584253, 21.196437717027237 ], [ 131.977664607436083, 21.195073248531912 ], [ 131.976716170715605, 21.194876326681509 ], [ 131.974818130852583, 21.194483492919204 ], [ 131.97386922918227, 21.194287726697667 ], [ 131.970071166451731, 21.19350663402426 ], [ 131.969122030058344, 21.193312059404661 ], [ 131.967222967666743, 21.192923998344128 ], [ 131.966273815085316, 21.192730670184602 ], [ 131.958672522120111, 21.191187264481187 ], [ 131.957723099741798, 21.190995095547692 ], [ 131.955822950969349, 21.19061174513638 ], [ 131.954872999789842, 21.190420720140651 ], [ 131.951070605025194, 21.189658576182751 ], [ 131.950120327391716, 21.189468723903076 ], [ 131.948218988815626, 21.189090112918819 ], [ 131.947268578083566, 21.188901483716791 ], [ 131.941489676707903, 21.187758260136093 ], [ 131.94071768157707, 21.187605940162484 ], [ 131.939172733535116, 21.18730193423724 ], [ 131.938400382272704, 21.187150366996178 ], [ 131.935309014000637, 21.186545348089567 ], [ 131.934536506255341, 21.186394566856194 ], [ 131.93299089811174, 21.186093712155383 ], [ 131.932218427239405, 21.185943760995997 ], [ 131.926032210319164, 21.184746102351028 ], [ 131.925259640520636, 21.184596931803299 ], [ 131.92371349008593, 21.184299217535113 ], [ 131.92294053897561, 21.184150796122708 ], [ 131.919846724547057, 21.183558356033728 ], [ 131.919073718577948, 21.183410739514358 ], [ 131.917527117583489, 21.183116216040844 ], [ 131.916754376014438, 21.18296947096465 ], [ 131.907282014754088, 21.181175445790558 ], [ 131.906330248742307, 21.180995783728804 ], [ 131.90442517708064, 21.180637416483933 ], [ 131.903472773450545, 21.180458881272784 ], [ 131.899660347647938, 21.179746681164829 ], [ 131.898707633750661, 21.179569322266588 ], [ 131.896801440634505, 21.179215707039816 ], [ 131.89584873663037, 21.179039594602017 ], [ 131.888218705829246, 21.177633984820915 ], [ 131.887265656485766, 21.177459018119521 ], [ 131.885358275364666, 21.177110094655632 ], [ 131.884404720602134, 21.176936279985853 ], [ 131.880587952872617, 21.176243026794651 ], [ 131.879633997911725, 21.176070374048862 ], [ 131.877725325364423, 21.17572617472365 ], [ 131.876771064633459, 21.175554710881585 ], [ 131.873870709665795, 21.175035453124082 ], [ 131.872532982511331, 21.174797177747934 ], [ 131.869856663954153, 21.174322918468363 ], [ 131.868518633728428, 21.174087033490224 ], [ 131.863163762697837, 21.17314785079293 ], [ 131.861825541815989, 21.172914351716486 ], [ 131.859147912946611, 21.1724495883781 ], [ 131.857809595836585, 21.172218512974496 ], [ 131.84709231565833, 21.170377539592209 ], [ 131.845753730550683, 21.170148787137293 ], [ 131.843074654672392, 21.169693395634027 ], [ 131.841735254778456, 21.169466942745572 ], [ 131.836373881650076, 21.168565325629515 ], [ 131.835034102242304, 21.16834122356903 ], [ 131.832353374309065, 21.167895262356893 ], [ 131.83104623579564, 21.167678969109602 ], [ 131.818161819712969, 21.165558656407285 ], [ 131.816631786029035, 21.165307613356049 ], [ 131.81598788133627, 21.165202213711495 ], [ 131.81395249431327, 21.164869630929019 ], [ 131.813119213082047, 21.1647339484133 ], [ 131.811452221643464, 21.164463453026315 ], [ 131.810618852279191, 21.164328695912758 ], [ 131.807539287608648, 21.163832449108583 ], [ 131.806768083880826, 21.163708574691185 ], [ 131.805225117945184, 21.163461540817934 ], [ 131.804453880942475, 21.163338465897795 ], [ 131.799804547842001, 21.162598895822754 ], [ 131.799224076830484, 21.162506780963554 ], [ 131.798062425241511, 21.16232289568552 ], [ 131.79748171770737, 21.162231199011103 ], [ 131.795157472040415, 21.161865093999182 ], [ 131.794577050491824, 21.161773893750592 ], [ 131.793415814388624, 21.161591886256986 ], [ 131.792836200430912, 21.161501266970333 ], [ 131.777478503031062, 21.159105488327924 ], [ 131.775102543648046, 21.158738569429801 ], [ 131.770347268611914, 21.158011831781096 ], [ 131.76796964098699, 21.157652272035193 ], [ 131.758452069008825, 21.156228053482323 ], [ 131.756073342411611, 21.155875868177219 ], [ 131.751313379210245, 21.155178735310869 ], [ 131.748934080643977, 21.154834070136673 ], [ 131.729878120079803, 21.152103185214031 ], [ 131.72749769466364, 21.151765740696732 ], [ 131.722733088261776, 21.151097919433738 ], [ 131.720350847114588, 21.150767816981613 ], [ 131.710814520674518, 21.149461446488942 ], [ 131.708431033965354, 21.149138696893715 ], [ 131.703661650365831, 21.148500468721977 ], [ 131.701277445998386, 21.148185214976024 ], [ 131.685860623569766, 21.146170719203695 ], [ 131.683934979916529, 21.145921499977447 ], [ 131.680080902911783, 21.145427647168503 ], [ 131.67815403887866, 21.145183215933059 ], [ 131.6704410806922, 21.144214595727334 ], [ 131.668513545764, 21.143974978562824 ], [ 131.664656758203392, 21.143500473768086 ], [ 131.662729076686134, 21.143265778593332 ], [ 131.647290766756129, 21.141405379854604 ], [ 131.645362465606098, 21.141175408818441 ], [ 131.641503124869956, 21.140720078469371 ], [ 131.63957365639979, 21.140494907114572 ], [ 131.631850384788123, 21.139603378593506 ], [ 131.629920298483654, 21.139383026705673 ], [ 131.6260584630285, 21.138947071350657 ], [ 131.624128285892681, 21.138731643251106 ], [ 131.608670200769467, 21.137025549290172 ], [ 131.606739456161364, 21.136814850725159 ], [ 131.602875278871835, 21.136398094097217 ], [ 131.600943420902951, 21.136192206905207 ], [ 131.5932106911213, 21.135377870792439 ], [ 131.591278268378147, 21.135176808463342 ], [ 131.587411813104865, 21.134779450211795 ], [ 131.585479355288868, 21.134583313469562 ], [ 131.570003208182271, 21.133031714042943 ], [ 131.568070233255497, 21.132840311331734 ], [ 131.564201648387922, 21.132462174290254 ], [ 131.56226761495887, 21.132275594643403 ], [ 131.554526283162119, 21.131538540871247 ], [ 131.55259173891821, 21.131356792382462 ], [ 131.548721091905264, 21.130998074401987 ], [ 131.546786567446503, 21.130821251499981 ], [ 131.531294073363512, 21.129424318378 ], [ 131.529359083056164, 21.129252234903333 ], [ 131.525486519588043, 21.128912758817251 ], [ 131.523550524737203, 21.128745507399543 ], [ 131.515801449778081, 21.128085817806635 ], [ 131.513864997172703, 21.127923402043848 ], [ 131.509990588295324, 21.12760336660233 ], [ 131.508054210333881, 21.127445875527201 ], [ 131.492547086979329, 21.126203765191917 ], [ 131.490610295329503, 21.126051018040442 ], [ 131.486734182237143, 21.12575024248008 ], [ 131.48479644000443, 21.125602338177572 ], [ 131.477040480734132, 21.125020085608753 ], [ 131.475102334705667, 21.12487702145782 ], [ 131.471224592941354, 21.124595702729863 ], [ 131.469286576415158, 21.124457561467807 ], [ 131.453766541493138, 21.123370412414971 ], [ 131.45182816343916, 21.123237019573139 ], [ 131.447948929699947, 21.122974976914094 ], [ 131.446009655022209, 21.122846435914568 ], [ 131.438247670294714, 21.122341686020405 ], [ 131.436308045780294, 21.122217988769563 ], [ 131.432427400105354, 21.12197541823133 ], [ 131.430487960851366, 21.121856642970073 ], [ 131.414956732967227, 21.120924575708841 ], [ 131.413016982548271, 21.120810551565995 ], [ 131.409135058936641, 21.120587271485874 ], [ 131.4071944658522, 21.120478108178503 ], [ 131.399427316318253, 21.120050916716735 ], [ 131.397486427357677, 21.119946599856007 ], [ 131.393603308546204, 21.119742805386522 ], [ 131.391662659704849, 21.119643408716769 ], [ 131.376121960160987, 21.118866527568571 ], [ 131.373112484154632, 21.118721892301778 ], [ 131.367090815289856, 21.118444286874876 ], [ 131.364080494819433, 21.11831140394861 ], [ 131.352032847538482, 21.117802961438031 ], [ 131.349024090989786, 21.117681814664422 ], [ 131.343004438404847, 21.117451212304104 ], [ 131.339999104675854, 21.117341952769351 ], [ 131.32947836593442, 21.116979819163589 ], [ 131.328790049121977, 21.116953120990132 ], [ 131.326976786549977, 21.116884932593877 ], [ 131.323341816772, 21.116752521811804 ], [ 131.321525170051387, 21.116688490981574 ], [ 131.307895701625881, 21.11622377440807 ], [ 131.306447240048357, 21.1161757020474 ], [ 131.303548368063758, 21.116082222017297 ], [ 131.302099276061455, 21.116036856616176 ], [ 131.296299314362187, 21.115860691118428 ], [ 131.294849701653305, 21.115818012891424 ], [ 131.291949602093297, 21.115735360698778 ], [ 131.290499573897335, 21.115695401122252 ], [ 131.289538457634848, 21.115669824403284 ], [ 131.287713320413928, 21.115623433774886 ], [ 131.284062797760868, 21.115534970163139 ], [ 131.282237973504294, 21.115492910669673 ], [ 131.274936380510468, 21.11533318567848 ], [ 131.273111915083319, 21.11529541415257 ], [ 131.269461898748006, 21.115224170759348 ], [ 131.267637834419276, 21.115190726771232 ], [ 131.253039774566247, 21.114939859087713 ], [ 131.252124487755196, 21.114924638062121 ], [ 131.250291912242261, 21.114895250915538 ], [ 131.249375864605412, 21.114881105479071 ], [ 131.245708661326404, 21.114826635341245 ], [ 131.244792360979687, 21.114813564594897 ], [ 131.242959245872868, 21.114788505885372 ], [ 131.242043202732503, 21.114776527814939 ], [ 131.234342518492809, 21.114680272477017 ], [ 131.231924210934068, 21.114653817120342 ], [ 131.227086470764363, 21.114608481396829 ], [ 131.224668217164691, 21.114589611821771 ], [ 131.214991522740803, 21.11452913780991 ], [ 131.212573059599578, 21.114517781171088 ], [ 131.207734867970117, 21.114502650077725 ], [ 131.205316595485016, 21.11449887922015 ], [ 131.201209473538739, 21.114498979944386 ], [ 131.195802766485571, 21.114451725067397 ], [ 131.192443636764693, 21.114429662898942 ], [ 131.185706210973905, 21.114400088693628 ], [ 131.182337461205435, 21.114392660293618 ], [ 131.180580005163762, 21.1143946819696 ], [ 131.177065102973046, 21.114402730901702 ], [ 131.175308134363689, 21.114408756359325 ], [ 131.168278411819784, 21.114440797405337 ], [ 131.166521884777836, 21.114450786175325 ], [ 131.163007907089451, 21.114474770194988 ], [ 131.161251777548472, 21.114488756451209 ], [ 131.148820776258759, 21.114601582697333 ], [ 131.148088504181857, 21.114608552443201 ], [ 131.146622280994194, 21.114623203298464 ], [ 131.145889373096992, 21.114630875414917 ], [ 131.142955273767171, 21.114662971319518 ], [ 131.142222150931758, 21.114671336813075 ], [ 131.140755516754638, 21.114688768372389 ], [ 131.140022602561913, 21.114697827243361 ], [ 131.134152875954925, 21.114773094203315 ], [ 131.133419813374331, 21.114782832062645 ], [ 131.131952903105088, 21.114803018245055 ], [ 131.131219651666044, 21.114813456676245 ], [ 131.128285079293647, 21.114856616040242 ], [ 131.127551746916339, 21.114867746949216 ], [ 131.126084695452647, 21.11489071203701 ], [ 131.125351388256178, 21.114902540819941 ], [ 131.122221230425822, 21.11495450274856 ], [ 131.121214804520179, 21.114971864160424 ], [ 131.119201553410193, 21.115007907189607 ], [ 131.118195214737881, 21.115026581611801 ], [ 131.114168400451859, 21.115103908019137 ], [ 131.113162256933407, 21.115123879264047 ], [ 131.111149451886689, 21.115165146454615 ], [ 131.110143611439213, 21.115186425313624 ], [ 131.102090063805719, 21.115361909125113 ], [ 131.101084358257282, 21.115384460524609 ], [ 131.099071887757788, 21.115430901515225 ], [ 131.098065942090415, 21.11545477222046 ], [ 131.09404005050871, 21.115552908940003 ], [ 131.093034182182379, 21.115578079165374 ], [ 131.091021938312991, 21.115629745217007 ], [ 131.090016466587912, 21.115656218560076 ], [ 131.080525151214971, 21.11591214223202 ], [ 131.079358058728502, 21.11594416529141 ], [ 131.077411058873992, 21.115998566181531 ], [ 131.076243163291707, 21.116031786238352 ], [ 131.072737100537466, 21.11613325944279 ], [ 131.071568870408015, 21.11616765221595 ], [ 131.069621253618749, 21.116225971451968 ], [ 131.068452912872118, 21.116261545034718 ], [ 131.06605938613265, 21.116335622191741 ], [ 131.064893603058209, 21.116372286652279 ], [ 131.06295031740413, 21.116434380342724 ], [ 131.06178472588519, 21.116472209425183 ], [ 131.058286655405851, 21.11658747912918 ], [ 131.057121221267863, 21.11662646294144 ], [ 131.055178306134195, 21.116692429112732 ], [ 131.0540130707478, 21.116732576647536 ], [ 131.04956610669106, 21.116887943524148 ], [ 131.048595641077071, 21.116922464900199 ], [ 131.046654182844833, 21.116992751414585 ], [ 131.045683741512136, 21.117028495869022 ], [ 131.041800450930992, 21.117173956713174 ], [ 131.040830180469271, 21.117210907158011 ], [ 131.038889163804271, 21.117286050910934 ], [ 131.037919209005139, 21.117324212742659 ], [ 131.030152912028058, 21.11763453100923 ], [ 131.029183075939471, 21.117673877247853 ], [ 131.027242405513249, 21.117753834172476 ], [ 131.026272361681009, 21.117794412482425 ], [ 131.022390197949932, 21.117959234831261 ], [ 131.021420226063668, 21.118001021830196 ], [ 131.019479814642779, 21.118085842288224 ], [ 131.018510195289792, 21.118128837975775 ], [ 131.010319559500459, 21.118497046501943 ], [ 131.009541927418894, 21.118532382663744 ], [ 131.007985591263122, 21.118603890457564 ], [ 131.007207655209669, 21.118640027915404 ], [ 131.00409403591155, 21.118786226203724 ], [ 131.003316072879244, 21.118823145172399 ], [ 131.001759768199264, 21.118897788902359 ], [ 131.000982058775918, 21.118935483086489 ], [ 130.994754386706603, 21.119240393729626 ], [ 130.99397670426211, 21.119278852337374 ], [ 130.992420538078278, 21.119356596929833 ], [ 130.991642689259692, 21.119395851437844 ], [ 130.988529689594344, 21.119554513430444 ], [ 130.987751921714704, 21.119594544053342 ], [ 130.986196010038526, 21.119675413789679 ], [ 130.985418575807131, 21.119716215131547 ], [ 130.978067557872151, 21.120105606288917 ], [ 130.977098335121212, 21.120157542137235 ], [ 130.975158966013765, 21.120262689971497 ], [ 130.974189581384309, 21.120315859689555 ], [ 130.970310145297532, 21.120531071951774 ], [ 130.969340849701126, 21.120585450358618 ], [ 130.9674018088472, 21.120695457229971 ], [ 130.966432854093256, 21.120751040728408 ], [ 130.958674231931269, 21.121200874421106 ], [ 130.957705314049889, 21.121257645024599 ], [ 130.955766504321474, 21.121372470463371 ], [ 130.954797402978471, 21.121430477634703 ], [ 130.950919058668234, 21.121665050501946 ], [ 130.949949948332261, 21.121724272657502 ], [ 130.948011285193076, 21.121843968824521 ], [ 130.947042340332729, 21.121904405963988 ], [ 130.941960801150941, 21.12222452684091 ], [ 130.941183638514559, 21.122273870842946 ], [ 130.939628679220874, 21.122373389820524 ], [ 130.938851439243621, 21.1224235279239 ], [ 130.935741057504771, 21.12262573688858 ], [ 130.934963911955805, 21.122676650207637 ], [ 130.933409257532475, 21.122779290732183 ], [ 130.932632380880392, 21.122830974770295 ], [ 130.92641185662265, 21.123247886981005 ], [ 130.925635126560252, 21.123300327348517 ], [ 130.924080883127004, 21.123406051648402 ], [ 130.923304001978437, 21.123459291513541 ], [ 130.920194910767378, 21.123673921914474 ], [ 130.919418231967001, 21.123727928901076 ], [ 130.91786451553574, 21.123836757660598 ], [ 130.917088396112973, 21.123891513782723 ], [ 130.906647938951579, 21.124633115426377 ], [ 130.905680553514941, 21.124702417183244 ], [ 130.903744463337347, 21.12484234000226 ], [ 130.902776730762383, 21.124912890917585 ], [ 130.898903532373168, 21.125197690920913 ], [ 130.897935806992706, 21.125269455921057 ], [ 130.89599993265162, 21.125414243173395 ], [ 130.895032572395991, 21.125487206070005 ], [ 130.88728639145441, 21.126076227835938 ], [ 130.886318985333872, 21.126150385032588 ], [ 130.884383227005486, 21.126299998046932 ], [ 130.883415664401838, 21.126375393610147 ], [ 130.879543521816601, 21.126679553319036 ], [ 130.878575868381887, 21.126756171060862 ], [ 130.876640144227764, 21.126910667393759 ], [ 130.875672471007903, 21.126988513609433 ], [ 130.873694494905436, 21.127148891508483 ], [ 130.872918176733293, 21.127212229861016 ], [ 130.871365345235603, 21.127339715056223 ], [ 130.870589176350251, 21.127403832221489 ], [ 130.867483534038485, 21.127661946641979 ], [ 130.86670758099072, 21.127726828230976 ], [ 130.865155325958114, 21.127857411590753 ], [ 130.86437965709618, 21.127923059402292 ], [ 130.858169279888926, 21.128451738457215 ], [ 130.857393858340885, 21.128518132706063 ], [ 130.855842248122457, 21.128651775559291 ], [ 130.85506669167566, 21.128718971104064 ], [ 130.851962931644806, 21.128989450303294 ], [ 130.851187659383839, 21.129057403077013 ], [ 130.849636773119443, 21.129194127906857 ], [ 130.848862209524128, 21.129262806433729 ], [ 130.836460820211329, 21.130368308850905 ], [ 130.835686241327636, 21.130437725720753 ], [ 130.834135480069023, 21.130577492058194 ], [ 130.833360349900801, 21.130647747995795 ], [ 130.830257461313664, 21.130930551504122 ], [ 130.829482198945044, 21.13100160244241 ], [ 130.827931334265003, 21.131144525399804 ], [ 130.827156363275918, 21.131216338963242 ], [ 130.820950188601302, 21.131794518502517 ], [ 130.820175103399066, 21.131867110878716 ], [ 130.818624173967436, 21.132013157181774 ], [ 130.817848961061287, 21.132086552652623 ], [ 130.814746591382715, 21.13238184594573 ], [ 130.813971287645501, 21.13245603371962 ], [ 130.81242034382413, 21.132605233045581 ], [ 130.811644990624899, 21.132680217618343 ], [ 130.810528342009803, 21.132788780178544 ], [ 130.809562577151411, 21.132883289932323 ], [ 130.807631030348915, 21.133073541511095 ], [ 130.806665585648631, 21.133169249161966 ], [ 130.802802877850837, 21.133554606859889 ], [ 130.801837791082022, 21.133651496220068 ], [ 130.799907230834975, 21.133846541185306 ], [ 130.798942544264008, 21.133944617650315 ], [ 130.791219165632953, 21.134734603719409 ], [ 130.790254782132962, 21.134833842108463 ], [ 130.788325107717952, 21.135033640890242 ], [ 130.787360602810821, 21.135134119444274 ], [ 130.783500770145423, 21.13553865878248 ], [ 130.78253652514158, 21.135640327139754 ], [ 130.780607655618979, 21.135844932797681 ], [ 130.779644057228751, 21.135947760381384 ], [ 130.768383523581434, 21.137156236971293 ], [ 130.767610198352514, 21.137239601426813 ], [ 130.766062112577487, 21.137407278223691 ], [ 130.765288327795105, 21.137491483545517 ], [ 130.762191008709095, 21.137830115168185 ], [ 130.761417145685556, 21.137915113691946 ], [ 130.759869096782182, 21.138085939914617 ], [ 130.759095540427751, 21.138171697466362 ], [ 130.75290090855114, 21.138861524240554 ], [ 130.752127325216321, 21.138948055208971 ], [ 130.750579415708017, 21.139121991287311 ], [ 130.749805720857609, 21.139209326249699 ], [ 130.746709455777278, 21.139560407187446 ], [ 130.745935790604818, 21.13964852456013 ], [ 130.744388140101506, 21.139825590279202 ], [ 130.74361464939696, 21.13991448016958 ], [ 130.739414619390146, 21.140399272309082 ], [ 130.738450795268392, 21.14051113178374 ], [ 130.736522736036221, 21.140736130468667 ], [ 130.735559047712314, 21.140849205826527 ], [ 130.731702995797292, 21.141304102702605 ], [ 130.730739583565793, 21.141418366064954 ], [ 130.728812399373652, 21.141648168029064 ], [ 130.727849410722257, 21.141763613100693 ], [ 130.720139311481063, 21.142692704505038 ], [ 130.719176545861302, 21.142809318695527 ], [ 130.717250131489294, 21.143043887066113 ], [ 130.716287269642322, 21.143161745918036 ], [ 130.712434058685432, 21.143635838823343 ], [ 130.711471374904391, 21.143754896471705 ], [ 130.70954565480875, 21.143994287906452 ], [ 130.708583431480889, 21.144114520968714 ], [ 130.700431209333402, 21.145138225548862 ], [ 130.699659412052739, 21.145235524100457 ], [ 130.698114821042537, 21.145431038511873 ], [ 130.697342791737157, 21.145529159943209 ], [ 130.694252946916805, 21.145923436218141 ], [ 130.693480958979904, 21.146022338260877 ], [ 130.691936677336486, 21.146220976017787 ], [ 130.691165011357469, 21.146320630792957 ], [ 130.684985997106793, 21.147121691113625 ], [ 130.68421442375714, 21.147222104916409 ], [ 130.682670552205394, 21.147423821952202 ], [ 130.681898883527452, 21.147525042447114 ], [ 130.678810759109666, 21.147931690695344 ], [ 130.678039239719425, 21.148033678311918 ], [ 130.676495898767058, 21.148238489914888 ], [ 130.675724780475178, 21.148341218572909 ], [ 130.668456515456256, 21.149313116807321 ], [ 130.667756591994049, 21.149407023116112 ], [ 130.666355855639239, 21.149595610949177 ], [ 130.665655726231449, 21.149690199843235 ], [ 130.662853653673466, 21.150070065381556 ], [ 130.662153562936879, 21.150165298190387 ], [ 130.660753100875269, 21.150356458084445 ], [ 130.660053298821282, 21.15045230692877 ], [ 130.654449721178679, 21.15122235232991 ], [ 130.653749975781039, 21.15131882980063 ], [ 130.652349823087178, 21.151512532078044 ], [ 130.651649985958471, 21.15160967774483 ], [ 130.648849317242508, 21.151999743393958 ], [ 130.648149561054225, 21.152097527579144 ], [ 130.646749768088256, 21.152293791126169 ], [ 130.646050265507853, 21.152392194944241 ], [ 130.64099260422617, 21.153106005738096 ], [ 130.639355208576518, 21.153338886980379 ], [ 130.636080294970526, 21.153808262042048 ], [ 130.63444356571884, 21.154044642546637 ], [ 130.627895325809419, 21.154997484147003 ], [ 130.626259431129, 21.155237305457717 ], [ 130.622987335097974, 21.155720590333317 ], [ 130.621352466543755, 21.155963855148173 ], [ 130.608264573451976, 21.15792529181914 ], [ 130.606630349711196, 21.158171954272802 ], [ 130.603360725917895, 21.158669053634299 ], [ 130.601726656860393, 21.158919289094115 ], [ 130.595188036998849, 21.159927726783366 ], [ 130.593553189128698, 21.160181652161867 ], [ 130.590283222693557, 21.160693151468081 ], [ 130.588646791117725, 21.160950936736754 ], [ 130.577849576497698, 21.162663521104946 ], [ 130.576215556902895, 21.162923349633246 ], [ 130.558277099309606, 21.165782566012979 ], [ 130.557479955536024, 21.165909865948038 ], [ 130.556152543605975, 21.166122322687613 ], [ 130.555356458334671, 21.166250022820748 ], [ 130.552888259985849, 21.166646855868237 ], [ 130.551630443890843, 21.166849775297408 ], [ 130.54974347198393, 21.167155202151065 ], [ 130.549026579213802, 21.167271608598213 ], [ 130.547592687553021, 21.167505134654675 ], [ 130.546299577564156, 21.167716871936591 ], [ 130.544541075610852, 21.16800848610319 ], [ 130.539872960169902, 21.168788156948239 ], [ 130.537540288753604, 21.169181456559414 ], [ 130.527020384583608, 21.170971644326329 ], [ 130.524392712154537, 21.171423452930384 ], [ 130.519137711736704, 21.172336413195268 ], [ 130.516512607771034, 21.172797176348951 ], [ 130.49427559314509, 21.176738852716312 ], [ 130.49149933472691, 21.177236079781693 ], [ 130.485945866409537, 21.178241246636503 ], [ 130.483170918303387, 21.17874877993242 ], [ 130.472069321842156, 21.180800148808089 ], [ 130.469296206555242, 21.181317795879949 ], [ 130.463750618096839, 21.182363532950944 ], [ 130.460979934577068, 21.182891283906059 ], [ 130.445727856256411, 21.185825052284684 ], [ 130.443823611071394, 21.186193765330387 ], [ 130.440014101770231, 21.186936391301771 ], [ 130.438110388084425, 21.187310003854037 ], [ 130.430493516163239, 21.188814768387289 ], [ 130.428590846590765, 21.189193133856378 ], [ 130.424785550613507, 21.189954864126264 ], [ 130.422884474639005, 21.19033791866039 ], [ 130.407665803434867, 21.193423855027277 ], [ 130.405765755385943, 21.193811566251213 ], [ 130.40196469881235, 21.194592198471497 ], [ 130.400065238920575, 21.194984802906674 ], [ 130.392465490989963, 21.196565557454903 ], [ 130.390567126472746, 21.19696290401518 ], [ 130.386770497261097, 21.197762597366363 ], [ 130.384873778502964, 21.198164617703384 ], [ 130.36969020603928, 21.201402377618138 ], [ 130.367794567365678, 21.201809042953329 ], [ 130.364002387101124, 21.202627594188755 ], [ 130.362107390544026, 21.203039148238531 ], [ 130.354525611967603, 21.204695716534388 ], [ 130.352631763845721, 21.205112000119243 ], [ 130.348844224082114, 21.205949567519042 ], [ 130.346952073879919, 21.206370508692601 ], [ 130.331805289083178, 21.209759730627525 ], [ 130.329914270227988, 21.210185306007332 ], [ 130.326131387154447, 21.211041685425926 ], [ 130.324241064374093, 21.211472141426356 ], [ 130.316678099615189, 21.213204339109438 ], [ 130.314788978329403, 21.213639513852968 ], [ 130.311010948896893, 21.214514861771733 ], [ 130.309123577691963, 21.214954676117742 ], [ 130.294015265892114, 21.218494983257273 ], [ 130.292129077295868, 21.218939421017836 ], [ 130.288355913195602, 21.219833533291308 ], [ 130.286470475532639, 21.220282844478135 ], [ 130.278927165456849, 21.222090477294103 ], [ 130.277042981448659, 21.222544494633098 ], [ 130.273274882330412, 21.223457525045092 ], [ 130.27139250146368, 21.223916164899379 ], [ 130.25632434439396, 21.227607162440933 ], [ 130.254443195597929, 21.228070412220092 ], [ 130.25068017045399, 21.229002157523922 ], [ 130.248799827451279, 21.229470273534588 ], [ 130.241277012025392, 21.231353140035708 ], [ 130.239397975737035, 21.231825949608179 ], [ 130.235640226915422, 21.23277656088996 ], [ 130.233763044130029, 21.233253974092008 ], [ 130.2187367208235, 21.237095250146126 ], [ 130.216860821370489, 21.237577261581691 ], [ 130.213108354267575, 21.238546535594566 ], [ 130.211233315465307, 21.239033404268753 ], [ 130.203731832858836, 21.24099129491276 ], [ 130.201858153831807, 21.241482844558107 ], [ 130.198111173492549, 21.24247093058932 ], [ 130.19623940012869, 21.242967064079153 ], [ 130.181256584224826, 21.246958190568648 ], [ 130.179386142757068, 21.247458909701209 ], [ 130.175644651879594, 21.248465603605069 ], [ 130.173775126821823, 21.248971170983083 ], [ 130.166295813401831, 21.251003868134489 ], [ 130.164427699379615, 21.251514101195085 ], [ 130.160691905707694, 21.252539552258895 ], [ 130.158825748610212, 21.253054351177752 ], [ 130.143888111947405, 21.257194882937711 ], [ 130.142023338007249, 21.257714253110692 ], [ 130.138293240641161, 21.258758255389466 ], [ 130.136429437069324, 21.259282464814305 ], [ 130.128973127408614, 21.261389740944082 ], [ 130.12711078613475, 21.261918601662501 ], [ 130.123386597314521, 21.262981303544734 ], [ 130.121526265125596, 21.263514710335983 ], [ 130.106635472349609, 21.267804185115551 ], [ 130.104776574580029, 21.268342148771751 ], [ 130.101058287111272, 21.269423343412853 ], [ 130.09920041276942, 21.269966136428366 ], [ 130.091767937840842, 21.272147756813865 ], [ 130.089911578856714, 21.27269518583455 ], [ 130.086199408576391, 21.273795019824661 ], [ 130.084345109939619, 21.274346974233936 ], [ 130.069502824795933, 21.278784913593228 ], [ 130.067650009141431, 21.279341411377459 ], [ 130.063943946157025, 21.28045967787213 ], [ 130.062092208788869, 21.281020993324574 ], [ 130.054684399566128, 21.283276714249382 ], [ 130.052834229716808, 21.283842651317684 ], [ 130.049134493462731, 21.284979493309265 ], [ 130.047286433422443, 21.285549935081832 ], [ 130.032494313362491, 21.29013584439403 ], [ 130.030647787565869, 21.290710812454677 ], [ 130.026954363653573, 21.291866025796821 ], [ 130.014989331692874, 21.29573806406097 ], [ 130.009500333075124, 21.297452262712 ], [ 129.997962404441893, 21.301115495484055 ], [ 129.995262809631441, 21.301978091915828 ], [ 129.993122094909069, 21.302666544525778 ], [ 129.989717332689537, 21.303770444351017 ], [ 129.985440465505832, 21.305168299277938 ], [ 129.984898471987236, 21.305345664471218 ], [ 129.982761239440293, 21.306045944964922 ], [ 129.982229820150479, 21.30622028303992 ], [ 129.980023220196159, 21.306945076354793 ], [ 129.973676201795712, 21.309061187424277 ], [ 129.967351837318262, 21.311200971348086 ], [ 129.966666353369902, 21.311433249145438 ], [ 129.963948981661105, 21.312355472427356 ], [ 129.962950740484899, 21.312694998875486 ], [ 129.955684006112875, 21.31498264123627 ], [ 129.95343087163829, 21.315743450600053 ], [ 129.952866665764844, 21.315934208497339 ], [ 129.951749378631263, 21.31631245345713 ], [ 129.951199178799612, 21.316498953064638 ], [ 129.944374566433368, 21.318815117424322 ], [ 129.943531567128872, 21.31910176283634 ], [ 129.941830897878475, 21.319681158259186 ], [ 129.94098098458565, 21.319971275054655 ], [ 129.937580238737524, 21.321134343075755 ], [ 129.936731012527076, 21.321425339408393 ], [ 129.935032482764058, 21.322008481406527 ], [ 129.934184494020116, 21.3223001765123 ], [ 129.918206695184125, 21.327805982560449 ], [ 129.916212330734794, 21.328496241009248 ], [ 129.912223577556375, 21.329882995604208 ], [ 129.910230815700316, 21.330578927875592 ], [ 129.902259721509296, 21.333375026236865 ], [ 129.900269082952633, 21.334076391313033 ], [ 129.896288903010742, 21.335484977849774 ], [ 129.894300983104273, 21.336191623744639 ], [ 129.878391173914366, 21.341871347884876 ], [ 129.876405332340966, 21.342583315068396 ], [ 129.872433702254199, 21.344013485334358 ], [ 129.870449533420441, 21.344731107455289 ], [ 129.862512961504677, 21.347613967910888 ], [ 129.860530982519123, 21.348336998554146 ], [ 129.856568193668096, 21.349788906333401 ], [ 129.854588998984042, 21.350517189017523 ], [ 129.838749306336041, 21.356370074020219 ], [ 129.837761451430623, 21.356735822001099 ], [ 129.8357841588128, 21.357469471838954 ], [ 129.834796064687254, 21.357836877270529 ], [ 129.830884607339641, 21.359451368985788 ], [ 129.82990118069543, 21.359822499409347 ], [ 129.827912065589913, 21.360520819380696 ], [ 129.826932356743242, 21.360906089844576 ], [ 129.820434647940857, 21.3632632803766 ], [ 129.819003935384245, 21.363797696207115 ], [ 129.818016442904906, 21.364166937154806 ], [ 129.816040706114023, 21.364906486545692 ], [ 129.815053265796877, 21.365276493715839 ], [ 129.811101991864376, 21.366758650191969 ], [ 129.810114678350686, 21.367129389410223 ], [ 129.808139840881296, 21.367871735692432 ], [ 129.807154155140807, 21.368246796152988 ], [ 129.804777478997977, 21.369164061472702 ], [ 129.803468030126425, 21.369670136068265 ], [ 129.800849374299929, 21.370683594672414 ], [ 129.799540683556614, 21.371190777232897 ], [ 129.796909655756536, 21.372211826115318 ], [ 129.794314335539099, 21.373243197416031 ], [ 129.793010779025195, 21.373761924573614 ], [ 129.790403511313599, 21.374800846582133 ], [ 129.789100862215861, 21.375320617852594 ], [ 129.785739640672801, 21.376675341294458 ], [ 129.778600571360215, 21.379309522117097 ], [ 129.777294905936259, 21.379820907209591 ], [ 129.774683212660563, 21.380846623573348 ], [ 129.773378248707928, 21.381360537559203 ], [ 129.768157653653276, 21.383422041794347 ], [ 129.766854087247253, 21.383938182501765 ], [ 129.764247310565366, 21.384973129506733 ], [ 129.762945871056132, 21.385491231635399 ], [ 129.742091251110793, 21.393814318676306 ], [ 129.739488827148335, 21.394858399196124 ], [ 129.734285475694975, 21.396957219000655 ], [ 129.731686668805111, 21.398011106627791 ], [ 129.721294456674542, 21.402247775015098 ], [ 129.718699937752802, 21.403311087537048 ], [ 129.713513895550903, 21.405447786786226 ], [ 129.710924483878699, 21.406520300272064 ], [ 129.690207153537841, 21.415145153026714 ], [ 129.687621949794419, 21.416226889060084 ], [ 129.682453214145511, 21.418400998307845 ], [ 129.679871788452743, 21.419492487488554 ], [ 129.669549448249342, 21.423879518025728 ], [ 129.666972465207806, 21.424980369149125 ], [ 129.661821659343133, 21.427192100635267 ], [ 129.659249933738039, 21.428302076280175 ], [ 129.638674823085665, 21.437226655985825 ], [ 129.636107455595408, 21.438345793024325 ], [ 129.63097456602398, 21.440594676403578 ], [ 129.62841113666579, 21.441723510831821 ], [ 129.618161125336115, 21.446259864801277 ], [ 129.615602291512715, 21.447397994622065 ], [ 129.61048794956028, 21.4496842358393 ], [ 129.607934523360115, 21.450831412839875 ], [ 129.587506532800631, 21.460053608787234 ], [ 129.584957613104081, 21.46120988153109 ], [ 129.579861793587412, 21.463533008442027 ], [ 129.577316971202237, 21.464698920119446 ], [ 129.56714173310516, 21.469383526429169 ], [ 129.564601658240775, 21.47055866515052 ], [ 129.559524998779949, 21.472918874706664 ], [ 129.55699048082684, 21.474102980568659 ], [ 129.53671448648484, 21.483620612801474 ], [ 129.534184621623154, 21.484813746957229 ], [ 129.529127088045612, 21.487210568813225 ], [ 129.526601480574897, 21.488413280748773 ], [ 129.516503443879543, 21.493245031433503 ], [ 129.513982735015503, 21.494456902064712 ], [ 129.508944971234342, 21.496890521481021 ], [ 129.506429967669561, 21.498111276514692 ], [ 129.486310810595711, 21.50792209223124 ], [ 129.483800605813627, 21.509151807210685 ], [ 129.478782566862861, 21.511621755640022 ], [ 129.476276777751451, 21.512860984547245 ], [ 129.46625835803755, 21.517838735669471 ], [ 129.463757617720688, 21.519087050427515 ], [ 129.458759953809164, 21.521593504137172 ], [ 129.456265064481414, 21.522850619660858 ], [ 129.436307560545998, 21.532952297710807 ], [ 129.434858752729525, 21.533687492584136 ], [ 129.431960200903319, 21.535162340270347 ], [ 129.430512205174665, 21.535901107250652 ], [ 129.424719457837483, 21.538864463324757 ], [ 129.42327292890289, 21.539606430093158 ], [ 129.420380871980143, 21.541093847603378 ], [ 129.41893652210311, 21.541838691302814 ], [ 129.407376583463275, 21.547815602708255 ], [ 129.405537887164684, 21.548769454247349 ], [ 129.401861859737693, 21.550682959751072 ], [ 129.400025810143376, 21.551641947318302 ], [ 129.392683881656154, 21.555489620250199 ], [ 129.390597646964494, 21.556587142982636 ], [ 129.386428021236867, 21.558789154596212 ], [ 129.384345197673923, 21.559893344902349 ], [ 129.383210443008039, 21.560497286420997 ], [ 129.382454754384725, 21.560899831962075 ], [ 129.377028106662152, 21.563793086782084 ], [ 129.376342675774282, 21.564158844655395 ], [ 129.37569792751853, 21.564503338058984 ], [ 129.374771835352277, 21.564998813245012 ], [ 129.372008611708878, 21.566478905777274 ], [ 129.371364904867079, 21.566824120437332 ], [ 129.370017099010653, 21.567547799491791 ], [ 129.3694349237837, 21.56786078424841 ], [ 129.355903851981822, 21.575142283689758 ], [ 129.354215270518722, 21.576053695322145 ], [ 129.350838870218041, 21.577881758037051 ], [ 129.349152427343626, 21.578797665380421 ], [ 129.342408150516491, 21.582471685520289 ], [ 129.340724273407005, 21.583391798992807 ], [ 129.33735822790041, 21.585236759968808 ], [ 129.335677428271339, 21.586160855639378 ], [ 129.322228516733304, 21.593577010570954 ], [ 129.320550219917124, 21.594505226934984 ], [ 129.317194447366347, 21.596366889221002 ], [ 129.315518339500073, 21.597299577913503 ], [ 129.30881552142003, 21.601040711760049 ], [ 129.307142026983769, 21.601977580501568 ], [ 129.303796800782294, 21.603856036727336 ], [ 129.302126430590789, 21.604796857989015 ], [ 129.288761209962701, 21.612346837436974 ], [ 129.287093387550527, 21.613291753312296 ], [ 129.283758624062074, 21.615186806526282 ], [ 129.282093041861202, 21.616136173146259 ], [ 129.275432446051553, 21.619943999816059 ], [ 129.273769524944242, 21.620897520404696 ], [ 129.270445499361273, 21.622809261438533 ], [ 129.268785747464818, 21.623766702171963 ], [ 129.255505741197368, 21.631449658974987 ], [ 129.253848583845667, 21.632411168241333 ], [ 129.250535209832918, 21.634339400143489 ], [ 129.248880343054196, 21.635305338570959 ], [ 129.242262727643066, 21.639179431785806 ], [ 129.240610569622987, 21.640149496302683 ], [ 129.237308124171392, 21.642094307207003 ], [ 129.235659180328156, 21.643068260392312 ], [ 129.222465901081279, 21.650883332999683 ], [ 129.220819597647079, 21.65186132863775 ], [ 129.21752799172387, 21.653822522491822 ], [ 129.215884029225748, 21.654804923908671 ], [ 129.209310149644153, 21.658744849295772 ], [ 129.207668943567597, 21.659731348922804 ], [ 129.204388454164274, 21.661709011162287 ], [ 129.202750506331796, 21.662699367082411 ], [ 129.189645462268714, 21.670645680454157 ], [ 129.188010200711091, 21.67164005184722 ], [ 129.184740737895396, 21.673633988218427 ], [ 129.183107868534222, 21.674632741108411 ], [ 129.176578475717264, 21.678638056201976 ], [ 129.174948408642791, 21.679640881222156 ], [ 129.171690251204978, 21.681651173563182 ], [ 129.170063486441364, 21.682657821601538 ], [ 129.157048174933976, 21.690734481811319 ], [ 129.155424143210752, 21.691745118342936 ], [ 129.152177196721283, 21.693771572400749 ], [ 129.150555606656923, 21.694786566147485 ], [ 129.14407144793941, 21.698856822185121 ], [ 129.142452706927969, 21.69987585838453 ], [ 129.139217253774206, 21.701918555097649 ], [ 129.137601858239719, 21.702941381939638 ], [ 129.124677770363547, 21.711147483369928 ], [ 129.123065152835153, 21.712174270826495 ], [ 129.119841095890621, 21.714233015941232 ], [ 129.118230970384019, 21.715264136331001 ], [ 129.111792788607517, 21.719398874658737 ], [ 129.110185558018003, 21.720434009622352 ], [ 129.106973180568531, 21.722508880480859 ], [ 129.105369339524287, 21.723547771912564 ], [ 129.092537956462451, 21.731882391859301 ], [ 129.09093693838966, 21.732925215126869 ], [ 129.087736140611554, 21.735016020173475 ], [ 129.086137664921949, 21.736063151193775 ], [ 129.079746197529545, 21.740261908660557 ], [ 129.078150663522848, 21.741313024576726 ], [ 129.074961729601313, 21.743419837555734 ], [ 129.073369627407232, 21.744474675766099 ], [ 129.060632420450503, 21.752936879833527 ], [ 129.059043187093863, 21.75399562200073 ], [ 129.055866015404746, 21.756118251356725 ], [ 129.05427937209609, 21.757181275196274 ], [ 129.047935354733369, 21.761443579657907 ], [ 129.046351699871735, 21.762510558715718 ], [ 129.043186575500414, 21.764649077293598 ], [ 129.041606395619425, 21.765719743571708 ], [ 129.028964830663341, 21.774308579377845 ], [ 129.027387562786231, 21.77538312173408 ], [ 129.024234383210484, 21.777537337078854 ], [ 129.02265975574349, 21.778616135026908 ], [ 129.016363917761424, 21.782941507145324 ], [ 129.014792322807608, 21.784024229734882 ], [ 129.011651374012871, 21.786194212892923 ], [ 129.010083297207217, 21.787280588528773 ], [ 128.997538828454736, 21.795995090201586 ], [ 128.995973708620028, 21.797085311338236 ], [ 128.99284488358515, 21.799270871653903 ], [ 128.991282453623199, 21.800365321402865 ], [ 128.985035519873719, 21.804753275543703 ], [ 128.983476167391728, 21.805851619357213 ], [ 128.980359753900387, 21.808052823379541 ], [ 128.978803961833734, 21.809154784266184 ], [ 128.966358036295304, 21.817993973343562 ], [ 128.964805245266376, 21.819099750953143 ], [ 128.961701136299354, 21.821316408925611 ], [ 128.96015108280713, 21.822426388167713 ], [ 128.953953774548125, 21.826876429703702 ], [ 128.95240684440094, 21.827990272433567 ], [ 128.949315326842196, 21.830222449106941 ], [ 128.947771998479567, 21.831339872937207 ], [ 128.935426051471296, 21.840302754768686 ], [ 128.933885769113459, 21.841423963845273 ], [ 128.930806734143886, 21.843671470362352 ], [ 128.929269236986755, 21.844796854092124 ], [ 128.923122269178208, 21.849308483899904 ], [ 128.921587940331648, 21.850437698741189 ], [ 128.918521675735832, 21.852700598054639 ], [ 128.916990990043047, 21.853833358023479 ], [ 128.904746450588419, 21.862918923569964 ], [ 128.903748207614086, 21.863660888539698 ], [ 128.90175144737205, 21.865147693611561 ], [ 128.900754030874651, 21.865891714431712 ], [ 128.896764367581937, 21.868873089322051 ], [ 128.895768175961194, 21.869618841336859 ], [ 128.893776644377368, 21.871112388626244 ], [ 128.892782115603467, 21.871859573260963 ], [ 128.8848231379786, 21.877849506849827 ], [ 128.883338184610494, 21.878970031542138 ], [ 128.880370330126908, 21.8812155388664 ], [ 128.878888371501859, 21.882339811033859 ], [ 128.872967358357442, 21.88684363382697 ], [ 128.871422374344007, 21.888022084751725 ], [ 128.868335044027987, 21.890383560553119 ], [ 128.866793393801316, 21.891566055729299 ], [ 128.862476156949384, 21.894886725942058 ], [ 128.861952521292238, 21.895289858740398 ], [ 128.860905063818421, 21.896097031753186 ], [ 128.860381676373919, 21.896500738318878 ], [ 128.858179851819415, 21.898200712393361 ], [ 128.857595206154741, 21.898652430165953 ], [ 128.857074754097454, 21.899054965814344 ], [ 128.856358811010779, 21.899609285440619 ], [ 128.844188365801102, 21.909039956828792 ], [ 128.84284234509883, 21.910085462774418 ], [ 128.839688672694734, 21.912542273907093 ], [ 128.838191132415119, 21.913712117420715 ], [ 128.832204329366874, 21.918401477546354 ], [ 128.830710082404977, 21.919575048749948 ], [ 128.827724133562839, 21.92192658074751 ], [ 128.826233645767076, 21.923103581065789 ], [ 128.81431149438086, 21.932542991166542 ], [ 128.81282422076211, 21.933723645430319 ], [ 128.809851432598208, 21.936089967678157 ], [ 128.808367131238612, 21.937274674287067 ], [ 128.802433396284556, 21.942023450821921 ], [ 128.800952431409911, 21.943211851845888 ], [ 128.797993096205374, 21.945593016504944 ], [ 128.796515930066818, 21.946784808872138 ], [ 128.784700619938491, 21.956342533781253 ], [ 128.783226710245259, 21.957537947718521 ], [ 128.780280708388574, 21.959933771326916 ], [ 128.778809816820484, 21.961133207032248 ], [ 128.772929840640387, 21.965940864879371 ], [ 128.771462329623233, 21.967143962624164 ], [ 128.768529952496436, 21.969554492845987 ], [ 128.767066278886745, 21.970760943263258 ], [ 128.755359185978392, 21.98043590739158 ], [ 128.75389881108228, 21.981645945204463 ], [ 128.750979938174538, 21.98407099947741 ], [ 128.749522629066661, 21.985285030280238 ], [ 128.743697096943748, 21.990151029846544 ], [ 128.742243210656483, 21.991368687615108 ], [ 128.739338132449149, 21.993808311804543 ], [ 128.737888124038733, 21.995029283574809 ], [ 128.726290611722817, 22.004820396944297 ], [ 128.72484394339395, 22.006044923734663 ], [ 128.721952539378805, 22.008498937076808 ], [ 128.72050898270416, 22.009727424481497 ], [ 128.714738573627386, 22.014651217180216 ], [ 128.713298481140697, 22.015883298275838 ], [ 128.710421042697618, 22.018351742139657 ], [ 128.70898486675847, 22.019587098566149 ], [ 128.697498290314599, 22.029493258607204 ], [ 128.696065497625483, 22.030732135879788 ], [ 128.693201900647892, 22.03321483040051 ], [ 128.691772264578987, 22.034457637710034 ], [ 128.686057653938207, 22.03943866866004 ], [ 128.684631525225569, 22.040685033687851 ], [ 128.681782061993005, 22.0431820184358 ], [ 128.68035988759928, 22.044431620123504 ], [ 128.668985591512779, 22.054451711677501 ], [ 128.668276447301167, 22.05507720185193 ], [ 128.666857511365976, 22.056330432303866 ], [ 128.666148683715932, 22.056957321823461 ], [ 128.663312834420623, 22.059468690327975 ], [ 128.662604698348702, 22.060096632953531 ], [ 128.661188940617564, 22.061353748477302 ], [ 128.660481894524338, 22.061982408761565 ], [ 128.654822854791433, 22.06702060511742 ], [ 128.654116500276729, 22.067650284333467 ], [ 128.652703925246357, 22.068911212083066 ], [ 128.651998280297136, 22.069541948003007 ], [ 128.649175950510454, 22.072068018624577 ], [ 128.648471048400353, 22.072699765382225 ], [ 128.647061764888946, 22.073964487371398 ], [ 128.646357664075737, 22.074597210792973 ], [ 128.645057622112603, 22.07576703272278 ], [ 128.644353188549559, 22.076401759833658 ], [ 128.642945054371495, 22.077672257269086 ], [ 128.642241634344288, 22.078307776683175 ], [ 128.639428812190971, 22.080852455177137 ], [ 128.638726437176189, 22.081488719229412 ], [ 128.637322217746743, 22.082762474908662 ], [ 128.636620945300848, 22.083399447626789 ], [ 128.631009544456077, 22.088502972534542 ], [ 128.630309315223514, 22.089140653918321 ], [ 128.628909009643991, 22.090417589600492 ], [ 128.628209503466593, 22.091056324090317 ], [ 128.625411771037221, 22.093614394389192 ], [ 128.624713358435343, 22.094253827652437 ], [ 128.62331706922825, 22.095533919055356 ], [ 128.622620141407111, 22.096173706651598 ], [ 128.611454733549436, 22.106436418206471 ], [ 128.61006211627469, 22.107719776846466 ], [ 128.607279054484962, 22.110291387337952 ], [ 128.605889743117501, 22.111578591479088 ], [ 128.600336793708408, 22.116737118923226 ], [ 128.598951126394269, 22.118027788152318 ], [ 128.596182746936421, 22.120613305759889 ], [ 128.594801159846526, 22.12190710103232 ], [ 128.583752413843087, 22.132280702592652 ], [ 128.582374386269436, 22.133577891906469 ], [ 128.579620559641995, 22.136177141262493 ], [ 128.578245883841333, 22.13747814370177 ], [ 128.572751585518375, 22.142691816674414 ], [ 128.571380594239741, 22.14399624553073 ], [ 128.568641613620258, 22.146609254513777 ], [ 128.567274739437977, 22.147916769843391 ], [ 128.556343962004831, 22.158400086895085 ], [ 128.554980687808808, 22.159710959393635 ], [ 128.552256423695582, 22.162337553535735 ], [ 128.55089654444069, 22.163652205885114 ], [ 128.545461549211524, 22.168920433531497 ], [ 128.544105394948502, 22.17023847542589 ], [ 128.541396138721865, 22.172878680806861 ], [ 128.540044138427021, 22.174199766906327 ], [ 128.529232628184133, 22.184791611444211 ], [ 128.527884268344707, 22.186116019638973 ], [ 128.525189889602103, 22.188769659992204 ], [ 128.523844968771215, 22.190097812964154 ], [ 128.518469920551382, 22.195419999034243 ], [ 128.517128766080333, 22.196751504678559 ], [ 128.514449556202209, 22.19941860518486 ], [ 128.513112590773886, 22.200753112766563 ], [ 128.502421631053977, 22.211452283296438 ], [ 128.500423153106937, 22.213460247292943 ], [ 128.496433414271365, 22.217485148720925 ], [ 128.494443417830126, 22.219500811813532 ], [ 128.486497065787972, 22.227581918271312 ], [ 128.484515829642447, 22.229604830798849 ], [ 128.480561010583273, 22.233659207506889 ], [ 128.478589037455009, 22.235689017834346 ], [ 128.462833285728067, 22.251970596865846 ], [ 128.460869898428399, 22.254007484857993 ], [ 128.456949781507802, 22.25809085660805 ], [ 128.454994651782584, 22.260135680217957 ], [ 128.447187378994755, 22.268333957546503 ], [ 128.445241134571262, 22.27038589569284 ], [ 128.441356448242033, 22.274498204029186 ], [ 128.439419936281553, 22.27655652376481 ], [ 128.418667743722068, 22.29869982903449 ], [ 128.417948021684737, 22.29946840044687 ], [ 128.416744896061033, 22.300754475938732 ], [ 128.416023458116484, 22.301526431500179 ], [ 128.41397697345954, 22.303718338330867 ], [ 128.4132742387159, 22.304472144674264 ], [ 128.411869691933731, 22.305981001122859 ], [ 128.411168201851893, 22.306735706787663 ], [ 128.408363566226825, 22.309757538580016 ], [ 128.406761976184981, 22.311489039288062 ], [ 128.403564656084569, 22.31495747890483 ], [ 128.401653013076412, 22.317039708016637 ], [ 128.400863290509704, 22.317903566196804 ], [ 128.395861333234649, 22.323381381745889 ], [ 128.394687881640976, 22.324669701945567 ], [ 128.392238880221186, 22.327365614931381 ], [ 128.39103461425637, 22.328694743667711 ], [ 128.377770439654938, 22.343370477066287 ], [ 128.37611721144097, 22.345205994261505 ], [ 128.37281589733621, 22.348884462448268 ], [ 128.371169158630465, 22.350725916967804 ], [ 128.364592422802531, 22.358106455149112 ], [ 128.362952451494976, 22.359953409922241 ], [ 128.359678603585593, 22.363653718145088 ], [ 128.358045847538421, 22.365505803550491 ], [ 128.348113451575301, 22.37681215945392 ], [ 128.346875010474349, 22.37822566258464 ], [ 128.344400853217309, 22.381057309347739 ], [ 128.343166145202105, 22.382474300049239 ], [ 128.338232710871267, 22.388151470114479 ], [ 128.337002031818912, 22.389571533799625 ], [ 128.334544093836001, 22.392415516563233 ], [ 128.333317835849726, 22.393838276415721 ], [ 128.32351440806471, 22.405243022647568 ], [ 128.322292092706704, 22.406668794329903 ], [ 128.319850239996896, 22.409524949417346 ], [ 128.318631698194764, 22.410954169999513 ], [ 128.313763037534983, 22.416680206526649 ], [ 128.312548561567183, 22.418112459622506 ], [ 128.310123076519091, 22.420980787933217 ], [ 128.308913053994871, 22.422415693130006 ], [ 128.299239780592501, 22.433917535566167 ], [ 128.298033737567749, 22.435355413022478 ], [ 128.295624484383239, 22.4382357508795 ], [ 128.294422257182617, 22.43967704036362 ], [ 128.289618960147465, 22.445451292243547 ], [ 128.288420833855611, 22.446895572872677 ], [ 128.286028094022498, 22.449787920276748 ], [ 128.284834454446951, 22.451234808040311 ], [ 128.275292509043283, 22.462832439066148 ], [ 128.274102884940845, 22.464282258619733 ], [ 128.271726523560375, 22.467186452792959 ], [ 128.270540755751455, 22.46863964570349 ], [ 128.265803405103867, 22.474461458230138 ], [ 128.264621775075199, 22.475917601816292 ], [ 128.262262071838308, 22.478833639161394 ], [ 128.261084959103897, 22.480292344916165 ], [ 128.251675500923994, 22.491984445226592 ], [ 128.250502440536053, 22.493446042301343 ], [ 128.24815926054228, 22.496373762739154 ], [ 128.246990096016731, 22.497838694500473 ], [ 128.242319269119918, 22.503707403973976 ], [ 128.241154278347977, 22.505175245041954 ], [ 128.238827899488825, 22.508114641377887 ], [ 128.237667457487674, 22.509584998749034 ], [ 128.228391633167831, 22.521370239145398 ], [ 128.227235279484972, 22.522843447367677 ], [ 128.224925566861685, 22.525794360421855 ], [ 128.223773149511686, 22.527270864659215 ], [ 128.219920588765177, 22.532220685536572 ], [ 128.219436438740928, 22.53170874915989 ], [ 128.218547453502794, 22.530770431610534 ], [ 128.216766669946452, 22.52889430552824 ], [ 128.215875594683808, 22.52795726141909 ], [ 128.212305722331763, 22.524210101215544 ], [ 128.211412937457823, 22.523274695671034 ], [ 128.209625041163889, 22.521404911607647 ], [ 128.208730880326783, 22.520471525940565 ], [ 128.198272986210128, 22.509574023423056 ], [ 128.196965089567499, 22.508214706243962 ], [ 128.194343970498693, 22.505497876825984 ], [ 128.193031815566684, 22.504141472551396 ], [ 128.187772673770411, 22.498719472526091 ], [ 128.186456676934455, 22.497366338186225 ], [ 128.183820081432174, 22.494662637970691 ], [ 128.182500559253896, 22.493313171965895 ], [ 128.17191966036458, 22.482520359527371 ], [ 128.170596422187856, 22.481174134679065 ], [ 128.167944642531467, 22.478483543880799 ], [ 128.16661718023974, 22.477140275103892 ], [ 128.161296858463885, 22.471770919592558 ], [ 128.159965594737258, 22.470430958522115 ], [ 128.157298496029313, 22.467753650710847 ], [ 128.155963750127427, 22.466417393048545 ], [ 128.145261108214441, 22.455730491969177 ], [ 128.143922685883609, 22.454397512335731 ], [ 128.141240561303761, 22.451733465027928 ], [ 128.139897950830374, 22.450403482834929 ], [ 128.134517082197846, 22.445087379779125 ], [ 128.133170708961842, 22.443760743064331 ], [ 128.13047342540861, 22.441110130728475 ], [ 128.129123614063957, 22.439787232495206 ], [ 128.118300500767788, 22.429207451463157 ], [ 128.116947054364317, 22.427887868131052 ], [ 128.114234904118774, 22.425250665586077 ], [ 128.112877304644854, 22.42393412106307 ], [ 128.107436527674935, 22.418671871210336 ], [ 128.106075205906365, 22.417358709936906 ], [ 128.103348056767942, 22.414735091651721 ], [ 128.101983340958697, 22.413425703033994 ], [ 128.091041040512522, 22.402954239946439 ], [ 128.089672729213845, 22.401648201303857 ], [ 128.086930874361229, 22.399038141197678 ], [ 128.085558446865349, 22.397735182732845 ], [ 128.08005840727057, 22.392527382333299 ], [ 128.07868229795011, 22.391227844889499 ], [ 128.07592560608262, 22.388631517430866 ], [ 128.074546147687016, 22.38733578591831 ], [ 128.063485956012329, 22.376973823383622 ], [ 128.062102941697873, 22.375681477818119 ], [ 128.059331706893573, 22.373098855128546 ], [ 128.057944614153172, 22.371809631109983 ], [ 128.052385961244198, 22.366656867421113 ], [ 128.050995227148661, 22.36537110039626 ], [ 128.04820931810653, 22.362802357842838 ], [ 128.046815279901836, 22.361520429124994 ], [ 128.035638502815431, 22.351269138959992 ], [ 128.034240950060649, 22.34999063306168 ], [ 128.031440661757898, 22.347435739168418 ], [ 128.030039067449735, 22.346160394386999 ], [ 128.024422457731447, 22.341063250169185 ], [ 128.023017262537365, 22.339791398354578 ], [ 128.020202465472067, 22.337250531187578 ], [ 128.018794012034647, 22.335982550954242 ], [ 128.007501967942318, 22.325843090586574 ], [ 128.006090039524139, 22.324578567347373 ], [ 128.003261029573565, 22.322051690933137 ], [ 128.001845097374172, 22.320790369280502 ], [ 127.996171192746971, 22.31574942099931 ], [ 127.994751701930255, 22.314491628286305 ], [ 127.991908348691624, 22.311978922489629 ], [ 127.990485644597896, 22.310725033733775 ], [ 127.979079661797329, 22.300698548000014 ], [ 127.977653525890361, 22.299448150412331 ], [ 127.974796124342362, 22.29694957746139 ], [ 127.973366022424585, 22.295702421929462 ], [ 127.967635489287233, 22.290718237057348 ], [ 127.966201870121466, 22.289474644639512 ], [ 127.963330294358144, 22.286990385298509 ], [ 127.961893507780047, 22.285750729213191 ], [ 127.95037492536332, 22.275838349460628 ], [ 127.94893474834069, 22.274602218717774 ], [ 127.946049291541868, 22.272132230718398 ], [ 127.944605187180088, 22.270899381601566 ], [ 127.938818698224992, 22.265972523113618 ], [ 127.937371118882453, 22.26474327218466 ], [ 127.93447165604303, 22.262287738988334 ], [ 127.933020956052843, 22.261062454968851 ], [ 127.921391123901941, 22.25126529905458 ], [ 127.919937074837065, 22.250043574551682 ], [ 127.917023900933174, 22.247602451192677 ], [ 127.915565963199441, 22.246384046986606 ], [ 127.909724195616349, 22.241515070664491 ], [ 127.908262825170169, 22.240300299719394 ], [ 127.905335816096311, 22.237873768759869 ], [ 127.903871370867392, 22.236662996200749 ], [ 127.892131649656591, 22.226982168492583 ], [ 127.890663898520671, 22.22577498872522 ], [ 127.887723348354285, 22.223363003400436 ], [ 127.886251747220541, 22.222159181701301 ], [ 127.880355383595003, 22.217348637030256 ], [ 127.878880392916159, 22.216148482766471 ], [ 127.875926179350387, 22.213751227437456 ], [ 127.874448160654964, 22.212555102136776 ], [ 127.862599921849238, 22.202991694411594 ], [ 127.861118639513876, 22.201799194277669 ], [ 127.858151056626895, 22.199416620381072 ], [ 127.856665963863549, 22.198227516986663 ], [ 127.850715692176351, 22.193475945358955 ], [ 127.849227253935425, 22.192290543574046 ], [ 127.8462461794185, 22.18992283457149 ], [ 127.844754759924996, 22.188741491427123 ], [ 127.83279938398519, 22.179296580173315 ], [ 127.831304743119887, 22.178118895471016 ], [ 127.828310472851371, 22.175766000101106 ], [ 127.826812062027585, 22.174591749010432 ], [ 127.820808575656002, 22.169899685522296 ], [ 127.819306861623232, 22.168729168416917 ], [ 127.816185349874587, 22.16630274987233 ], [ 127.814794627470775, 22.165224844950927 ], [ 127.802605641837687, 22.155800668466668 ], [ 127.801964592492965, 22.155305383037359 ], [ 127.801445291567831, 22.154904579483286 ], [ 127.800788563442467, 22.154398233292454 ], [ 127.798576840049947, 22.15269434986476 ], [ 127.798055031814926, 22.152292741417114 ], [ 127.79701073635718, 22.151489761044076 ], [ 127.796488680808608, 22.151088721867438 ], [ 127.792195574566819, 22.147793785755056 ], [ 127.790653514249158, 22.14661354158207 ], [ 127.78756537724135, 22.144256556995117 ], [ 127.786019993928477, 22.143080345382032 ], [ 127.780069663784758, 22.138563964455898 ], [ 127.778580539361343, 22.137436695747198 ], [ 127.775598328101097, 22.135185214226681 ], [ 127.774106187351464, 22.134061714576745 ], [ 127.766109392335437, 22.1280564439503 ], [ 127.765110135824472, 22.127307347356549 ], [ 127.763109135278938, 22.125809985143235 ], [ 127.762108205129863, 22.125062329263528 ], [ 127.758099560746501, 22.122073356900501 ], [ 127.757097396728426, 22.121327442108168 ], [ 127.755091127954103, 22.119836856286184 ], [ 127.754088128465042, 22.119093004538882 ], [ 127.741819726399768, 22.110009911228843 ], [ 127.740286058555313, 22.108877458828033 ], [ 127.737213825158648, 22.106615176449623 ], [ 127.735676509663477, 22.105486269176538 ], [ 127.72951758536928, 22.100975871439715 ], [ 127.727977098864955, 22.099850796177606 ], [ 127.724892079805983, 22.097603903897379 ], [ 127.72334880360475, 22.09648300238905 ], [ 127.710978887866105, 22.087522576606005 ], [ 127.709432564761784, 22.086405459445018 ], [ 127.706335051421917, 22.084173894310112 ], [ 127.704785121137633, 22.083060358249242 ], [ 127.69857580333175, 22.078611539791069 ], [ 127.697022747003217, 22.077501866318499 ], [ 127.69391262786624, 22.075285819885039 ], [ 127.692356831303101, 22.074180347145557 ], [ 127.679886830014112, 22.065343597929086 ], [ 127.678328030614949, 22.064241940113817 ], [ 127.675205595262725, 22.062041344932368 ], [ 127.673643230951285, 22.060943304190744 ], [ 127.667384235495064, 22.056556565933192 ], [ 127.665818790105646, 22.055462419255576 ], [ 127.662683928820599, 22.053277465982688 ], [ 127.661115790861828, 22.052187547917384 ], [ 127.648547144735204, 22.043475467219452 ], [ 127.646976048007019, 22.04238939375594 ], [ 127.643829051270046, 22.040220014941923 ], [ 127.642254431897385, 22.039137593625441 ], [ 127.635946480945933, 22.034813427498051 ], [ 127.634368826360998, 22.033734930822789 ], [ 127.63120958445532, 22.031581317124676 ], [ 127.629629286762707, 22.030507076041118 ], [ 127.616963444607705, 22.021920643223552 ], [ 127.615380231313367, 22.020850275520274 ], [ 127.612209034720223, 22.018712356790331 ], [ 127.610622341948755, 22.017645676307438 ], [ 127.604266163053893, 22.013384568843065 ], [ 127.602676480036308, 22.012321843578661 ], [ 127.59949322263472, 22.010199810473154 ], [ 127.597900945073008, 22.009141366880812 ], [ 127.585139363790887, 22.000681546916098 ], [ 127.583544217392188, 21.999627005482353 ], [ 127.580349186066456, 21.997520786055929 ], [ 127.578750602458655, 21.996469966915782 ], [ 127.572346925870903, 21.992272395654993 ], [ 127.570745397882462, 21.99122556141117 ], [ 127.56753848921042, 21.98913534811814 ], [ 127.56593441704004, 21.988092820727502 ], [ 127.553078562526395, 21.979760563299749 ], [ 127.551471665585638, 21.978721965946278 ], [ 127.548253166450792, 21.976647683244408 ], [ 127.546642875469075, 21.975612843258546 ], [ 127.540192435933051, 21.971479280345079 ], [ 127.538579246435603, 21.970448454033203 ], [ 127.535349056114597, 21.96839029527635 ], [ 127.533733371897966, 21.967363800999038 ], [ 127.520784719939826, 21.959160040503775 ], [ 127.519166256817726, 21.958137505042117 ], [ 127.515924659496051, 21.956095391989066 ], [ 127.51430284550068, 21.955076646270527 ], [ 127.507806383158737, 21.951007555754444 ], [ 127.506181717412716, 21.949992852488663 ], [ 127.502928615064235, 21.947966979393073 ], [ 127.501301504061331, 21.946956633342353 ], [ 127.488261538539547, 21.938882291584832 ], [ 127.486631693598412, 21.937875932228906 ], [ 127.483367369509239, 21.93586621725251 ], [ 127.481734218659568, 21.934863680914646 ], [ 127.475192477251795, 21.930859518752101 ], [ 127.47355652141735, 21.929861053645055 ], [ 127.470280879360388, 21.92786769284038 ], [ 127.468642527731078, 21.926873608330652 ], [ 127.455512739722082, 21.918929590028966 ], [ 127.453871700918654, 21.917939520093171 ], [ 127.45058502328115, 21.915962428923194 ], [ 127.4489407217375, 21.914976214381142 ], [ 127.442354449498708, 21.911037430233591 ], [ 127.440707389735195, 21.910055313902149 ], [ 127.437409582986362, 21.908094689318659 ], [ 127.435760178689662, 21.907116978766055 ], [ 127.422542069161949, 21.899304175148131 ], [ 127.420890023556382, 21.89833050524885 ], [ 127.417581367386816, 21.896386260018346 ], [ 127.415926104007013, 21.895416477888546 ], [ 127.409296052770998, 21.891543512423766 ], [ 127.40763807793607, 21.890577856383374 ], [ 127.40431848151357, 21.888650187456506 ], [ 127.40265821340634, 21.887688959678059 ], [ 127.389353290522791, 21.880008246683559 ], [ 127.387690426073306, 21.879051085639617 ], [ 127.384360169087046, 21.877139903983675 ], [ 127.382694131829027, 21.876186663084468 ], [ 127.376021057926238, 21.872379951573834 ], [ 127.374352356876642, 21.871430862844448 ], [ 127.371011351193687, 21.869536366310854 ], [ 127.36934040723466, 21.868591728326038 ], [ 127.355950188151525, 21.861043967505424 ], [ 127.354276694614356, 21.860103422335328 ], [ 127.350925216326488, 21.858225518293438 ], [ 127.349248595846888, 21.857288925643616 ], [ 127.342533259203407, 21.853548894366497 ], [ 127.340854021696401, 21.852616479966855 ], [ 127.337491986266883, 21.850755367166784 ], [ 127.335810557111955, 21.849827425995244 ], [ 127.322336565281063, 21.84241346271142 ], [ 127.320652634212166, 21.841489639535581 ], [ 127.317280315934482, 21.839645223548814 ], [ 127.315593301990162, 21.838725382570743 ], [ 127.308836467030034, 21.835052450610391 ], [ 127.307146885520666, 21.834136814862546 ], [ 127.303764201657515, 21.832309295338035 ], [ 127.302072478862243, 21.831398154401654 ], [ 127.288516247627086, 21.824118817829572 ], [ 127.287972426686991, 21.823827066066542 ], [ 127.286589936676506, 21.823086343060595 ], [ 127.285947452912893, 21.822742521450664 ], [ 127.283201998074134, 21.821275074285722 ], [ 127.28234027848211, 21.82081498202632 ], [ 127.281696771289859, 21.820471849296695 ], [ 127.280950025523481, 21.820074184376608 ], [ 127.27552432119117, 21.817187541372334 ], [ 127.274788910480794, 21.816796615971384 ], [ 127.273684590672048, 21.816210084428235 ], [ 127.271984294640248, 21.815309899932231 ], [ 127.268581012704345, 21.81351373796906 ], [ 127.266878488152969, 21.812618003318789 ], [ 127.261046487206073, 21.809559208491123 ], [ 127.259588250897849, 21.808796418820066 ], [ 127.256669132474855, 21.807273563524518 ], [ 127.255209221628689, 21.806514003318853 ], [ 127.246726348443104, 21.80211221670595 ], [ 127.245666617021385, 21.801563362259799 ], [ 127.243545032677531, 21.800466709171815 ], [ 127.242484045803081, 21.799919359291351 ], [ 127.238235896669636, 21.797732054291117 ], [ 127.237174137277322, 21.797186434706418 ], [ 127.235049077953164, 21.79609655621141 ], [ 127.233986998401662, 21.795552920531122 ], [ 127.220270914471513, 21.788545270048644 ], [ 127.21855681924265, 21.787672225293392 ], [ 127.21512428955478, 21.785929497448706 ], [ 127.213407250844824, 21.785060525723281 ], [ 127.206530543450725, 21.781591327977935 ], [ 127.20481108106722, 21.780726636125763 ], [ 127.201368769454035, 21.779001106915928 ], [ 127.199647322266941, 21.77814097102933 ], [ 127.185853639434896, 21.771270347548864 ], [ 127.18412987739228, 21.770414426784839 ], [ 127.180678051851061, 21.768705990988877 ], [ 127.178951393092603, 21.767854172032713 ], [ 127.172036280151048, 21.764453672599217 ], [ 127.170307247182251, 21.763606157798392 ], [ 127.166845835767418, 21.761915016865146 ], [ 127.165114869256314, 21.761072078713937 ], [ 127.151245148745289, 21.754339250256521 ], [ 127.149511915043746, 21.75350054881153 ], [ 127.146041184853658, 21.751826595721241 ], [ 127.144305101200104, 21.750992025761889 ], [ 127.137352366019542, 21.747660605053255 ], [ 127.135613956719027, 21.746830362631414 ], [ 127.132133838506576, 21.745173798832042 ], [ 127.130393547824525, 21.744348151046694 ], [ 127.116449358951087, 21.737753871244763 ], [ 127.114706849641976, 21.736932484446811 ], [ 127.111217606907957, 21.735293200221463 ], [ 127.10947229441129, 21.734475972788346 ], [ 127.102482723000122, 21.731214002224817 ], [ 127.1007351334205, 21.730401124812431 ], [ 127.097236701413209, 21.728779324306714 ], [ 127.095487283512085, 21.727971060416678 ], [ 127.081470200989855, 21.721516065814285 ], [ 127.079718612125049, 21.720712084495432 ], [ 127.076211251649141, 21.719107653495826 ], [ 127.074456907261691, 21.718307859420406 ], [ 127.067431288323775, 21.715115705026079 ], [ 127.065674717214762, 21.714320283454612 ], [ 127.06215836621621, 21.712733427006697 ], [ 127.060400018946467, 21.71194263694349 ], [ 127.046311624682829, 21.705627650595943 ], [ 127.044551154113407, 21.704841163789069 ], [ 127.041026070697541, 21.703271765879663 ], [ 127.039262893168967, 21.702489494195248 ], [ 127.032202019008679, 21.699367513000624 ], [ 127.030436664221526, 21.698589636303154 ], [ 127.026902789932507, 21.697037900179225 ], [ 127.025135711144941, 21.696264672077405 ], [ 127.010977594240927, 21.690090399052991 ], [ 127.00920844071797, 21.689321496690241 ], [ 127.005666031862376, 21.687787306339487 ], [ 127.003894219043246, 21.687022644280034 ], [ 126.996798886460084, 21.683971185222418 ], [ 126.99502494584587, 21.683210939733726 ], [ 126.991473947565197, 21.68169449840272 ], [ 126.989698336909356, 21.680938919495901 ], [ 126.975472091864077, 21.674906049575043 ], [ 126.973694454136563, 21.674154816192072 ], [ 126.970135119141304, 21.672656005171007 ], [ 126.968354870682077, 21.671909039071352 ], [ 126.961225878272245, 21.668928442094398 ], [ 126.959443552378531, 21.668185913249943 ], [ 126.955875828507175, 21.666704936684027 ], [ 126.954091885632948, 21.66596709060903 ], [ 126.939799113239502, 21.660076298282917 ], [ 126.93801319185647, 21.659342818416548 ], [ 126.934437331817804, 21.657879553998669 ], [ 126.932648848266155, 21.657150366596738 ], [ 126.925486997327454, 21.654240965348549 ], [ 126.923696485805038, 21.653516235885974 ], [ 126.920112439238125, 21.65207088956015 ], [ 126.918320364693983, 21.651350858155865 ], [ 126.90396267204008, 21.64560280172833 ], [ 126.90216866755091, 21.644887156317736 ], [ 126.898576683568166, 21.643459602179206 ], [ 126.89678016547262, 21.642748275312982 ], [ 126.889586261796836, 21.639910394449544 ], [ 126.887787766992375, 21.639203546207114 ], [ 126.884187799727471, 21.637793990200976 ], [ 126.882387794061884, 21.637091855305243 ], [ 126.867966795431613, 21.631487175093383 ], [ 126.866164909283412, 21.630789445077227 ], [ 126.86255720425234, 21.629397760398888 ], [ 126.860752853961827, 21.628704373208734 ], [ 126.85352770514001, 21.625938330189996 ], [ 126.851721428501975, 21.625249441408954 ], [ 126.848105944334549, 21.623875833103739 ], [ 126.846298209895423, 21.623191672957688 ], [ 126.831815523168217, 21.617730995789202 ], [ 126.830005957709858, 21.617051259408498 ], [ 126.826382937223485, 21.615695598873202 ], [ 126.824570957983752, 21.615020229600333 ], [ 126.81731537340616, 21.612326331995007 ], [ 126.815501518181662, 21.611655479117474 ], [ 126.811870922705481, 21.610317973196175 ], [ 126.810055663638337, 21.609651863343203 ], [ 126.795512912990972, 21.604335798958346 ], [ 126.793695871468316, 21.603674130856774 ], [ 126.790057941122001, 21.602354647349443 ], [ 126.788238535280726, 21.601697370637453 ], [ 126.780953329733194, 21.599075919718189 ], [ 126.779132098268093, 21.59842317828759 ], [ 126.775486799776587, 21.597121923138531 ], [ 126.77366421753058, 21.596473938222232 ], [ 126.759063033432682, 21.591303080173645 ], [ 126.757238719092385, 21.590659554095623 ], [ 126.753586287178138, 21.58937639420563 ], [ 126.751759657982149, 21.5887372828997 ], [ 126.744445648049151, 21.586188571845582 ], [ 126.742617244490731, 21.585554014706304 ], [ 126.738957650375966, 21.5842891551207 ], [ 126.737127950895143, 21.583659367986002 ], [ 126.72246996741606, 21.578634291839421 ], [ 126.721706460985189, 21.578372959644781 ], [ 126.720177148557383, 21.577850413965876 ], [ 126.719412544953485, 21.577589613270447 ], [ 126.716350706820577, 21.576547040913738 ], [ 126.715585511462479, 21.576286937192776 ], [ 126.713870132901519, 21.575704918447741 ], [ 126.713289100712387, 21.575508162072452 ], [ 126.706945085147964, 21.573362951639183 ], [ 126.705888818814543, 21.573006373145859 ], [ 126.705376776318104, 21.572833752775779 ], [ 126.703383642141858, 21.572162607618537 ], [ 126.701541647129517, 21.571544987411755 ], [ 126.697866085552192, 21.570317795929896 ], [ 126.696027804739998, 21.569706634653812 ], [ 126.690564380142206, 21.567897932543957 ], [ 126.689198714649507, 21.56744723819989 ], [ 126.686465696535294, 21.566548157171951 ], [ 126.685099296295931, 21.566100082553106 ], [ 126.676516633436592, 21.563294417203991 ], [ 126.675444644255975, 21.562944837234767 ], [ 126.673298923906742, 21.562246867998937 ], [ 126.672226066879972, 21.561898763817283 ], [ 126.667931186276093, 21.560508706012314 ], [ 126.666857974916667, 21.560162226006213 ], [ 126.664710399266568, 21.55947065005077 ], [ 126.663637327301586, 21.559125969588308 ], [ 126.648870673343396, 21.554394124589635 ], [ 126.647025768125019, 21.553805449062622 ], [ 126.643332291153655, 21.552632101790323 ], [ 126.641485222165926, 21.552047908484496 ], [ 126.634089720165633, 21.549719088865203 ], [ 126.63224103149966, 21.549139500088245 ], [ 126.628541013757427, 21.547984659964442 ], [ 126.62669119104649, 21.547409878063888 ], [ 126.611872674085447, 21.542825448136369 ], [ 126.610021317130673, 21.542255190724774 ], [ 126.606314981651877, 21.541118714757317 ], [ 126.604461512190056, 21.540552960251318 ], [ 126.597040494623826, 21.538297968676602 ], [ 126.595185456744076, 21.537736833988021 ], [ 126.591472789138635, 21.536618929920024 ], [ 126.589616671173104, 21.536062613799032 ], [ 126.574747945961775, 21.531626109757667 ], [ 126.572890344114313, 21.531074333414011 ], [ 126.56917156471664, 21.529974856454942 ], [ 126.567311900724434, 21.529427603701265 ], [ 126.559866196768013, 21.527246691082496 ], [ 126.558005016519161, 21.526704074333878 ], [ 126.554280112737928, 21.525623230428124 ], [ 126.552417908160265, 21.525085442139925 ], [ 126.537500633948042, 21.520797359510851 ], [ 126.535636994053192, 21.520264125389275 ], [ 126.531906184423775, 21.519201768846983 ], [ 126.530040534543588, 21.518673079898917 ], [ 126.522570975171135, 21.516566488153245 ], [ 126.520703859396889, 21.516042449599809 ], [ 126.516967136724617, 21.514998787264659 ], [ 126.515099050581767, 21.514479586164413 ], [ 126.500134892012426, 21.510340402487998 ], [ 126.498265422712365, 21.509825771742413 ], [ 126.49452300013715, 21.508800653428011 ], [ 126.492651570315019, 21.508290586741595 ], [ 126.485158988297798, 21.506258551491328 ], [ 126.483286146539314, 21.5057531495886 ], [ 126.479538020463934, 21.504746783937321 ], [ 126.477664263195749, 21.504246229380414 ], [ 126.462654887613695, 21.500256406008816 ], [ 126.460779796650655, 21.499760433497585 ], [ 126.457026176617461, 21.498772669423488 ], [ 126.455149177293407, 21.498281280756942 ], [ 126.447634407202401, 21.496324029530683 ], [ 126.445756048103846, 21.495837320036742 ], [ 126.441996935910851, 21.494868364383677 ], [ 126.440117715260641, 21.494386511228981 ], [ 126.425064795404438, 21.490546492427029 ], [ 126.423184291422928, 21.490069234807635 ], [ 126.41941989391367, 21.489118934691533 ], [ 126.417537533731007, 21.488646279802424 ], [ 126.410001412835328, 21.486764029336996 ], [ 126.408117745039107, 21.486296067110061 ], [ 126.40434806581149, 21.485364628475054 ], [ 126.402463591322856, 21.484901530681498 ], [ 126.387368802629197, 21.481211743627483 ], [ 126.38548309516986, 21.48075325485911 ], [ 126.381708338369918, 21.479840523022148 ], [ 126.379820826870827, 21.479386654071192 ], [ 126.372264193338566, 21.4775796157071 ], [ 126.370375426385607, 21.477130452009135 ], [ 126.366595600107672, 21.476236634713132 ], [ 126.36470608132143, 21.475792343542167 ], [ 126.349571104623379, 21.472253200125436 ], [ 126.347680403229191, 21.471813529671067 ], [ 126.343895708021279, 21.470938469535071 ], [ 126.342003253847821, 21.470503437783833 ], [ 126.334426950344238, 21.468771811170541 ], [ 126.332533293776947, 21.46834149636345 ], [ 126.328743741331238, 21.46748540023134 ], [ 126.32684938779002, 21.467059965145609 ], [ 126.311675905719113, 21.463671860168859 ], [ 126.309780421729698, 21.463251057490822 ], [ 126.305986207198345, 21.462413766182607 ], [ 126.304089023490434, 21.461997619295175 ], [ 126.296493889981463, 21.460341597786908 ], [ 126.294595556040491, 21.459930179534467 ], [ 126.290796697410968, 21.459111898995303 ], [ 126.288897721353493, 21.458705368558356 ], [ 126.273687421038318, 21.455468677937489 ], [ 126.271787363996935, 21.455066790700215 ], [ 126.267984053721676, 21.454267360850253 ], [ 126.266082349121831, 21.453870145591168 ], [ 126.258469231870464, 21.452289913549066 ], [ 126.256566430097251, 21.451897438616328 ], [ 126.252758687964018, 21.451117065400695 ], [ 126.250855299832807, 21.450729482779934 ], [ 126.235609871099683, 21.447644568042762 ], [ 126.233705452345617, 21.447261640312718 ], [ 126.22989346900917, 21.44650016095386 ], [ 126.22798745575713, 21.446121921389903 ], [ 126.220357199225901, 21.444617655081061 ], [ 126.218450141861439, 21.444244166635372 ], [ 126.214633939805566, 21.443501787078276 ], [ 126.212726350041891, 21.443133197239888 ], [ 126.197447487212031, 21.440200401927399 ], [ 126.195538918986614, 21.439836475972783 ], [ 126.1917186843705, 21.439113032540689 ], [ 126.189808573806914, 21.438753810939971 ], [ 126.182162026957002, 21.437325677638228 ], [ 126.180250924441651, 21.436971217048438 ], [ 126.176426686043243, 21.4362669147867 ], [ 126.1745151077873, 21.435917357300809 ], [ 126.15920450698323, 21.433137007867003 ], [ 126.157292000625858, 21.432792124157686 ], [ 126.153463940109106, 21.432106796691613 ], [ 126.151549944474851, 21.43176663352358 ], [ 126.143887954466351, 21.430414791509776 ], [ 126.141973020838947, 21.430079399245074 ], [ 126.138141169680097, 21.429413251620815 ], [ 126.136225814270887, 21.429082766956554 ], [ 126.12088517521093, 21.426455171869179 ], [ 126.120008288552441, 21.426305458130599 ], [ 126.118252239050008, 21.426006685360534 ], [ 126.117374355942644, 21.425857844864254 ], [ 126.113859412382254, 21.425263976651422 ], [ 126.112981058929705, 21.425116091234969 ], [ 126.111223682927488, 21.424821252998839 ], [ 126.110345376238939, 21.424674419789056 ], [ 126.103310425936257, 21.423502392721502 ], [ 126.102587355722363, 21.423382269376617 ], [ 126.101140132512029, 21.423142549689146 ], [ 126.100416653106578, 21.423023064863116 ], [ 126.097294797817455, 21.422509049253563 ], [ 126.096254229150219, 21.422338241017485 ], [ 126.094333675659499, 21.422025578218268 ], [ 126.091336567129787, 21.42154154780448 ], [ 126.089838071770515, 21.421301055599656 ], [ 126.08504995169497, 21.420537423264079 ], [ 126.083853362344001, 21.420347540406993 ], [ 126.081459200682531, 21.419969548156502 ], [ 126.080262518701289, 21.41978157905703 ], [ 126.071928484212464, 21.418479057662807 ], [ 126.070887715896134, 21.418317104151242 ], [ 126.068804800601839, 21.417994439092467 ], [ 126.067763501684709, 21.41783386064435 ], [ 126.063595568481247, 21.417194010096068 ], [ 126.062554268665536, 21.417034874160436 ], [ 126.060470860542097, 21.416717934185726 ], [ 126.05943007963495, 21.416560331594468 ], [ 126.044034471314745, 21.414239106749619 ], [ 126.042111425802233, 21.41395157370664 ], [ 126.038262438061935, 21.413381035706578 ], [ 126.036338063351451, 21.4130982636743 ], [ 126.02863485201803, 21.411976166967122 ], [ 126.026651767766197, 21.41177824057354 ], [ 126.026136101001072, 21.411573308461811 ], [ 126.023997622892892, 21.409985302680184 ], [ 126.019701398701187, 21.406899862738953 ], [ 126.017551078320054, 21.405361508527193 ], [ 126.005143217486335, 21.396518411895528 ], [ 126.003592180135882, 21.395415963576056 ], [ 126.000485288666056, 21.393213785588159 ], [ 125.998930698993462, 21.392114955241283 ], [ 125.992702835368476, 21.387725054068397 ], [ 125.991145173611727, 21.386630118685503 ], [ 125.988025892182321, 21.38444358710214 ], [ 125.986465545049754, 21.383352881230849 ], [ 125.973959301980955, 21.374634499882518 ], [ 125.972396000575742, 21.373547640411743 ], [ 125.969264612472699, 21.37137669138167 ], [ 125.967697800113825, 21.370293484956846 ], [ 125.961421111395708, 21.365966181094763 ], [ 125.959851271919348, 21.364886901110197 ], [ 125.956707675519084, 21.362731720792681 ], [ 125.955135200129718, 21.361656697299168 ], [ 125.942532017339346, 21.353064012394583 ], [ 125.940956631744228, 21.351992866777778 ], [ 125.937801107635806, 21.349853388623302 ], [ 125.936222254254716, 21.348785930226882 ], [ 125.929897464396987, 21.344521709309788 ], [ 125.928315627964395, 21.343458207031006 ], [ 125.925148078121794, 21.341334620796516 ], [ 125.923563656138668, 21.340275401089286 ], [ 125.910864985131326, 21.33180937939963 ], [ 125.90927769700906, 21.330754066347396 ], [ 125.90609840112117, 21.328646301885755 ], [ 125.904507687481072, 21.327594710228198 ], [ 125.898135524035894, 21.32339405249391 ], [ 125.896541874108408, 21.322346447530947 ], [ 125.893350735049268, 21.320254694598844 ], [ 125.891754547235536, 21.319211397388443 ], [ 125.878961849410558, 21.310872992195272 ], [ 125.87736284132248, 21.309833629518835 ], [ 125.874160138779672, 21.307757815271401 ], [ 125.872557748341734, 21.306722209962345 ], [ 125.866138943358379, 21.302585587555228 ], [ 125.864533662499554, 21.301553997719111 ], [ 125.861319301145755, 21.299494312812726 ], [ 125.859711532761736, 21.298467055910265 ], [ 125.846826275813015, 21.290257204307011 ], [ 125.845215731221828, 21.289233910716774 ], [ 125.84198999074593, 21.287190279608012 ], [ 125.840376106972286, 21.286170776660327 ], [ 125.833911397893559, 21.282098655428825 ], [ 125.832294669564391, 21.281083195833133 ], [ 125.829057455537423, 21.279055810977411 ], [ 125.8274382891465, 21.278044709496385 ], [ 125.814461953356869, 21.269964335086627 ], [ 125.812840057523232, 21.268957224796424 ], [ 125.809591646937207, 21.266946007052979 ], [ 125.807966455988009, 21.265942720680414 ], [ 125.801456582955467, 21.261935558379605 ], [ 125.799828593315652, 21.260936344137235 ], [ 125.796568897137519, 21.258941485961429 ], [ 125.794938519797626, 21.257946654115102 ], [ 125.781872589948449, 21.249996665214297 ], [ 125.78023952813291, 21.249005851539209 ], [ 125.776968821554789, 21.247027273789996 ], [ 125.775332507789784, 21.246040316407971 ], [ 125.768778217241248, 21.242098562698828 ], [ 125.767139152450881, 21.241115706225287 ], [ 125.763857347339382, 21.239153600458735 ], [ 125.762215944310952, 21.238175149763777 ], [ 125.74906191687424, 21.230356439398491 ], [ 125.747417876134961, 21.229382033854137 ], [ 125.744125245884021, 21.227436317332547 ], [ 125.742477998162059, 21.226465800456623 ], [ 125.735880039233706, 21.222589898705252 ], [ 125.734230086349868, 21.221623509717574 ], [ 125.730926547322639, 21.2196943757952 ], [ 125.729274307464124, 21.218732415968475 ], [ 125.716033684307973, 21.211045862776928 ], [ 125.714378851703913, 21.21008797508037 ], [ 125.711064675495237, 21.208175338321553 ], [ 125.709406680874082, 21.207221370769844 ], [ 125.702765807197437, 21.203411757147222 ], [ 125.701105155079205, 21.202461944463607 ], [ 125.697780258952974, 21.200565999122091 ], [ 125.696117370220833, 21.199620638981685 ], [ 125.682791664005009, 21.192067105413116 ], [ 125.681126229292914, 21.191125841684652 ], [ 125.677790884842153, 21.189246501425231 ], [ 125.676122332180427, 21.188309190217382 ], [ 125.669439300983896, 21.184566291001914 ], [ 125.667768138489379, 21.183633160742204 ], [ 125.664422265675825, 21.181770618020096 ], [ 125.662748917828964, 21.180841962786673 ], [ 125.649339646607729, 21.173422297801153 ], [ 125.647663799545541, 21.172497765060115 ], [ 125.644307666366984, 21.170651929943006 ], [ 125.642628747219447, 21.169731380299396 ], [ 125.635904319329285, 21.166055616373967 ], [ 125.634222837114663, 21.165139273758854 ], [ 125.630856368027963, 21.163310342298985 ], [ 125.629172751722052, 21.162398496293775 ], [ 125.615681442545366, 21.155113531764385 ], [ 125.615038057661167, 21.154766491481041 ], [ 125.613744142778188, 21.154069388292072 ], [ 125.613099884652769, 21.153722704139767 ], [ 125.610308244230993, 21.152222330996267 ], [ 125.609279431501051, 21.15167010948835 ], [ 125.608632687649248, 21.15132343253083 ], [ 125.608045056235056, 21.151008847880234 ], [ 125.602616766351417, 21.148104994550152 ], [ 125.601828712026332, 21.147683815056666 ], [ 125.600645384078092, 21.147051955883683 ], [ 125.598953127985311, 21.146151234492237 ], [ 125.595565924128806, 21.144353993342378 ], [ 125.593871435919056, 21.143457717300208 ], [ 125.58814206830246, 21.140436684106106 ], [ 125.586709506738686, 21.139683292350469 ], [ 125.583841803457091, 21.138179157342535 ], [ 125.582407621315696, 21.137428916811501 ], [ 125.574015512206898, 21.133050349794104 ], [ 125.572967121236417, 21.132504386668643 ], [ 125.570868247472305, 21.131413500932666 ], [ 125.569818619034351, 21.130869023486952 ], [ 125.566236091401407, 21.129014242005667 ], [ 125.392859176343364, 21.208921315248432 ], [ 125.261891644520034, 21.271835390018936 ], [ 125.260956713515299, 21.272284511402944 ], [ 125.224357267707234, 21.289792892509809 ], [ 125.060714324140378, 21.371483517432353 ], [ 125.009113514810707, 21.398390170951728 ], [ 124.940688203343058, 21.438924126632628 ], [ 123.89770129757747, 22.056771296158814 ], [ 123.644852606463161, 22.198102021091671 ], [ 123.544760745412617, 22.253562953567723 ], [ 123.515901560309459, 22.280103985011266 ], [ 123.490747814061166, 22.304114694737677 ], [ 123.452764692037618, 22.340074143407264 ], [ 123.401754458502324, 22.390248537140565 ], [ 123.371848962560165, 22.420441009445426 ], [ 123.33243233468491, 22.460762073811026 ], [ 123.275423659075187, 22.521501005067677 ], [ 123.220524623013858, 22.582502919674198 ], [ 123.215844272296096, 22.587936165721658 ], [ 123.185273099974467, 22.623334092994241 ], [ 123.159173091565293, 22.654004777099203 ], [ 123.116851086009348, 22.705268598767049 ], [ 123.069919260865532, 22.76485264763204 ], [ 123.068190303440502, 22.767044632704057 ], [ 123.057862376647591, 22.780800245435245 ], [ 123.041072699545822, 22.805670903090004 ], [ 122.994791629231173, 22.878305804669424 ], [ 122.958504921765353, 22.938851813360884 ], [ 122.937645072262541, 22.975187285664902 ], [ 122.910433080922104, 23.023646537358246 ], [ 122.872364534096306, 23.096352299219603 ], [ 122.843279072371871, 23.156243129317346 ], [ 122.835383343167024, 23.169067780054206 ], [ 122.807585499272392, 23.217514449332612 ], [ 122.787234312613663, 23.25385884111293 ], [ 122.761274110112737, 23.30264680130918 ], [ 122.75248770674321, 23.311955453581646 ], [ 122.705949142539481, 23.383611360376364 ], [ 122.688410255529703, 23.413493441569472 ], [ 122.6577898084536, 23.464710686449365 ], [ 122.64589804875655, 23.484359846130388 ], [ 122.612408399229054, 23.544033798421424 ], [ 122.569880437232797, 23.622954022210735 ], [ 122.515709441038865, 23.738441288335167 ], [ 122.497655902598666, 23.784085769942862 ], [ 122.470702367421296, 23.851178945652094 ], [ 122.446965238655679, 23.924465674951335 ], [ 122.430777217894757, 23.978951443754568 ], [ 122.409198772305814, 24.068158654498603 ], [ 122.395827876955792, 24.154365932842012 ], [ 122.393002495769423, 24.172339002643156 ], [ 122.386387501882297, 24.273699067858047 ], [ 122.387942954004785, 24.32208966980275 ], [ 122.388473680815906, 24.334059137219782 ], [ 122.389148947566156, 24.345984489293102 ], [ 122.389968786630703, 24.357865739512675 ], [ 122.390933231284436, 24.36970290316691 ], [ 122.392042313003259, 24.381495992846311 ], [ 122.39220495899238, 24.383020224104484 ], [ 122.393289607030596, 24.393246978066031 ], [ 122.394680680169955, 24.404954195080506 ], [ 122.396216529769191, 24.416617367797727 ], [ 122.397897188205576, 24.428236509707489 ], [ 122.399722691449966, 24.439811633400467 ], [ 122.411368107053391, 24.507947785262417 ], [ 122.419532376518674, 24.545732532131183 ], [ 122.429343587037266, 24.583166052371894 ], [ 122.440803246773243, 24.62024866254626 ], [ 122.442071244093114, 24.623801946003397 ], [ 122.453876090609953, 24.656988504216542 ], [ 122.464915435999416, 24.684280289704105 ], [ 122.471519837670741, 24.699665353473733 ], [ 122.485092495922714, 24.728769514801797 ], [ 122.492666429712273, 24.744278694906228 ], [ 122.50055107837025, 24.759722960146973 ], [ 122.508746578591996, 24.775102332107281 ], [ 122.517253067076268, 24.790416832371307 ], [ 122.526070682316828, 24.805666484321222 ], [ 122.535199562810391, 24.820851307742117 ], [ 122.544639849749757, 24.835971325116958 ], [ 122.55312108527076, 24.849065064701449 ], [ 122.554381921289547, 24.851028605785842 ], [ 122.559651461946174, 24.858946141751545 ], [ 122.564313919752323, 24.866046668819195 ], [ 122.570727806343854, 24.875477162141777 ], [ 122.574336408898859, 24.881046405467686 ], [ 122.606232681893317, 24.928572218433459 ], [ 122.635042014877769, 24.967953142324063 ], [ 122.665990553521425, 25.006973844567483 ], [ 122.668660736904343, 25.010093976755996 ], [ 122.699065705518393, 25.04563722008217 ], [ 122.734283518370518, 25.083941276869012 ], [ 122.762304267328801, 25.112398256374803 ], [ 122.781523772304951, 25.131280878909877 ], [ 122.811162255034361, 25.159471841652589 ], [ 122.852828858066374, 25.196698873954347 ], [ 122.874811861878442, 25.21519515133528 ], [ 122.88816483014304, 25.21085515264329 ], [ 122.949615657537123, 25.19079978628136 ], [ 123.103270257416824, 25.144995725372667 ], [ 123.262422471420706, 25.098395620561803 ], [ 123.280001828821497, 25.093349225087081 ], [ 123.299734708190414, 25.087989488724247 ], [ 123.378057723685544, 25.066426578923597 ], [ 123.388978863084702, 25.062761292999596 ], [ 123.416848016922955, 25.053420226462606 ], [ 123.647032796027503, 25.093906348799294 ], [ 123.702077587911191, 25.103352309561757 ], [ 123.826169534097261, 25.124801283352809 ], [ 123.871466840522857, 25.132720274421388 ], [ 124.172142164229598, 25.304447350665043 ], [ 124.179314318700989, 25.311492160235332 ], [ 124.460701236772906, 25.336717811777874 ], [ 124.516897691475464, 25.341984024943145 ], [ 124.690682377889885, 25.358684992918313 ], [ 124.691459125039415, 25.358759197778966 ], [ 124.692235976509636, 25.358832976361043 ], [ 124.693012931402308, 25.358906327765112 ], [ 124.693789990615727, 25.358979253789983 ], [ 124.694305337221891, 25.359027327949036 ], [ 124.69564776693133, 25.359151782428995 ], [ 124.696121791488196, 25.359195470594784 ], [ 124.696899266188296, 25.359266689706203 ], [ 124.697676844311076, 25.359337482539047 ], [ 124.698454526755739, 25.359407848193939 ], [ 124.784660573027367, 25.36715937200762 ], [ 124.933429813635627, 25.450382759157321 ], [ 125.035494514760472, 25.508264450744065 ], [ 125.455698512177293, 25.80271908741625 ], [ 125.628028165668098, 25.923333345357747 ], [ 125.679693382644274, 25.959340924844071 ], [ 125.600559970966543, 26.280247398199009 ], [ 125.528174660033159, 26.56909751833615 ], [ 125.448034597619056, 26.884178798612936 ], [ 125.400852717779429, 27.067922112415999 ], [ 124.942654353216511, 28.313483691219574 ], [ 124.998090514766233, 28.381482978856781 ], [ 125.042782721346185, 28.435046387681041 ], [ 125.116153657765636, 28.520029829014049 ], [ 125.19259458467323, 28.603791347093448 ], [ 125.241542572932104, 28.65569529270374 ], [ 125.311192470856241, 28.727958979323773 ], [ 125.404222673538044, 28.819500342667027 ], [ 125.457464707831065, 28.86975291716368 ], [ 125.521879006411638, 28.929904800666293 ], [ 125.535076366781396, 28.94162224836856 ], [ 125.590013625828902, 29.045887968255414 ], [ 125.768912747725977, 29.363635960531525 ], [ 125.777233515415134, 29.378013782710497 ], [ 125.797170761222134, 29.412567578431464 ], [ 125.826040408139107, 29.461324435574426 ], [ 125.855545776816626, 29.509899971406895 ], [ 125.885687986911563, 29.558294427845908 ], [ 125.908770205980915, 29.59445225167056 ], [ 125.924320002167207, 29.61851389450112 ], [ 125.947887470230881, 29.654541066617469 ], [ 125.979947039424957, 29.70239372469112 ], [ 126.012648042873622, 29.750066256652616 ], [ 126.045991657789415, 29.797558895427102 ], [ 126.079979069479037, 29.844871873938473 ], [ 126.130116477693861, 29.913099913130964 ], [ 126.186300980406742, 30.042051142746629 ], [ 126.091930956049026, 30.303041329793643 ], [ 127.633333333467164, 28.599999999600414 ], [ 127.999999999700862, 29.316666666933486 ], [ 128.633333333267302, 29.716666667033252 ], [ 129.150000000100789, 30.316666666733624 ], [ 129.066666666333987, 30.900000000399928 ], [ 128.833333333766717, 31.21666666673346 ], [ 128.833333333766717, 31.783333333466828 ], [ 128.233333333166996, 31.783333333466828 ], [ 127.833333333067372, 32.19999999960055 ], [ 127.933333333767024, 32.450000000000273 ], [ 128.300000000000722, 32.450000000000273 ], [ 128.300000000000722, 32.949999999900342 ], [ 127.698333333517127, 32.949999999900342 ], [ 127.698333333517468, 32.95833333291742 ], [ 127.733333333267097, 33.021666667083196 ], [ 127.805000000449837, 33.145000000050345 ], [ 127.859999999800749, 33.228333332917401 ], [ 127.871666666383845, 33.26999999980049 ], [ 128.361666666484126, 33.751666666883608 ], [ 128.424999999750668, 33.790000000200195 ], [ 128.434999999551138, 33.840000000100332 ], [ 128.688333333517022, 34.136666666833349 ], [ 128.79333333366688, 34.216666667033337 ], [ 128.880000000100409, 34.299999999900479 ], [ 128.888333333117117, 34.308333332917186 ], [ 128.954999999950843, 34.408333333616838 ], [ 128.989999999700586, 34.460000000300141 ], [ 129.003333333067502, 34.486666667033347 ], [ 129.013333333767179, 34.535000000150063 ], [ 129.013333333767179, 34.543333333167197 ], [ 129.05166666708331, 34.671666666483844 ], [ 129.201666666784178, 34.82833333331692 ], [ 129.216666666933889, 34.843333333466973 ], [ 129.263333333267411, 34.873333333766851 ], [ 129.306666666934035, 34.904999999950405 ], [ 129.361666666284265, 34.950000000399911 ], [ 129.376666666433977, 34.96000000020021 ], [ 129.421666666884136, 34.976666666233911 ], [ 129.548333333416878, 35.019999999900421 ], [ 129.678333333517031, 35.068333333017222 ], [ 130.124999999950802, 35.113333333466869 ], [ 130.273333333767056, 35.116666667033371 ], [ 130.388333333716702, 35.303333333267119 ], [ 130.568333333716993, 35.561666666683834 ], [ 130.711666666284515, 35.705000000150164 ], [ 131.138333333191127, 36.063333333392279 ], [ 131.190133869687799, 36.105591665835107 ], [ 131.264999999803564, 36.16666666670443 ], [ 131.309386362946753, 36.202312499675458 ], [ 131.318461667740365, 36.204366734047852 ], [ 131.356198536703829, 36.225813184263757 ], [ 131.761751959773079, 36.62386585735706 ], [ 131.777288436141731, 36.639050758956557 ], [ 131.789349604052546, 36.651064605830783 ], [ 131.952687091613399, 36.806591191749817 ], [ 132.00967891958831, 36.861925934384544 ], [ 132.102475555464451, 36.951835452928776 ], [ 132.17175831276208, 37.03607253359678 ], [ 132.212835198029637, 37.088662112755856 ], [ 132.230291287503718, 37.111026969262781 ], [ 132.357009568542736, 37.266554631969541 ], [ 132.419120367607917, 37.342460839821229 ], [ 132.557281462817372, 37.518746102159525 ], [ 132.844660819288976, 37.881778145066988 ], [ 133.047506022638714, 38.138022398204072 ], [ 133.163277168409223, 38.284270326638989 ], [ 133.806087820484237, 39.089332437235186 ], [ 133.762609165057057, 39.592893606053053 ], [ 133.751175211914898, 39.725319384907607 ], [ 133.745791621651421, 39.726686592944361 ], [ 133.868025326471496, 39.780579032899823 ], [ 133.953183637315448, 39.818125053129052 ], [ 134.249801047776117, 39.954067867870862 ], [ 134.465597075644865, 40.052969410410242 ], [ 134.803831147489944, 40.180632720923597 ], [ 134.838631008514625, 40.193817181418154 ], [ 135.161919320121029, 40.316075126666078 ], [ 135.168576934678384, 40.318558525355968 ], [ 135.186237713999873, 40.325100823444473 ], [ 135.203291205425359, 40.331374189167747 ], [ 135.861452027389959, 40.561383060879905 ], [ 135.938328656042955, 40.666330597279511 ], [ 135.954475649732075, 40.68811013037859 ], [ 136.141001610736311, 41.097901096358981 ], [ 136.150318457631187, 41.118568801209477 ], [ 136.15815075315524, 41.133524325387754 ], [ 136.222143767920983, 41.241712615545083 ], [ 136.232421619562814, 41.257455284833668 ], [ 136.490734533871972, 41.623301456397456 ], [ 136.550417873286932, 41.707692249897633 ], [ 136.589932974227651, 41.765488969040973 ], [ 136.597856794655712, 41.7774988969567 ], [ 136.634271616841971, 41.823018306250106 ], [ 136.678802887943476, 41.880544744045125 ], [ 136.721906337807781, 41.938146576503641 ], [ 136.721916146713141, 41.938159636458352 ], [ 136.753279623556324, 41.981425616299504 ], [ 136.773836843995667, 42.010295362141449 ], [ 136.804143980760642, 42.05363859464569 ], [ 136.843110979988268, 42.111510143678601 ], [ 136.880640932733371, 42.169469467442298 ], [ 136.916729499767115, 42.22751635729432 ], [ 136.919903970792092, 42.232845695672665 ], [ 136.951412469610631, 42.28564835448833 ], [ 137.099660685292662, 42.544910055355132 ], [ 137.363842274901543, 42.902297375523773 ], [ 137.391202378287659, 42.936780899119469 ], [ 137.394145998739219, 42.940500927676055 ], [ 137.397082931832273, 42.944223478830736 ], [ 137.400013176667443, 42.947948551684561 ], [ 137.402936732344898, 42.951676146237503 ], [ 137.405853597066283, 42.955406260690722 ], [ 137.408763769932676, 42.959138896842887 ], [ 137.411667249144983, 42.962874051996351 ], [ 137.414564034703034, 42.966611727049809 ], [ 137.417454123009662, 42.970351921104708 ], [ 137.420337514964757, 42.974094634160281 ], [ 137.584960653012246, 43.188051496779394 ], [ 137.590826671713927, 43.195361868056068 ], [ 137.604511532981434, 43.212187593582883 ], [ 137.618341281325598, 43.228963746679909 ], [ 137.623127286195739, 43.234692708701743 ], [ 137.632103462705089, 43.245764440476876 ], [ 137.637667927033505, 43.2525369344323 ], [ 137.659232500579918, 43.269563285217743 ], [ 137.699488132072332, 43.302195184760222 ], [ 137.739112059973905, 43.33517266049023 ], [ 137.778103117865356, 43.368495191699964 ], [ 137.80686810977582, 43.393744805678551 ], [ 137.825887902305197, 43.410664360172433 ], [ 137.854182010092046, 43.43617327207923 ], [ 137.890845647708971, 43.470136974941795 ], [ 137.891274258300854, 43.470524119592625 ], [ 137.918601568807702, 43.495894912720303 ], [ 137.962722212160969, 43.544888806873303 ], [ 138.006669288157838, 43.596117838267958 ], [ 138.032390319558232, 43.627105432669993 ], [ 138.066267304392881, 43.668595670554083 ], [ 138.070017199434659, 43.673432155270007 ], [ 138.123108698907657, 43.728533304069003 ], [ 138.178635966277369, 43.788985767079993 ], [ 138.214320332118206, 43.829793082285164 ], [ 138.240763644127156, 43.860531430481387 ], [ 138.283728417633057, 43.912185996786548 ], [ 138.33328011808382, 43.97492931093916 ], [ 138.380826617254939, 44.038431651100183 ], [ 138.385135704449652, 44.044515669962408 ], [ 138.424525605372907, 44.086380229064616 ], [ 138.521348294988371, 44.188611059253333 ], [ 138.701262329693378, 44.334416836767844 ], [ 138.876855959235485, 44.475657374988202 ], [ 138.933825794025694, 44.521134068282777 ], [ 138.981205942000912, 44.555900807276743 ], [ 139.01317345748933, 44.578704392993586 ], [ 139.013377779860974, 44.579328813873929 ], [ 139.016193032882683, 44.585934527656661 ], [ 139.032804065055842, 44.628905455222935 ], [ 139.03551145878734, 44.635569140203984 ], [ 139.040162847737719, 44.645566715431926 ], [ 139.060534726896975, 44.690673923163217 ], [ 139.092256819197445, 44.765460473422337 ], [ 139.108592723576038, 44.808214274969032 ], [ 139.126635670700324, 44.854551150915142 ], [ 139.133453929355909, 44.874243503235391 ], [ 139.158435492304505, 44.943175297002711 ], [ 139.163132065875658, 44.957929079694793 ], [ 139.169415498626705, 44.97766781022159 ], [ 139.172620781324639, 44.987898916901742 ], [ 139.175770592039584, 44.998120074382399 ], [ 139.178864910088095, 45.008331287159422 ], [ 139.18190371478525, 45.018532562428049 ], [ 139.184886983647829, 45.028723905584258 ], [ 139.187814696891309, 45.038905322023197 ], [ 139.190686832031901, 45.049076818040987 ], [ 139.193503368386274, 45.059238399932582 ], [ 139.195064389110684, 45.064978377750236 ], [ 139.207912031915242, 45.114037607649919 ], [ 139.208662212191911, 45.117011226786957 ], [ 139.210136745115364, 45.122929112089111 ], [ 139.211225677523345, 45.127354738830377 ], [ 139.249195579513099, 45.294047945356624 ], [ 139.300686615795343, 45.415782290021014 ], [ 139.301211538382262, 45.417076065508297 ], [ 139.302568011904867, 45.4204372375888 ], [ 139.302937845505397, 45.421358567843981 ], [ 139.302969276810956, 45.421423221005199 ], [ 139.304134747820939, 45.423804759782143 ], [ 139.33752882549507, 45.49231494687757 ], [ 139.338798624157647, 45.494928159107474 ], [ 139.340063731956008, 45.497541418102429 ], [ 139.341324146192818, 45.500154723861613 ], [ 139.342427882341411, 45.502451780325686 ], [ 139.342580761693256, 45.502768068292056 ], [ 139.343839174039061, 45.50538139743378 ], [ 139.345092886527738, 45.507994773340386 ], [ 139.346341898260533, 45.510608196011816 ], [ 139.347586209236539, 45.513221666347079 ], [ 139.348825817657627, 45.51583518254796 ], [ 139.35006072352391, 45.518448746412844 ], [ 139.358076015795945, 45.535475332820653 ], [ 139.383934635375653, 45.58887254693073 ], [ 139.457759680864996, 45.730305624605251 ], [ 139.492090257659783, 45.795891013159974 ], [ 139.540233585611844, 45.886372164843863 ], [ 139.713747447487236, 46.099476258822563 ], [ 139.771138281906673, 46.089829314871338 ], [ 139.771715475789136, 46.089732316693556 ], [ 139.772292572544615, 46.089635366179465 ], [ 139.772869573972372, 46.089538464229008 ], [ 139.773446480071669, 46.089441609942639 ], [ 139.774023290842905, 46.089344803320188 ], [ 139.774600004487269, 46.089248046160662 ], [ 139.775176621904137, 46.089151335765848 ], [ 139.775753144892377, 46.089054673934413 ], [ 139.776329570753404, 46.088958059767009 ], [ 139.776905901286995, 46.088861493263664 ], [ 140.657560706162229, 45.941155347541553 ], [ 140.989287090327451, 45.884197810980567 ], [ 141.072663064549289, 45.874761261623178 ], [ 141.076753625479938, 45.874296141254291 ], [ 141.163992865079052, 45.869518788761326 ], [ 141.207333242236047, 45.869713774371547 ], [ 141.236511260386948, 45.869618235793268 ], [ 141.243840751250303, 45.869885081731496 ], [ 141.279955732271816, 45.871178739407583 ], [ 141.337830967625365, 45.874402977116063 ], [ 141.423449106391871, 45.884298771571395 ], [ 141.42441531101818, 45.884389548239369 ], [ 141.438919322469104, 45.886615100506816 ], [ 141.489913930284359, 45.866302653944558 ], [ 141.512678872132511, 45.856520633620761 ], [ 141.571605432944892, 45.83603566021776 ] ], [ [ 137.946671884800566, 23.343495083332016 ], [ 137.945586355426798, 23.347002916851579 ], [ 137.945046448335489, 23.348756560667255 ], [ 137.940743354222633, 23.362804106824569 ], [ 137.94020848963109, 23.364559079838159 ], [ 137.939143318210512, 23.368072265223162 ], [ 137.938613445754896, 23.369829046773532 ], [ 137.936503048077753, 23.376862594133627 ], [ 137.935978290066402, 23.378620690493051 ], [ 137.934933638477531, 23.38213914410656 ], [ 137.934414168479663, 23.383898068741132 ], [ 137.930274807636948, 23.397987704069806 ], [ 137.929760400822289, 23.399747908439622 ], [ 137.928736185427539, 23.403271508873445 ], [ 137.928226795930954, 23.405033471417852 ], [ 137.926198407431656, 23.412087651923883 ], [ 137.925694150365672, 23.413850877116602 ], [ 137.924690529445257, 23.417379542532103 ], [ 137.924191572983688, 23.419143543839795 ], [ 137.920216552452558, 23.433273627976064 ], [ 137.919722679858097, 23.435038857757519 ], [ 137.918739572474152, 23.438572464947754 ], [ 137.918250738781154, 23.440339403441129 ], [ 137.916304659832946, 23.447413395112335 ], [ 137.915820978356663, 23.449181544992712 ], [ 137.914858536493199, 23.452720009421284 ], [ 137.914380167312146, 23.454488882356259 ], [ 137.910570078846519, 23.468657771339679 ], [ 137.91009681331812, 23.470427822386569 ], [ 137.909154960533584, 23.473971023544181 ], [ 137.908686757289246, 23.475742732041795 ], [ 137.906823278372286, 23.482835711099568 ], [ 137.906360244430431, 23.484608580621881 ], [ 137.905628573999962, 23.487426741151694 ], [ 137.900002975557328, 23.499871549732688 ], [ 137.89924471757061, 23.501555183125561 ], [ 137.897732296209398, 23.504926165910206 ], [ 137.896978750669206, 23.506612143835753 ], [ 137.893972715468891, 23.513363424582735 ], [ 137.89322405414751, 23.515051267702233 ], [ 137.891731257791918, 23.518429734644883 ], [ 137.890987728001647, 23.520118980706826 ], [ 137.885053234020262, 23.533652852097703 ], [ 137.884514280210766, 23.534885325297921 ], [ 137.883438193718149, 23.537353087475367 ], [ 137.882901609621882, 23.538587123697198 ], [ 137.880759115141387, 23.54352837493488 ], [ 137.880225086019806, 23.544763504732259 ], [ 137.879159368710503, 23.547235403791205 ], [ 137.878628114896316, 23.548471166711465 ], [ 137.874384163798396, 23.558370879512808 ], [ 137.873659506281825, 23.560067854348404 ], [ 137.872214580839426, 23.563464950747147 ], [ 137.87149479584869, 23.565163939164677 ], [ 137.868624176965028, 23.571966624260881 ], [ 137.867909233025244, 23.573667607374432 ], [ 137.866483933487558, 23.577072274266413 ], [ 137.865773876463805, 23.578775247579983 ], [ 137.864175657981178, 23.582623946638364 ], [ 137.863786367547704, 23.58356274352613 ], [ 137.863107417174348, 23.58520263389471 ], [ 137.862630551659009, 23.586356598978199 ], [ 137.862427893033129, 23.586847693566483 ], [ 137.862067891720272, 23.587721176291836 ], [ 137.859628414120806, 23.593783694162568 ], [ 137.856356646342675, 23.601659533061479 ], [ 137.855839342812175, 23.602906577077277 ], [ 137.854806642313548, 23.605399757693021 ], [ 137.854104096427278, 23.607104569220866 ], [ 137.853639460793403, 23.608250462888918 ], [ 137.853058647139704, 23.609684141410327 ], [ 137.850819945884297, 23.615333447780586 ], [ 137.850142189810896, 23.617047304689777 ], [ 137.848703108163107, 23.620694090660209 ], [ 137.848113814801621, 23.622190858421959 ], [ 137.847638785702003, 23.623399622794722 ], [ 137.842565679463434, 23.635860623669259 ], [ 137.84188619309387, 23.637572831221803 ], [ 137.840531493934094, 23.641000795950504 ], [ 137.839856835125175, 23.642715157379143 ], [ 137.837166711974447, 23.649579642986623 ], [ 137.836497034511552, 23.651295673556888 ], [ 137.835162341669076, 23.654730331939476 ], [ 137.834497868582929, 23.656447560406832 ], [ 137.829196818378961, 23.670204719072927 ], [ 137.828537263685092, 23.671923577111784 ], [ 137.82722247194036, 23.675364801444914 ], [ 137.826567772685195, 23.677085765695921 ], [ 137.823957575882417, 23.683976577157637 ], [ 137.823307881354509, 23.685699161087882 ], [ 137.822013185860982, 23.68914687942538 ], [ 137.82136871189735, 23.690870609091576 ], [ 137.816227898399262, 23.704679628961912 ], [ 137.815588367109996, 23.706404939636514 ], [ 137.81431366624318, 23.709859024274891 ], [ 137.813679016473912, 23.711586391699029 ], [ 137.811149110244259, 23.718502732215597 ], [ 137.810519487685013, 23.720231669855934 ], [ 137.809264970302848, 23.723692047950038 ], [ 137.808640584496601, 23.725422079166208 ], [ 137.803660727161201, 23.739281362145675 ], [ 137.803041309210329, 23.741012924906954 ], [ 137.801806875488154, 23.74447947055171 ], [ 137.801192366035394, 23.746213042398495 ], [ 137.798743102912596, 23.753154109774727 ], [ 137.798133642254385, 23.754889201475976 ], [ 137.796919479251443, 23.758361840027277 ], [ 137.79631526973472, 23.760097972243926 ], [ 137.7914970682356, 23.77400591304297 ], [ 137.790897849956337, 23.775743527342343 ], [ 137.789703858746435, 23.779222131996079 ], [ 137.789109575047206, 23.780961706817692 ], [ 137.786741303069761, 23.787926697059675 ], [ 137.786152088848695, 23.789667741373648 ], [ 137.78497845199459, 23.79315223658682 ], [ 137.784394505102597, 23.794894269255337 ], [ 137.7797386429244, 23.8088492544899 ], [ 137.779159709753486, 23.810592719778583 ], [ 137.778006331028251, 23.814082980545464 ], [ 137.777432357617755, 23.815828355994086 ], [ 137.775145413131185, 23.822816461510911 ], [ 137.774576530783378, 23.82456325608976 ], [ 137.773443587352205, 23.828059205068598 ], [ 137.77287998582338, 23.829806935841845 ], [ 137.768387130262369, 23.843807346731836 ], [ 137.76782856493665, 23.845556459763316 ], [ 137.766715963271537, 23.849057971948241 ], [ 137.766162382888666, 23.850808945676732 ], [ 137.76395709594388, 23.857819356178624 ], [ 137.76340862640788, 23.859571697776232 ], [ 137.762316540077535, 23.863078694026967 ], [ 137.761773365748724, 23.864831919657775 ], [ 137.757444166116528, 23.878876132028154 ], [ 137.756906048675688, 23.880630689554977 ], [ 137.755834386847965, 23.884143045765313 ], [ 137.755301280430018, 23.885899414526762 ], [ 137.75317796938819, 23.892931315228225 ], [ 137.752649993603228, 23.894689001496573 ], [ 137.751598922652789, 23.898206637626686 ], [ 137.751076254666287, 23.899965154868369 ], [ 137.74691134318428, 23.914051535550357 ], [ 137.746393753669651, 23.915811334326037 ], [ 137.745363187262427, 23.919334127168554 ], [ 137.744850631252262, 23.921095686817011 ], [ 137.742809609976263, 23.928148261133913 ], [ 137.742302204383606, 23.929911087027421 ], [ 137.741292304397035, 23.933438953844956 ], [ 137.74079021919411, 23.935202557652133 ], [ 137.736790210100736, 23.949329469879615 ], [ 137.736293224053753, 23.951094304858657 ], [ 137.735303905951383, 23.954627124242705 ], [ 137.73481197859067, 23.956393669732506 ], [ 137.732853547454084, 23.963466096583602 ], [ 137.73236678849733, 23.965233857057257 ], [ 137.731398209660284, 23.968771544471565 ], [ 137.730916781884417, 23.970540030698174 ], [ 137.727082272330193, 23.98470583050991 ], [ 137.726605965293885, 23.986475495747726 ], [ 137.725658042985202, 23.990017930683337 ], [ 137.725186816219008, 23.991789256968985 ], [ 137.723311271098993, 23.998880712575186 ], [ 137.722845231622927, 24.000653202583749 ], [ 137.721918118727132, 24.0042002987052 ], [ 137.721457422122882, 24.005973460507107 ], [ 137.717788991269487, 24.02017649764764 ], [ 137.717333434291305, 24.021950788998197 ], [ 137.716427052566956, 24.025502425796901 ], [ 137.71597659834211, 24.027278326933697 ], [ 137.714184224323304, 24.034387985717359 ], [ 137.713738974474751, 24.036164997516948 ], [ 137.712853469612611, 24.039721089557247 ], [ 137.712413574327257, 24.041498720989608 ], [ 137.708911782453271, 24.055737340706116 ], [ 137.708477046579361, 24.057516049526356 ], [ 137.707612343935153, 24.06107647629878 ], [ 137.707182731499046, 24.062856743644232 ], [ 137.705473804673574, 24.069983777329867 ], [ 137.705049413700323, 24.071765104976038 ], [ 137.704205654468097, 24.075329777447564 ], [ 137.703786627052494, 24.07711167076738 ], [ 137.700452019146411, 24.091384212012258 ], [ 137.700144989700647, 24.092704658693492 ], [ 137.699533364374162, 24.095348051271912 ], [ 137.699229076960847, 24.096669670669144 ], [ 137.698016905057017, 24.101960625083279 ], [ 137.697715463098604, 24.103282927065862 ], [ 137.697115305027893, 24.105928801773103 ], [ 137.696816832631413, 24.107251297109997 ], [ 137.694438104235729, 24.117843886286721 ], [ 137.693950770612418, 24.120032228205133 ], [ 137.692983694542164, 24.124411825845698 ], [ 137.692504242577996, 24.126601766758654 ], [ 137.690601402134206, 24.135368071179869 ], [ 137.690126373034587, 24.137575670281535 ], [ 137.689184099367679, 24.141993504397135 ], [ 137.688717084126978, 24.144202668318712 ], [ 137.687243727516744, 24.15123489907171 ], [ 137.687061237087306, 24.152108987939755 ], [ 137.686697316529006, 24.153858341090086 ], [ 137.686516035687106, 24.15473289041114 ], [ 137.685793092278146, 24.158233129156031 ], [ 137.685619808208031, 24.159075019596685 ], [ 137.685274864244235, 24.160756783299291 ], [ 137.685089862907404, 24.161662162279328 ], [ 137.680815567785118, 24.18265592623041 ], [ 137.680551103251474, 24.183961808391047 ], [ 137.680024496234097, 24.186576466731026 ], [ 137.679762670312101, 24.187883679888301 ], [ 137.678720124034868, 24.19311772430396 ], [ 137.678583990059934, 24.193803163285793 ], [ 137.678461030252976, 24.194425763038879 ], [ 137.677945519970336, 24.197043018620747 ], [ 137.677689312112562, 24.198351168871795 ], [ 137.675648583116555, 24.208829476699435 ], [ 137.675395102003307, 24.210138372488331 ], [ 137.674890685757106, 24.212758043649046 ], [ 137.674639956569109, 24.21406775152596 ], [ 137.673642120088203, 24.219310322413776 ], [ 137.673394159912874, 24.220620701184771 ], [ 137.672900930334009, 24.223242616154266 ], [ 137.672655778742097, 24.224553523726627 ], [ 137.671905144307658, 24.228591315137436 ], [ 137.671768964466565, 24.229326288777713 ], [ 137.671497392591533, 24.230796921341266 ], [ 137.671362086891378, 24.231532107221256 ], [ 137.670822389342874, 24.234474469521359 ], [ 137.67068798026699, 24.235209729145936 ], [ 137.670419977800549, 24.236680785290218 ], [ 137.670286494127282, 24.237415981962556 ], [ 137.669221168023427, 24.243303412622879 ], [ 137.669088585470746, 24.244038611992778 ], [ 137.668824164104791, 24.245509944228928 ], [ 137.668692434109431, 24.246245477247413 ], [ 137.66816699890822, 24.249189473615701 ], [ 137.668036189818878, 24.249924940983874 ], [ 137.667775388224612, 24.251396406319486 ], [ 137.667645572885505, 24.252131405140858 ], [ 137.665571431377003, 24.263915206621846 ], [ 137.665314165916953, 24.265387061364379 ], [ 137.66480291392449, 24.268332890550738 ], [ 137.664549137832779, 24.269805665299458 ], [ 137.663540583231708, 24.27570097132309 ], [ 137.663290354966222, 24.277174256886951 ], [ 137.662793326651268, 24.280122132930387 ], [ 137.662546728050273, 24.281595522815337 ], [ 137.660586204190651, 24.293395679367478 ], [ 137.660343131830956, 24.294869562980324 ], [ 137.659860288522538, 24.297819422029193 ], [ 137.659620715424381, 24.299294195970646 ], [ 137.658669020459826, 24.305197447504639 ], [ 137.658433003281431, 24.306672703482832 ], [ 137.657964411529377, 24.309624493376049 ], [ 137.657732026712466, 24.311099825796816 ], [ 137.655885351627973, 24.322915412017096 ], [ 137.65565650024817, 24.324391207588519 ], [ 137.655202122280826, 24.327344865373533 ], [ 137.65497678185389, 24.328821523394993 ], [ 137.65408206073883, 24.334732257288266 ], [ 137.653860282526495, 24.336209368567779 ], [ 137.653420183095733, 24.339164841185095 ], [ 137.653202039043578, 24.340641998330057 ], [ 137.651469434867096, 24.352472088816285 ], [ 137.651254834143771, 24.353949681233075 ], [ 137.650828977275779, 24.35690690572946 ], [ 137.650617895600448, 24.358385331818027 ], [ 137.649780257153481, 24.364303084919811 ], [ 137.649572745786628, 24.365781935488371 ], [ 137.649161192635603, 24.368740858803989 ], [ 137.648957317227229, 24.370219725560332 ], [ 137.647338998896345, 24.382063390413464 ], [ 137.647138674011472, 24.383542663663292 ], [ 137.646741391303152, 24.386503221946725 ], [ 137.646544596256746, 24.387983300989163 ], [ 137.645764145699587, 24.393907608349934 ], [ 137.645570926357465, 24.3953880821947 ], [ 137.645187971648539, 24.398350223284609 ], [ 137.64499839006433, 24.39983068363955 ], [ 137.643494564423605, 24.411686993860087 ], [ 137.643308541457344, 24.413167831930281 ], [ 137.642939883269975, 24.416131491975307 ], [ 137.642757400034526, 24.417613107059623 ], [ 137.642034238090872, 24.423543502830796 ], [ 137.641855335955626, 24.425025483040002 ], [ 137.641501029149509, 24.427990609879174 ], [ 137.641325768370194, 24.429472546920977 ], [ 137.639936632370365, 24.441340569911716 ], [ 137.639764935603608, 24.442822856789689 ], [ 137.639424951400684, 24.445789385672128 ], [ 137.639256802459869, 24.447272419886673 ], [ 137.638591026255568, 24.453208438219292 ], [ 137.638426466508491, 24.454691809679701 ], [ 137.638100856170155, 24.457659687544947 ], [ 137.637939936879462, 24.459142986160259 ], [ 137.636665679377899, 24.471021788425389 ], [ 137.636508333093985, 24.472505407199264 ], [ 137.636197068740586, 24.475474571994368 ], [ 137.636043280174448, 24.47695890842715 ], [ 137.635434981440397, 24.482900082573224 ], [ 137.635284785665277, 24.484384727473383 ], [ 137.63498791675957, 24.487355124339814 ], [ 137.634841363238962, 24.488839666717553 ], [ 137.633682165899501, 24.500728313861202 ], [ 137.633539190781704, 24.502213146719555 ], [ 137.633256692143533, 24.505184713603853 ], [ 137.633117283736595, 24.506670236242883 ], [ 137.632566551505562, 24.512616097655268 ], [ 137.632430742185335, 24.514101899083812 ], [ 137.632162658780345, 24.517074581127446 ], [ 137.632030492614064, 24.51856025035579 ], [ 137.630986525408758, 24.53045780618308 ], [ 137.630857944839278, 24.531943737114375 ], [ 137.630604253284588, 24.534917471364594 ], [ 137.630479246620808, 24.536404063297169 ], [ 137.629986163631344, 24.542354144328783 ], [ 137.629864761450591, 24.543840985373549 ], [ 137.629625504014513, 24.546815716972191 ], [ 137.629507745886286, 24.54830239703864 ], [ 137.628579173390591, 24.560207923557414 ], [ 137.628465006255993, 24.561694835648382 ], [ 137.628240162254002, 24.56467050344142 ], [ 137.628129578018189, 24.566158046856799 ], [ 137.627694224309636, 24.572111878061037 ], [ 137.627587249053164, 24.573599641810205 ], [ 137.627376857156634, 24.576576190039447 ], [ 137.627273525953484, 24.578063762233228 ], [ 137.626460501951584, 24.589976320551131 ], [ 137.62636076803588, 24.591464096890945 ], [ 137.626164810258416, 24.594441462603868 ], [ 137.626068666436623, 24.59592984059006 ], [ 137.625691116652121, 24.601886953420461 ], [ 137.625598587205701, 24.603375521163656 ], [ 137.625417097721737, 24.606353650400933 ], [ 137.625328211428922, 24.607841998709688 ], [ 137.62463088161067, 24.619760649035044 ], [ 137.62454559890071, 24.621249170912705 ], [ 137.624378562421299, 24.624228000722013 ], [ 137.624296877898956, 24.625717095467849 ], [ 137.623977203085843, 24.631677018679852 ], [ 137.623899135637345, 24.633166274404459 ], [ 137.62374658453794, 24.636145749027406 ], [ 137.623672161141968, 24.637634754740446 ], [ 137.623090662204874, 24.649558556382772 ], [ 137.623019847788584, 24.651047706886374 ], [ 137.622881766780807, 24.654027765169644 ], [ 137.622814557746466, 24.65551745976336 ], [ 137.622552822655535, 24.661479722112006 ], [ 137.622489236090274, 24.662969548006572 ], [ 137.622365653952244, 24.665950133292341 ], [ 137.622305708742289, 24.667439679498017 ], [ 137.621840170188449, 24.679367689068215 ], [ 137.621794817377605, 24.680559350134303 ], [ 137.621706372651403, 24.682944362093167 ], [ 137.621663323004356, 24.684136579839645 ], [ 137.621495665093875, 24.688908492333411 ], [ 137.621454933898377, 24.690100858468128 ], [ 137.621375772874245, 24.692486302101514 ], [ 137.621337375419699, 24.693678407432941 ], [ 137.621039166525151, 24.703224805380813 ], [ 137.621000431825252, 24.704507813285346 ], [ 137.620925613626497, 24.707075188869311 ], [ 137.620889560705137, 24.708358560099754 ], [ 137.620750655019521, 24.713494847309704 ], [ 137.62071683421496, 24.714796649246182 ], [ 137.620651945431547, 24.717401007650665 ], [ 137.620620336060796, 24.71872736557583 ], [ 137.620592760148298, 24.719941270473782 ], [ 137.62039002597956, 24.729043868280314 ], [ 137.620378194499239, 24.729585928348342 ], [ 137.620355108002428, 24.730665499713268 ], [ 137.620343807121486, 24.731205144202363 ], [ 137.620299667496198, 24.733358061825385 ], [ 137.620288875631815, 24.733896002998506 ], [ 137.620267758650499, 24.734972185718334 ], [ 137.620257313025064, 24.735516883497837 ], [ 137.620207198304598, 24.738192138156961 ], [ 137.620134448546565, 24.740291201678019 ], [ 137.620088112776585, 24.741673206953379 ], [ 137.619735467019069, 24.752557357236753 ], [ 137.61968155535979, 24.75429764791852 ], [ 137.619578638744116, 24.757779825578694 ], [ 137.619529671557899, 24.759520502070018 ], [ 137.619343615316012, 24.766486769349399 ], [ 137.61929959260263, 24.768227820857874 ], [ 137.619216481756126, 24.771710965289145 ], [ 137.619177410709227, 24.77345238012353 ], [ 137.61910944714387, 24.776689722752877 ], [ 137.619086170890597, 24.777831280789428 ], [ 137.619048552249325, 24.779734292104337 ], [ 137.619026708616644, 24.780875165756612 ], [ 137.618772450488933, 24.794597142944184 ], [ 137.618757909350421, 24.795397695147926 ], [ 137.618729657148862, 24.797083929380165 ], [ 137.618678635910697, 24.800402461904497 ], [ 137.618655382140588, 24.802061343256781 ], [ 137.618576537677455, 24.808290951566619 ], [ 137.618568161392005, 24.808974118860988 ], [ 137.618551457384143, 24.810496982250328 ], [ 137.618527157702857, 24.812996030043223 ], [ 137.618516292992837, 24.814244663161105 ], [ 137.618414301779495, 24.827521333842782 ], [ 137.618406860788383, 24.828617665873026 ], [ 137.618403811187278, 24.829179379724906 ], [ 137.618387321218421, 24.832497290817599 ], [ 137.61838132903577, 24.834155804347319 ], [ 137.618366354423898, 24.840793455753783 ], [ 137.618364863348717, 24.842451976477918 ], [ 137.618366385001565, 24.845769914550118 ], [ 137.618369395032374, 24.847427982016029 ], [ 137.618411512082304, 24.860704864937986 ], [ 137.618419021421147, 24.86236291711532 ], [ 137.61843855199848, 24.865680799429811 ], [ 137.618450566940766, 24.867339278784925 ], [ 137.61850766669582, 24.873976709857686 ], [ 137.618524186342626, 24.875635155038765 ], [ 137.618561740232764, 24.878952902454785 ], [ 137.618582759187603, 24.880610853908223 ], [ 137.618769096017758, 24.893886645053044 ], [ 137.618794617878194, 24.895544540748261 ], [ 137.618850196879777, 24.898862068729841 ], [ 137.61888023153827, 24.900520350234302 ], [ 137.619009456921191, 24.907156909863886 ], [ 137.619043999881598, 24.908815117624044 ], [ 137.619117612988049, 24.912132347929969 ], [ 137.619156651658983, 24.913790019693892 ], [ 137.61948730539595, 24.927063415944303 ], [ 137.619530852367831, 24.928720992380221 ], [ 137.619622503176657, 24.932037839574804 ], [ 137.619670570141551, 24.933695761350691 ], [ 137.61987196611895, 24.940330797528759 ], [ 137.619924544083148, 24.941988603291833 ], [ 137.62003423619197, 24.945304990033577 ], [ 137.620091306269074, 24.946962221130036 ], [ 137.620566360549702, 24.960231916669841 ], [ 137.620627943425831, 24.961889010170125 ], [ 137.620755684927843, 24.965204851922749 ], [ 137.620821793191936, 24.966862250293048 ], [ 137.621095399333768, 24.973495110111685 ], [ 137.621166020396373, 24.975152351999753 ], [ 137.62131181219118, 24.978467569623007 ], [ 137.6213869217693, 24.980124195475696 ], [ 137.622006445842061, 24.993388885389095 ], [ 137.622086071815062, 24.995045333176023 ], [ 137.62224992199711, 24.998359842133453 ], [ 137.62233408055377, 25.000016554320808 ], [ 137.622420687965331, 25.00167684940746 ], [ 137.621528374335668, 25.007434476420144 ], [ 137.621182655156616, 25.009692809875673 ], [ 137.620499474371769, 25.014211512851375 ], [ 137.620162511891095, 25.01646851980675 ], [ 137.618830912717414, 25.025501666569085 ], [ 137.618551968199796, 25.027282999611316 ], [ 137.61772746525051, 25.032706360310584 ], [ 137.616126222347617, 25.04356402645908 ], [ 137.615350012993218, 25.048994848833559 ], [ 137.613346090550493, 25.063475552554991 ], [ 137.613098500895745, 25.06528426185946 ], [ 137.612608441426829, 25.068904248932228 ], [ 137.612366173960623, 25.070714054510518 ], [ 137.611407335680411, 25.077958359791069 ], [ 137.611170443462044, 25.079768755324181 ], [ 137.610701927252563, 25.083391106714402 ], [ 137.610470491220809, 25.085201588582663 ], [ 137.608638696319446, 25.099701181664585 ], [ 137.608412610354748, 25.101512223810346 ], [ 137.60796559153917, 25.105136825304498 ], [ 137.60774484305071, 25.106948910663959 ], [ 137.606872151729277, 25.11420223344669 ], [ 137.606656790179528, 25.116014855701309 ], [ 137.606231356892437, 25.119641608373882 ], [ 137.606021456026298, 25.121454263004466 ], [ 137.604362156489088, 25.135971041230988 ], [ 137.60415761827997, 25.13778420217966 ], [ 137.603753730051693, 25.1414129927158 ], [ 137.60355454550691, 25.143227143818024 ], [ 137.60276817920888, 25.150488632444791 ], [ 137.602574392394814, 25.152303267382308 ], [ 137.60219213016299, 25.155933995058234 ], [ 137.602003807630496, 25.157748609311398 ], [ 137.600517349696503, 25.172280865769693 ], [ 137.600334403310995, 25.17409593328108 ], [ 137.59997373020397, 25.177728484782278 ], [ 137.599796152771404, 25.179544490286304 ], [ 137.59909627967042, 25.186813288602792 ], [ 137.598924109860178, 25.188629723982871 ], [ 137.59858510142206, 25.19226399858519 ], [ 137.598418399490157, 25.194080358422298 ], [ 137.597105110513354, 25.208626382601778 ], [ 137.596943796419936, 25.210443142637359 ], [ 137.596626419374303, 25.214079027925123 ], [ 137.596470487723337, 25.215896672893535 ], [ 137.595857267898992, 25.223171925644351 ], [ 137.59570675466378, 25.224989947428583 ], [ 137.595411078259446, 25.228627341778832 ], [ 137.59526603470087, 25.230445233161504 ], [ 137.594126222247638, 25.245003310954644 ], [ 137.593986578218761, 25.246821549475357 ], [ 137.593712574576585, 25.250460339573209 ], [ 137.593578326479502, 25.252279409967088 ], [ 137.593051907420232, 25.259560260997887 ], [ 137.592923087630908, 25.261379653348797 ], [ 137.592670817004915, 25.265019738470556 ], [ 137.592547467792116, 25.26683894825905 ], [ 137.591581421445909, 25.281407361960419 ], [ 137.591463483453737, 25.283226864928253 ], [ 137.591232922461842, 25.286868131759064 ], [ 137.59112039479092, 25.288688412640482 ], [ 137.590680915892136, 25.295974001299413 ], [ 137.590573823723759, 25.29779455197729 ], [ 137.59036502722509, 25.301436897095414 ], [ 137.59026340743074, 25.30325720945325 ], [ 137.589471395189349, 25.317834242256907 ], [ 137.589375196508769, 25.319654793833962 ], [ 137.589188144717383, 25.323298106622673 ], [ 137.589097368049948, 25.325119383952853 ], [ 137.588744959712955, 25.332408850488491 ], [ 137.588659627540693, 25.334230342756541 ], [ 137.588494368121388, 25.337874519793559 ], [ 137.588414508323496, 25.339695719782071 ], [ 137.587796780197692, 25.354279647687918 ], [ 137.587740233526091, 25.355650989701729 ], [ 137.587630152909725, 25.358395753861316 ], [ 137.587576673825112, 25.359767814433496 ], [ 137.587368809023729, 25.365259704372221 ], [ 137.587318416412046, 25.366631982580373 ], [ 137.58722069967601, 25.369377373567346 ], [ 137.587173414222235, 25.370749369388136 ], [ 137.586807111359889, 25.381736471361592 ], [ 137.586749078108795, 25.383558958279878 ], [ 137.586638424624454, 25.387205558090614 ], [ 137.586585843062863, 25.389028430817774 ], [ 137.586386340157816, 25.396323606249865 ], [ 137.586339211186527, 25.398146851296531 ], [ 137.586250393242238, 25.40179443766354 ], [ 137.58620872315467, 25.40361804153963 ], [ 137.586127102484539, 25.407444859193305 ], [ 137.586099287352823, 25.408794335090732 ], [ 137.586054581154968, 25.411044009873564 ], [ 137.586028784101501, 25.412392242008735 ], [ 137.585755229221064, 25.427255628844819 ], [ 137.585724247576792, 25.429089522763576 ], [ 137.585667784541755, 25.43275936645199 ], [ 137.585642322036307, 25.434594314376511 ], [ 137.585551923083273, 25.441903412213009 ], [ 137.585531945543295, 25.443743751573379 ], [ 137.585498649943503, 25.44730800406154 ], [ 137.58548461782155, 25.449089659960265 ], [ 137.585390425528118, 25.463781520900739 ], [ 137.585382078920276, 25.465506519510626 ], [ 137.585369623310584, 25.469153706578822 ], [ 137.585366132141445, 25.470976812230418 ], [ 137.585363101426566, 25.478273166673716 ], [ 137.585365078136562, 25.480096272325568 ], [ 137.58537450572922, 25.48374345939348 ], [ 137.585381950317554, 25.485566056928349 ], [ 137.585463449578839, 25.500160307252571 ], [ 137.58547636114568, 25.501982875110116 ], [ 137.585507670143471, 25.505629950662069 ], [ 137.585526056782982, 25.507452973576392 ], [ 137.585610593954556, 25.514748890049759 ], [ 137.585634453867698, 25.516571858105294 ], [ 137.585687661356957, 25.520218717819944 ], [ 137.585716986450421, 25.522041124698774 ], [ 137.585973715015854, 25.536633630338088 ], [ 137.586008513383064, 25.538455953579728 ], [ 137.586083622061807, 25.542102485041937 ], [ 137.586123904495281, 25.543925209381484 ], [ 137.586296079700929, 25.551219820039137 ], [ 137.586341839904918, 25.553042435560485 ], [ 137.586438860565664, 25.556688535348087 ], [ 137.586490082352299, 25.55851053393431 ], [ 137.586922169723067, 25.573099562795022 ], [ 137.586978870179138, 25.574921424684447 ], [ 137.587097810915594, 25.578566979482929 ], [ 137.587160003532261, 25.580389187611331 ], [ 137.587419876126802, 25.587681627305756 ], [ 137.587487550111092, 25.589503672656775 ], [ 137.587628413621275, 25.593148578144792 ], [ 137.5877015446911, 25.594969953500936 ], [ 137.588309099685858, 25.609553771689576 ], [ 137.58838771572087, 25.611374955490305 ], [ 137.588550513696163, 25.615019100151727 ], [ 137.588634629985023, 25.616840576231908 ], [ 137.588982248532744, 25.624129976217745 ], [ 137.589071847987981, 25.625951235561274 ], [ 137.589256576830422, 25.629594514175892 ], [ 137.589351629774882, 25.631415049565362 ], [ 137.590134739627302, 25.645991921390504 ], [ 137.590235282033433, 25.647812210365714 ], [ 137.590441957930722, 25.65145451051751 ], [ 137.590548006885939, 25.65327503781316 ], [ 137.590983410956511, 25.660560532043291 ], [ 137.591094945775495, 25.662380787743587 ], [ 137.591323557936249, 25.666022005111927 ], [ 137.59144054084922, 25.667841482898325 ], [ 137.591779643716592, 25.67299424029224 ], [ 137.590915950111793, 25.674417611683651 ], [ 137.589948979262346, 25.676016266337996 ], [ 137.586088369583393, 25.68241902471857 ], [ 137.5851260770078, 25.684020024804653 ], [ 137.583205707877511, 25.687225243650374 ], [ 137.582248412834275, 25.688828157493816 ], [ 137.574601276928178, 25.701672600510392 ], [ 137.573648568427103, 25.703277808524348 ], [ 137.571746869222949, 25.70649229488393 ], [ 137.570798654634501, 25.708100263816618 ], [ 137.567013174319328, 25.71454021455952 ], [ 137.566069668581264, 25.716150484857508 ], [ 137.564186915394572, 25.719374202757677 ], [ 137.563248433269138, 25.720986337349899 ], [ 137.555752066005226, 25.733904439338716 ], [ 137.554818201898826, 25.73551882403487 ], [ 137.552954241845583, 25.73875162598722 ], [ 137.55202490672437, 25.740368727535184 ], [ 137.548315045903252, 25.746845134995283 ], [ 137.547390450209917, 25.748464491143665 ], [ 137.545545556683436, 25.751706340275746 ], [ 137.544626007984817, 25.753327512155323 ], [ 137.537281382430734, 25.766317798228101 ], [ 137.536366483227624, 25.767941174346078 ], [ 137.534540505140654, 25.771191923169084 ], [ 137.533630169996769, 25.772817972971723 ], [ 137.529996410706957, 25.779330097006664 ], [ 137.529090844667195, 25.780958354644554 ], [ 137.527284050919121, 25.784217963588361 ], [ 137.526383556156844, 25.785847987494975 ], [ 137.519191628291679, 25.798908972871232 ], [ 137.518295814501158, 25.800541156049889 ], [ 137.5165080558032, 25.803809480323679 ], [ 137.515616840245485, 25.805444291321379 ], [ 137.512059657328365, 25.811991388192411 ], [ 137.511173240552836, 25.813628361160454 ], [ 137.509404782205792, 25.816905358495802 ], [ 137.508523460090402, 25.818544048269814 ], [ 137.501485172403164, 25.831674239175101 ], [ 137.500608560937081, 25.833315042355707 ], [ 137.498859256350471, 25.836600567962137 ], [ 137.497987277291287, 25.838243953995629 ], [ 137.49450713749539, 25.844825274567256 ], [ 137.493639985997419, 25.846470775806068 ], [ 137.491910095974532, 25.84976478561677 ], [ 137.491048061619523, 25.851411953299646 ], [ 137.484164342210903, 25.864609848766008 ], [ 137.483307049082072, 25.866259083090569 ], [ 137.481596428832432, 25.869561435012628 ], [ 137.480743800486636, 25.87121320812355 ], [ 137.477341164264004, 25.877827998763479 ], [ 137.47649339225714, 25.879481839415746 ], [ 137.474802299887045, 25.882792485784961 ], [ 137.473959667504943, 25.88444794251896 ], [ 137.467231427389407, 25.897712029886634 ], [ 137.466393565012055, 25.899369508296445 ], [ 137.464721857528417, 25.9026883070201 ], [ 137.463888693208929, 25.904348277451248 ], [ 137.460564012020626, 25.910995781830309 ], [ 137.459735731918869, 25.9126577721388 ], [ 137.458083662032294, 25.91598467465343 ], [ 137.457260544039315, 25.917648231581097 ], [ 137.450688678940281, 25.930976991895051 ], [ 137.449870360629376, 25.932642522834527 ], [ 137.448237788044167, 25.935977388845771 ], [ 137.447424199267999, 25.937645365941052 ], [ 137.444177917377857, 25.944324821433582 ], [ 137.443369239799409, 25.94599477164175 ], [ 137.441756413628156, 25.949337548989121 ], [ 137.440952919742159, 25.95100901545419 ], [ 137.43453831009586, 25.964400918967783 ], [ 137.433739644669259, 25.966074312679808 ], [ 137.432146425517459, 25.969424862867527 ], [ 137.431352522001731, 25.971100656870107 ], [ 137.428185075581922, 25.97781129635473 ], [ 137.427396110243336, 25.979489014007186 ], [ 137.425822743625105, 25.98284728307587 ], [ 137.425038982663551, 25.984526466623464 ], [ 137.418782493618409, 25.997979978193854 ], [ 137.418003588994935, 25.9996610413246 ], [ 137.416449939114187, 26.003026891678132 ], [ 137.415675826978912, 26.004710308334438 ], [ 137.412587645004493, 26.011451361991135 ], [ 137.411818498026292, 26.013136655532662 ], [ 137.410284805000202, 26.016510030513786 ], [ 137.409520882183557, 26.018196738689142 ], [ 137.403423361799042, 26.031710312381279 ], [ 137.40284916445799, 26.032986449465454 ], [ 137.401702815732534, 26.035541616752653 ], [ 137.401131234519681, 26.036819383408329 ], [ 137.398849176948858, 26.041935756929973 ], [ 137.398280396223669, 26.043214682811794 ], [ 137.397145406835335, 26.045774277461277 ], [ 137.396579659524292, 26.047053903914957 ], [ 137.392175085911873, 26.057361041978993 ], [ 137.391431003038775, 26.059053170367946 ], [ 137.389907521815559, 26.062427225236689 ], [ 137.389147302407167, 26.064114137557908 ], [ 137.388673806651838, 26.065166869555554 ], [ 137.386171281180197, 26.070894080597697 ], [ 137.385431517751186, 26.072590400726853 ], [ 137.383954202324759, 26.075984673254709 ], [ 137.383223234265785, 26.077684579879843 ], [ 137.38172669583119, 26.08121715644711 ], [ 137.381199414322424, 26.082462975586168 ], [ 137.380321140008874, 26.084540130722871 ], [ 137.379882537949499, 26.085578357555733 ], [ 137.379648150342661, 26.086133573805682 ], [ 137.374019556258332, 26.09986208636667 ], [ 137.373140120021077, 26.101417064546212 ], [ 137.371689408340245, 26.104867298287587 ], [ 137.370966470326977, 26.106593752000549 ], [ 137.368121210526596, 26.11341642632749 ], [ 137.367405316003016, 26.115140123618346 ], [ 137.366041854748715, 26.118436633544093 ], [ 137.36536249248573, 26.12008569879626 ], [ 137.359701951784501, 26.133879466164757 ], [ 137.359047988174922, 26.135479909570563 ], [ 137.35765468471655, 26.138903072818977 ], [ 137.356960773221971, 26.140615041151591 ], [ 137.354193768828083, 26.147469966066382 ], [ 137.353504923213933, 26.149183614332799 ], [ 137.3521319741117, 26.152613517100548 ], [ 137.351448427303836, 26.154328374954844 ], [ 137.345994948309141, 26.16806658490529 ], [ 137.345316394536866, 26.169783082223802 ], [ 137.343963675683568, 26.173219592310886 ], [ 137.343290061887814, 26.174938206633385 ], [ 137.340604341817567, 26.181819634568683 ], [ 137.339935818184387, 26.183539880261606 ], [ 137.338603546317159, 26.18698293111774 ], [ 137.337940339476262, 26.188704334238054 ], [ 137.332649830226188, 26.20249476332296 ], [ 137.331991640702512, 26.204217757344111 ], [ 137.33067969621132, 26.20766721766833 ], [ 137.330026476341487, 26.209392281029295 ], [ 137.327422419210308, 26.216299416984924 ], [ 137.326774311985361, 26.218026061354095 ], [ 137.325482907111308, 26.221481862798214 ], [ 137.324840133765548, 26.223209613333211 ], [ 137.319713343397012, 26.237050668853584 ], [ 137.319075613449087, 26.238779960826946 ], [ 137.317804629480435, 26.242241973888326 ], [ 137.317171895267762, 26.243973286638379 ], [ 137.314649872494755, 26.250905333814472 ], [ 137.314022274308883, 26.252638177210542 ], [ 137.312771920788435, 26.256106331742103 ], [ 137.312149671770868, 26.257840229143767 ], [ 137.307187335028544, 26.271730313003928 ], [ 137.306570154589878, 26.273465703280124 ], [ 137.305340314604479, 26.276939868880021 ], [ 137.30472815687952, 26.278677231369556 ], [ 137.302288530891275, 26.285633388470558 ], [ 137.301681532577078, 26.287372231243864 ], [ 137.300472409374635, 26.290852336866209 ], [ 137.299870775517064, 26.292592182383828 ], [ 137.29507360736207, 26.306529688394818 ], [ 137.294477066364408, 26.308270976424865 ], [ 137.293288547529329, 26.311756893466281 ], [ 137.292697056224853, 26.313500103347451 ], [ 137.290340179556637, 26.320479567278511 ], [ 137.289753869246823, 26.322224207981264 ], [ 137.288586152629279, 26.32571586269728 ], [ 137.288005221164923, 26.327461453083998 ], [ 137.283373922168977, 26.341444770560202 ], [ 137.282798106947695, 26.343191754895884 ], [ 137.281651083731191, 26.346689019582982 ], [ 137.281080344283311, 26.348437876307401 ], [ 137.278806564072084, 26.355439838577922 ], [ 137.278241026302936, 26.357190075761821 ], [ 137.277114888042576, 26.360692874876662 ], [ 137.276554744406241, 26.362444009583783 ], [ 137.272089996257108, 26.376471518845847 ], [ 137.271534992247069, 26.378223996240877 ], [ 137.270429633721193, 26.381732203878499 ], [ 137.269879730665394, 26.383486505098517 ], [ 137.267689383259182, 26.390510154520229 ], [ 137.26714470256664, 26.392265785837992 ], [ 137.266060309936194, 26.395779322857805 ], [ 137.265521036867511, 26.397535798638614 ], [ 137.261223504162245, 26.411605874611837 ], [ 137.260689394101092, 26.413363643617743 ], [ 137.259625864842207, 26.416882386812944 ], [ 137.259096880017552, 26.418641929282018 ], [ 137.256990293667656, 26.425686451968716 ], [ 137.256466551890782, 26.427447273273373 ], [ 137.255424067667576, 26.430971142604477 ], [ 137.254905747003676, 26.432732755312799 ], [ 137.250776076355379, 26.446843766626898 ], [ 137.250262940283079, 26.448606622198383 ], [ 137.249241402169247, 26.452135493558558 ], [ 137.248733416514284, 26.453900072230908 ], [ 137.246710908682502, 26.460964651597919 ], [ 137.246208185859388, 26.462730458744204 ], [ 137.245207767425342, 26.466264250295211 ], [ 137.244710478306303, 26.468030796684388 ], [ 137.240749300140379, 26.482181104774554 ], [ 137.240257216298261, 26.483948842765102 ], [ 137.239277824012589, 26.487487432199657 ], [ 137.23879091486927, 26.489256843828684 ], [ 137.236852797619377, 26.496340657895388 ], [ 137.236371170193621, 26.49811124583789 ], [ 137.235412972231217, 26.501654549518292 ], [ 137.234936791101148, 26.503425823643283 ], [ 137.23114471605632, 26.517613785448248 ], [ 137.230673761785539, 26.519386200812932 ], [ 137.229736667313915, 26.522934097331301 ], [ 137.229270910224756, 26.524708135072899 ], [ 137.227417483930623, 26.531810362758506 ], [ 137.226957027445593, 26.533585524652608 ], [ 137.226041199242815, 26.537137929472237 ], [ 137.225586199844116, 26.538913725388426 ], [ 137.221963822373397, 26.553137691551541 ], [ 137.221514070518793, 26.554914577446425 ], [ 137.220619421349767, 26.558471368259319 ], [ 137.220174890059326, 26.560249826168956 ], [ 137.21840644700049, 26.567369640097354 ], [ 137.217967234301028, 26.569149170897845 ], [ 137.2170939215479, 26.572710263168318 ], [ 137.216660175826775, 26.574490374031939 ], [ 137.213208071496211, 26.58874868980061 ], [ 137.21287811293476, 26.590118223277813 ], [ 137.212220899175605, 26.592859839810188 ], [ 137.211893965934593, 26.594230584674222 ], [ 137.210591732323252, 26.599718188444086 ], [ 137.210267927822798, 26.60108965276558 ], [ 137.209623318062114, 26.603833927693955 ], [ 137.209302773605458, 26.605205622242124 ], [ 137.206748417506361, 26.616192302433433 ], [ 137.206336216843425, 26.617977168012231 ], [ 137.205516844527125, 26.621549388493776 ], [ 137.205109956160214, 26.623335514023211 ], [ 137.203492334803883, 26.630485379696779 ], [ 137.203090738947395, 26.632272747189887 ], [ 137.202292714737752, 26.635849423812317 ], [ 137.201896444666517, 26.637638024275788 ], [ 137.201124236394691, 26.641148594432508 ], [ 137.200852768840747, 26.642386637134109 ], [ 137.200401659009827, 26.64445072602058 ], [ 137.200132092622852, 26.645688221034789 ], [ 137.196921134303608, 26.660475552205185 ], [ 137.196745932879395, 26.661283773827421 ], [ 137.196354819519826, 26.663101646324321 ], [ 137.195589786040415, 26.666683889750033 ], [ 137.195210061695917, 26.668475028100545 ], [ 137.193789897286734, 26.67522348407698 ], [ 137.193652978202664, 26.675875321688977 ], [ 137.1933078957438, 26.677529921369 ], [ 137.192730431165245, 26.680317995079918 ], [ 137.192443531244436, 26.681711331813005 ], [ 137.189505518065999, 26.696062711225522 ], [ 137.189293721428527, 26.697101734857625 ], [ 137.189141271053273, 26.697855405402976 ], [ 137.188417785353209, 26.701443622125652 ], [ 137.188058843442008, 26.703237684172137 ], [ 137.186633075357037, 26.71041953063704 ], [ 137.186279517686017, 26.712214456932031 ], [ 137.185577623809223, 26.715806137843373 ], [ 137.185229571788426, 26.717601431061638 ], [ 137.18246395145124, 26.731980487110235 ], [ 137.182121242302713, 26.733776611302005 ], [ 137.181440870101113, 26.737371640389227 ], [ 137.181103485837554, 26.739169081188464 ], [ 137.179764025690048, 26.746364343739913 ], [ 137.1794320409563, 26.748162596626798 ], [ 137.17877331903432, 26.751760878562123 ], [ 137.178446847144784, 26.753559444413327 ], [ 137.175854103485023, 26.767964496264852 ], [ 137.175532992453924, 26.769763841828052 ], [ 137.174895853361505, 26.773365261497929 ], [ 137.174580086103305, 26.775165870608816 ], [ 137.173327171312536, 26.782373709279426 ], [ 137.173016818872071, 26.784175077418354 ], [ 137.172401384917265, 26.787779541293276 ], [ 137.172096552514205, 26.78958116843657 ], [ 137.169677149581815, 26.804010530761843 ], [ 137.169377694225915, 26.805812886356023 ], [ 137.168783903355319, 26.80942027662465 ], [ 137.168489811556043, 26.811223843605944 ], [ 137.167323669652461, 26.818443413932755 ], [ 137.167035005261852, 26.820247687781034 ], [ 137.166462972588448, 26.823857909115617 ], [ 137.166179835431791, 26.82566238800905 ], [ 137.163934219289246, 26.840114372780704 ], [ 137.163656475366992, 26.84191952706496 ], [ 137.163106143334772, 26.84553246435209 ], [ 137.162833780055195, 26.847338777862774 ], [ 137.161754629573153, 26.854569235382428 ], [ 137.161487708091528, 26.856376201800686 ], [ 137.160959183720053, 26.859991759712244 ], [ 137.160697795766993, 26.861798878116133 ], [ 137.158626393594005, 26.876271791010595 ], [ 137.158370414163556, 26.87807953174547 ], [ 137.157863645292167, 26.881697594269099 ], [ 137.157613064492324, 26.883506442968439 ], [ 137.156621113174339, 26.890746937821291 ], [ 137.156375985863889, 26.892556387267831 ], [ 137.155891074114294, 26.896176856377224 ], [ 137.155651485728328, 26.897986402950437 ], [ 137.153754705815487, 26.912478546048447 ], [ 137.153520541240738, 26.914288662792046 ], [ 137.153057437152057, 26.917911424273257 ], [ 137.15282868829425, 26.919722595022108 ], [ 137.151924134891402, 26.926972280047011 ], [ 137.151700852113635, 26.928783998483368 ], [ 137.151259651012907, 26.932408954310148 ], [ 137.151041910756504, 26.93422071681303 ], [ 137.149320140712717, 26.948730388597085 ], [ 137.149107839555796, 26.950542668209863 ], [ 137.14868849647749, 26.954169704168748 ], [ 137.148481626326344, 26.95598298562669 ], [ 137.14766466149527, 26.963241007366946 ], [ 137.147463269115434, 26.965054782552727 ], [ 137.147065872192599, 26.968683799717979 ], [ 137.146870026831067, 26.970497564111582 ], [ 137.145323636277595, 26.985023060366274 ], [ 137.14513324440432, 26.98683728970957 ], [ 137.144757752269157, 26.990468173867527 ], [ 137.144572806690377, 26.992283351096148 ], [ 137.143843609395759, 26.999548857893927 ], [ 137.143664153278934, 27.001364476689787 ], [ 137.143310647768914, 27.00499712801539 ], [ 137.143136742267444, 27.006812682059916 ], [ 137.141766080141252, 27.021352294073495 ], [ 137.141597639819821, 27.023168259108189 ], [ 137.141266085861758, 27.026802564287294 ], [ 137.141103108022804, 27.028619425046742 ], [ 137.140461848236015, 27.035891560747103 ], [ 137.140304369751362, 27.037708809114548 ], [ 137.139994840190099, 27.041344667422834 ], [ 137.139842915019159, 27.043161797079705 ], [ 137.138648312270703, 27.05771381344212 ], [ 137.138501864869482, 27.05953130102921 ], [ 137.138214329128488, 27.063168599151822 ], [ 137.138073359498748, 27.064986929403688 ], [ 137.137520197299665, 27.072264837852231 ], [ 137.137384736017481, 27.074083501752682 ], [ 137.137119261545564, 27.077722138066605 ], [ 137.136989355374936, 27.079540630196391 ], [ 137.135971121371171, 27.094103335900741 ], [ 137.135846706460967, 27.095922132001306 ], [ 137.135603266278196, 27.099561994091175 ], [ 137.135484341729494, 27.101381578897104 ], [ 137.135019427305025, 27.108664402140789 ], [ 137.134906020097134, 27.110484267535327 ], [ 137.134684674458782, 27.114125252878523 ], [ 137.134576825061373, 27.115944891643949 ], [ 137.133735250282172, 27.130516569884179 ], [ 137.133632902936967, 27.132336459560292 ], [ 137.133433628459812, 27.135978456640743 ], [ 137.133336784965621, 27.13779908106315 ], [ 137.132960258609927, 27.145085960249247 ], [ 137.132868940549969, 27.146906812200086 ], [ 137.13269179299246, 27.150549717595823 ], [ 137.132606032743155, 27.152370288958195 ], [ 137.131941387885064, 27.166949217532789 ], [ 137.131878797768678, 27.168358359850913 ], [ 137.131756847001697, 27.171178736310139 ], [ 137.131697547504729, 27.172588598085554 ], [ 137.131466837224963, 27.178231757589856 ], [ 137.131410848133015, 27.179641838800222 ], [ 137.131302162366154, 27.182462868167136 ], [ 137.131249507959438, 27.183872667889773 ], [ 137.130841108730607, 27.195162478965756 ], [ 137.130777971826461, 27.196984362438712 ], [ 137.130657191077688, 27.200629805721348 ], [ 137.130599589500122, 27.202452105580534 ], [ 137.130380163014962, 27.209745050694039 ], [ 137.130328096764543, 27.211567752550053 ], [ 137.130229486102422, 27.215214265126747 ], [ 137.130182962374789, 27.217037357288604 ], [ 137.130099043037177, 27.220537630207758 ], [ 137.130070273724556, 27.221771894857454 ], [ 137.130023728413136, 27.223829451967816 ], [ 137.129996666014421, 27.225063257063965 ], [ 137.129675180865689, 27.240190391673707 ], [ 137.129653610626946, 27.241228909886559 ], [ 137.129617973191358, 27.243087339109849 ], [ 137.129553704939923, 27.246734177240882 ], [ 137.12952435466562, 27.248557187564558 ], [ 137.129425795264893, 27.255322277401518 ], [ 137.129413354943068, 27.256207964826075 ], [ 137.129392592295375, 27.257854542553559 ], [ 137.129363561280257, 27.260438993565003 ], [ 137.129350450063527, 27.261730241058103 ], [ 137.129218015899625, 27.276320579331752 ], [ 137.129205527013966, 27.277942021907336 ], [ 137.129182254358426, 27.281788921421906 ], [ 137.129174036353135, 27.283611554929848 ], [ 137.129152262867507, 27.290906037883701 ], [ 137.12914959997434, 27.29272868128399 ], [ 137.129149829301838, 27.296374956439394 ], [ 137.129152720622443, 27.298197103414054 ], [ 137.129198096815372, 27.312787788825744 ], [ 137.129206538751959, 27.314609917813868 ], [ 137.129228992125064, 27.318256126419499 ], [ 137.129242994569069, 27.320078721256607 ], [ 137.129310158637423, 27.327372946104987 ], [ 137.129329719791627, 27.329195497774407 ], [ 137.129374415197759, 27.332841535508891 ], [ 137.129399529665335, 27.3346635367933 ], [ 137.129622884389306, 27.349252839047608 ], [ 137.129653557566456, 27.351074768386468 ], [ 137.129720499501815, 27.354720522834384 ], [ 137.129756741281, 27.356542864062362 ], [ 137.129912922943532, 27.363835964758437 ], [ 137.129954728828153, 27.365658207960365 ], [ 137.130043928984747, 27.36930357569986 ], [ 137.130091284585802, 27.37112521455731 ], [ 137.130492767128743, 27.385711401560513 ], [ 137.130545689532966, 27.387532914512803 ], [ 137.130657155104501, 27.391177782229079 ], [ 137.130715655104183, 27.392999653111843 ], [ 137.130960922709079, 27.400290762708977 ], [ 137.131024990411248, 27.402112481606139 ], [ 137.131158727693474, 27.405756745877568 ], [ 137.131228341515026, 27.407577806470982 ], [ 137.131808079580054, 27.422159144329385 ], [ 137.131883265600919, 27.423980025058427 ], [ 137.132039287183858, 27.427623572570127 ], [ 137.132120059793266, 27.429444756370856 ], [ 137.132454471797672, 27.4367330079223 ], [ 137.132540815707017, 27.438553986677732 ], [ 137.132719118892652, 27.442196713108274 ], [ 137.132811003526257, 27.444016978701001 ], [ 137.133569104132192, 27.458591732622807 ], [ 137.133666568145401, 27.460411764302933 ], [ 137.133867169893762, 27.464053558086448 ], [ 137.133970227647666, 27.465873838168392 ], [ 137.134393832809707, 27.473158363867839 ], [ 137.134502464566282, 27.474978384713523 ], [ 137.134725355514917, 27.478619140818921 ], [ 137.134839523325951, 27.480438394716572 ], [ 137.135776072693062, 27.495004829803491 ], [ 137.135895824620917, 27.496823794970624 ], [ 137.136141026688364, 27.500463400865669 ], [ 137.136266379590012, 27.502282560292429 ], [ 137.136779216226643, 27.509562493825484 ], [ 137.136910144176994, 27.511381339400259 ], [ 137.137177641935324, 27.515019690806469 ], [ 137.137314100566215, 27.516837716188263 ], [ 137.138429163675966, 27.53139409516163 ], [ 137.13857121085951, 27.53321177778713 ], [ 137.138861028914306, 27.536848762161242 ], [ 137.13900868410397, 27.538666584295925 ], [ 137.139610779133903, 27.545941056278224 ], [ 137.139764010301207, 27.547758509847824 ], [ 137.140076126151968, 27.551394023526086 ], [ 137.140234881835141, 27.553210602987349 ], [ 137.141528502567809, 27.567755189959485 ], [ 137.141692851044951, 27.569571371821638 ], [ 137.142027295423901, 27.573205301084045 ], [ 137.142197255687364, 27.575021569111129 ], [ 137.142888626393557, 27.582289710913926 ], [ 137.143064165179823, 27.584105555527458 ], [ 137.143420905550926, 27.58773779676244 ], [ 137.143601961561473, 27.589552714086864 ], [ 137.145074163442729, 27.604083770849968 ], [ 137.145260815750504, 27.605898236661773 ], [ 137.145639889170724, 27.609528675708248 ], [ 137.145832158827972, 27.611343172150043 ], [ 137.1466128099336, 27.618604115787775 ], [ 137.14681065719688, 27.620418135416401 ], [ 137.1472120255319, 27.624046669677568 ], [ 137.147415382014657, 27.625859707559869 ], [ 137.149066166770837, 27.640375497431762 ], [ 137.149275121712009, 27.642188029546645 ], [ 137.149698824646265, 27.645814544934893 ], [ 137.14991340115003, 27.647627052823395 ], [ 137.150783330324231, 27.654879929557609 ], [ 137.151003483778283, 27.656691906171517 ], [ 137.151449476122679, 27.660316299838115 ], [ 137.151675131502913, 27.662127241479396 ], [ 137.153504478449378, 27.676626026969984 ], [ 137.153735734617186, 27.67843640811418 ], [ 137.154204060144167, 27.682058565954264 ], [ 137.154440940725095, 27.683868868098983 ], [ 137.155400131511641, 27.691112809209216 ], [ 137.155642587889275, 27.692922526598693 ], [ 137.156133194837849, 27.696542345428242 ], [ 137.156381143475556, 27.698350973918878 ], [ 137.158389012911613, 27.712831019172825 ], [ 137.15864256419016, 27.714639032376851 ], [ 137.159155500876437, 27.718256397926893 ], [ 137.159414679943808, 27.72006427734479 ], [ 137.160463105988271, 27.727298415789704 ], [ 137.160727858504998, 27.729105656339982 ], [ 137.16126306553852, 27.732720466177028 ], [ 137.161533301021933, 27.734526564749416 ], [ 137.163719629570807, 27.748986132599327 ], [ 137.163931696548644, 27.750377422390898 ], [ 137.164359427788582, 27.753161561511661 ], [ 137.164574885521944, 27.754553052790925 ], [ 137.165443875235184, 27.760121658688035 ], [ 137.165662659724291, 27.761512854063824 ], [ 137.166103648674181, 27.764295585777063 ], [ 137.166325672384886, 27.765685989833287 ], [ 137.168116928502542, 27.776818424941268 ], [ 137.168410031672721, 27.778622295081988 ], [ 137.169002036839203, 27.782230824678209 ], [ 137.169300736562292, 27.78403423972145 ], [ 137.170507251028681, 27.791249867406492 ], [ 137.170811567001152, 27.793052811238596 ], [ 137.171425917954053, 27.796658930596038 ], [ 137.171735832642895, 27.798461391580418 ], [ 137.172345153906662, 27.801972567880171 ], [ 137.172560863493374, 27.803210555722899 ], [ 137.172921912517296, 27.805274095123764 ], [ 137.173139241785663, 27.806511101779961 ], [ 137.175768651702839, 27.821414432030849 ], [ 137.175925194020607, 27.822299409811052 ], [ 137.176252043597714, 27.824130231725206 ], [ 137.176900719249574, 27.827731332960724 ], [ 137.177227751283198, 27.829531041017276 ], [ 137.178466292286458, 27.836287689825554 ], [ 137.178612196496061, 27.837081454845645 ], [ 137.178917698893855, 27.838730020074877 ], [ 137.179414776671507, 27.841391542985832 ], [ 137.179664649746229, 27.842721105185632 ], [ 137.182385765290661, 27.857108831566507 ], [ 137.182629461718676, 27.858389575916817 ], [ 137.182728388929633, 27.858905206683346 ], [ 137.183419546789906, 27.862499067528688 ], [ 137.183767802015467, 27.864295090134704 ], [ 137.185172697695606, 27.871481340556812 ], [ 137.185526511797349, 27.873276506980687 ], [ 137.186239870202513, 27.876866946848963 ], [ 137.186599122352305, 27.878660758887406 ], [ 137.189498230859073, 27.893021072165112 ], [ 137.189863081316759, 27.894813996568899 ], [ 137.190598711546983, 27.898400898440173 ], [ 137.19096919347399, 27.900193415494158 ], [ 137.192463033150574, 27.907365528497564 ], [ 137.192839069291637, 27.909157135405366 ], [ 137.193596875744703, 27.912740400474661 ], [ 137.193978335922367, 27.914530600083907 ], [ 137.195060057556049, 27.919568847191954 ], [ 137.18721931157566, 27.92964718618191 ], [ 137.182590851945434, 27.935665094849298 ], [ 137.14581684940029, 27.984011648522198 ], [ 137.143231798315725, 27.987430790870292 ], [ 137.138080015373163, 27.994289564019368 ], [ 137.135516471043644, 27.997724984138955 ], [ 137.125300947914099, 28.011504142147515 ], [ 137.122759941955309, 28.014953981766382 ], [ 137.11770006379075, 28.021869216004319 ], [ 137.115183244897111, 28.025331793874074 ], [ 137.095119901006484, 28.053112025978464 ], [ 137.092058355698811, 28.057385075820889 ], [ 137.085968385305506, 28.065955177469931 ], [ 137.082942138465711, 28.070249179904806 ], [ 137.070902599283755, 28.087472853045313 ], [ 137.066712160548633, 28.093537845783942 ], [ 137.058406804515499, 28.105700748478284 ], [ 137.054089003770997, 28.112102994976652 ], [ 137.048124359761715, 28.121062261283896 ], [ 137.044379726675714, 28.126725970890874 ], [ 137.029292755024613, 28.149713003504985 ], [ 137.027503530844598, 28.152453665478248 ], [ 137.023937527042932, 28.157945370122349 ], [ 137.022162202974556, 28.160694180380517 ], [ 137.015085636290991, 28.171709862477144 ], [ 137.01332517613244, 28.174464994135803 ], [ 137.00981776530196, 28.179984034924445 ], [ 137.008073466786556, 28.182743742398173 ], [ 136.976021587513657, 28.233706028751072 ], [ 136.972054684689027, 28.240090916047905 ], [ 136.964193961857262, 28.252905165904394 ], [ 136.960303366861837, 28.259329330443677 ], [ 136.944887403782246, 28.285111562066817 ], [ 136.941073747819047, 28.291572296340973 ], [ 136.933522754810753, 28.304533339677505 ], [ 136.929788474711387, 28.311028370908502 ], [ 136.90019906442231, 28.363161066698382 ], [ 136.896540826295137, 28.369690729693758 ], [ 136.889299704466936, 28.382791706829266 ], [ 136.885719795112919, 28.389357705362499 ], [ 136.871551086711889, 28.415701612882543 ], [ 136.868050072690806, 28.422301215287206 ], [ 136.861126405338638, 28.435537052556953 ], [ 136.857706554111729, 28.442167898487412 ], [ 136.830642230796826, 28.495376065576011 ], [ 136.828724764292332, 28.499175017970174 ], [ 136.824912570069813, 28.506790526522479 ], [ 136.823020189408027, 28.510602440768423 ], [ 136.815497596904976, 28.525881558968223 ], [ 136.813631038523255, 28.529704434687517 ], [ 136.809923483156268, 28.537362363394124 ], [ 136.80808398898435, 28.541194298490126 ], [ 136.793457338860918, 28.571918203620015 ], [ 136.791198996759505, 28.576712150372828 ], [ 136.786721962466885, 28.586319426448682 ], [ 136.784504860915632, 28.59112936754903 ], [ 136.775715117316537, 28.610407655200419 ], [ 136.772683807686377, 28.617159927645957 ], [ 136.766702215524703, 28.630695285549081 ], [ 136.763728909527032, 28.637532283151103 ], [ 136.759926284474233, 28.646424639742804 ], [ 136.757321962412135, 28.652569773503387 ], [ 136.747160146898551, 28.676764169991969 ], [ 136.745937246242789, 28.679696346408662 ], [ 136.743505460696184, 28.685568852820296 ], [ 136.742297570236161, 28.688506794852458 ], [ 136.737493925089353, 28.700274580315067 ], [ 136.736301698572817, 28.703216340365913 ], [ 136.733931994719939, 28.709106299320069 ], [ 136.732756323656957, 28.712049967764898 ], [ 136.710914106759475, 28.767115354070199 ], [ 136.708226476778947, 28.774006854534889 ], [ 136.702932642493892, 28.787822552561749 ], [ 136.700328624122818, 28.794741140659198 ], [ 136.690075588031647, 28.822477469232467 ], [ 136.687555577609174, 28.829420355517897 ], [ 136.68259926110548, 28.843333506050385 ], [ 136.680164957878929, 28.850298107802587 ], [ 136.661011444448519, 28.906141147229334 ], [ 136.658660512391151, 28.913128219373135 ], [ 136.654041833642879, 28.927131931687853 ], [ 136.651775999316584, 28.934142884787178 ], [ 136.642879225363032, 28.962242406582789 ], [ 136.640698835652216, 28.969274436403992 ], [ 136.636423266118157, 28.983362663592402 ], [ 136.634329812562925, 28.990413127878213 ], [ 136.61791098549665, 29.046930701333167 ], [ 136.616746554801836, 29.050989340486353 ], [ 136.614444168491701, 29.059120577471077 ], [ 136.613307633037067, 29.063188240227021 ], [ 136.608815354993823, 29.079482895650756 ], [ 136.60770715941922, 29.0835574876034 ], [ 136.60551898195618, 29.091714865088363 ], [ 136.604439884603636, 29.095794330641013 ], [ 136.595912255729928, 29.128484138037493 ], [ 136.594593435754206, 29.133630861184173 ], [ 136.592000552021688, 29.143937667381408 ], [ 136.59072740989032, 29.149094135571175 ], [ 136.585724010535756, 29.169746556784702 ], [ 136.584039867035557, 29.17688724429587 ], [ 136.580759031036933, 29.191187027042417 ], [ 136.579162208544659, 29.198346944519187 ], [ 136.577194972456056, 29.207437473578722 ], [ 136.575962300820976, 29.213224349110561 ], [ 136.570583241486048, 29.238878498351937 ], [ 136.57001589297991, 29.241623136679038 ], [ 136.568769741352781, 29.247724374876015 ], [ 136.568154831893622, 29.250775425246587 ], [ 136.565725770162118, 29.262991006964654 ], [ 136.565127012430281, 29.266043380717804 ], [ 136.563945192648504, 29.272152171299012 ], [ 136.563363029823194, 29.27520385916506 ], [ 136.552533262188348, 29.332754823572373 ], [ 136.551224213711436, 29.339950367452388 ], [ 136.548693723229832, 29.35436127580499 ], [ 136.54807184132963, 29.358035111536708 ], [ 136.547473346769408, 29.36157078398432 ], [ 136.542767310122287, 29.390445003644714 ], [ 136.541635822293784, 29.397665638873292 ], [ 136.539461685360635, 29.412121144675723 ], [ 136.538419908573673, 29.41935013459323 ], [ 136.53043503969414, 29.477257205345325 ], [ 136.529481929878358, 29.4844955579388 ], [ 136.527664489477075, 29.498988732992302 ], [ 136.526800935031616, 29.506237664441727 ], [ 136.52352456478647, 29.535262864951733 ], [ 136.522750743723947, 29.542519530356032 ], [ 136.521292840364396, 29.55704370449223 ], [ 136.52060933927001, 29.564305305219619 ], [ 136.515496403555545, 29.622459871132321 ], [ 136.515143399108894, 29.626643825395831 ], [ 136.514466706313584, 29.635021462209863 ], [ 136.514143450848707, 29.639210066512391 ], [ 136.512909454051083, 29.655979934088577 ], [ 136.512616104693194, 29.66017104704332 ], [ 136.512059309309535, 29.668557062929722 ], [ 136.511796084110557, 29.672748554022434 ], [ 136.509808039195292, 29.706317688622846 ], [ 136.50951795627131, 29.711621789099013 ], [ 136.508985714774468, 29.722236370773885 ], [ 136.508743755140273, 29.727543137304536 ], [ 136.507871814389119, 29.748782815962443 ], [ 136.507618100223539, 29.756070866768141 ], [ 136.507201544274693, 29.770651803057888 ], [ 136.507038667016246, 29.777949955056869 ], [ 136.506892705268939, 29.787152009105228 ], [ 136.506821277127671, 29.792839042570904 ], [ 136.506576895024665, 29.818983292345933 ], [ 136.506560465255831, 29.821581183814033 ], [ 136.50653563762549, 29.827758880606979 ], [ 136.50653140059049, 29.830846914170422 ], [ 136.506547151784531, 29.843205572436091 ], [ 136.506559254257951, 29.846292444304055 ], [ 136.506599812857104, 29.852467777386835 ], [ 136.506628222035403, 29.855551448064375 ], [ 136.506666448141146, 29.858775009359618 ], [ 136.506217546438592, 29.86065998157909 ], [ 136.505820852741664, 29.862336357229651 ], [ 136.505032133827143, 29.865690890622318 ], [ 136.504634215297727, 29.867394461985214 ], [ 136.50409243493155, 29.869729737750163 ], [ 136.503662091410462, 29.87159079846262 ], [ 136.500660678714922, 29.884615480840949 ], [ 136.500515272662398, 29.885247980410384 ], [ 136.500226723384941, 29.886506261454969 ], [ 136.500082831806736, 29.887135291348926 ], [ 136.499508085078759, 29.889654032414967 ], [ 136.499151958896704, 29.891224460140961 ], [ 136.498443908260612, 29.894366391895886 ], [ 136.498092080997736, 29.895937470537831 ], [ 136.497254113287141, 29.899703155076963 ], [ 136.497045536258071, 29.900644025690212 ], [ 136.496629804822845, 29.90252653437247 ], [ 136.496422893303105, 29.903467065153365 ], [ 136.493631314933651, 29.916204067064427 ], [ 136.493461372744974, 29.916981119083857 ], [ 136.493411990863905, 29.917208447885344 ], [ 136.493119758092945, 29.918553737526793 ], [ 136.492575115138294, 29.921077411317441 ], [ 136.492304264532976, 29.922339047733402 ], [ 136.4909597357167, 29.928634857901358 ], [ 136.490625917353526, 29.930208308167266 ], [ 136.489933667897532, 29.933493199712188 ], [ 136.489632953380607, 29.934930461154124 ], [ 136.487011895483846, 29.947534606237497 ], [ 136.486686682644773, 29.949108987290401 ], [ 136.48604019959626, 29.952260128102694 ], [ 136.485719192942298, 29.953835606317341 ], [ 136.484443034215957, 29.960142236097965 ], [ 136.484126305585079, 29.961718371805944 ], [ 136.483496977127999, 29.964872151222238 ], [ 136.483184633470302, 29.9664485115795 ], [ 136.48070051350706, 29.979073731356863 ], [ 136.480392407722803, 29.980650726754618 ], [ 136.479780168232224, 29.98380706302234 ], [ 136.47947628529883, 29.985385120447148 ], [ 136.47826867485972, 29.991702001746432 ], [ 136.477969079210453, 29.993280681558559 ], [ 136.477374037436817, 29.99643951507457 ], [ 136.477078832223384, 29.998018382043114 ], [ 136.474732001880881, 30.010663540690217 ], [ 136.474441047816669, 30.012243008308616 ], [ 136.473863139872407, 30.015404256601443 ], [ 136.47357642251464, 30.016984751245673 ], [ 136.472437534565728, 30.023311317263847 ], [ 136.472155115067807, 30.024892398265962 ], [ 136.471594445328179, 30.028056000984066 ], [ 136.471316421715784, 30.029637233971471 ], [ 136.469107220922382, 30.042301192046722 ], [ 136.468833460996365, 30.04388298980848 ], [ 136.468289969207177, 30.047048866012858 ], [ 136.468020459477003, 30.048631655726552 ], [ 136.466950460496292, 30.054967334575139 ], [ 136.466685259417687, 30.056550675573817 ], [ 136.466159044504622, 30.059718761412284 ], [ 136.465898243809448, 30.061302217523661 ], [ 136.463827001715259, 30.073983834686629 ], [ 136.463570476397109, 30.075567820499003 ], [ 136.463061481702454, 30.078738037730773 ], [ 136.462809220969262, 30.08032297952218 ], [ 136.461808272834134, 30.086667201030849 ], [ 136.461560330645938, 30.088252659033515 ], [ 136.461068650598492, 30.091424943806601 ], [ 136.460825111490323, 30.093010480049884 ], [ 136.458892146456066, 30.105708611463598 ], [ 136.458652895315396, 30.107294642334324 ], [ 136.458178476856034, 30.110468914609328 ], [ 136.457943502891311, 30.112055866385617 ], [ 136.457011762083681, 30.118408057686224 ], [ 136.456781117455222, 30.1199954897005 ], [ 136.456324049615461, 30.123171685625266 ], [ 136.456097811665046, 30.124759159008249 ], [ 136.454303428561076, 30.137472659835794 ], [ 136.454081490269431, 30.139060590973855 ], [ 136.453641722688502, 30.142238633206773 ], [ 136.453424075061463, 30.143827450177042 ], [ 136.453307903338015, 30.144684147056154 ], [ 136.451686032684421, 30.144441572021265 ], [ 136.450246093083621, 30.144227405670648 ], [ 136.446600269387346, 30.143688170373167 ], [ 136.445689154531607, 30.143553884504797 ], [ 136.443866252126583, 30.143286172519311 ], [ 136.442955075217554, 30.143152834536181 ], [ 136.437598966719662, 30.142371784130944 ], [ 136.436698388320252, 30.142240878813851 ], [ 136.426657865069302, 30.140722532719138 ], [ 136.425995404664633, 30.140622398605331 ], [ 136.424462616357602, 30.140391206289564 ], [ 136.423623020986696, 30.140264847944792 ], [ 136.421166453569555, 30.139895894780238 ], [ 136.419263836157398, 30.139612258499369 ], [ 136.415457506858985, 30.139049005907253 ], [ 136.413554457772904, 30.138769485823559 ], [ 136.406085433496543, 30.137680524637005 ], [ 136.404218560538453, 30.137410320630181 ], [ 136.400483071737511, 30.136873677178897 ], [ 136.398615834554136, 30.136607436484354 ], [ 136.385758713794445, 30.134787530620287 ], [ 136.382544678894448, 30.134338443364726 ], [ 136.376112794171235, 30.133451612901979 ], [ 136.372896687232952, 30.133014109813814 ], [ 136.360023224892899, 30.131286274741996 ], [ 136.35680515743266, 30.130860202936447 ], [ 136.350365315507958, 30.130019430352888 ], [ 136.347145285726839, 30.12960495800283 ], [ 136.334256330765385, 30.127969306138766 ], [ 136.332646565887359, 30.12776643797099 ], [ 136.329424819301238, 30.127363381615055 ], [ 136.327814147006308, 30.127163358902152 ], [ 136.321367079028079, 30.126368559661699 ], [ 136.31975608207793, 30.126171412980852 ], [ 136.316532758080967, 30.125779914711671 ], [ 136.314921994055254, 30.125585751981248 ], [ 136.298301226720724, 30.123596616191207 ], [ 136.296225220918046, 30.12335051221666 ], [ 136.292070222663284, 30.122862855736685 ], [ 136.278419469982879, 30.121390237469882 ], [ 136.275208753581779, 30.121007202720705 ], [ 136.259591697999639, 30.119231816895166 ], [ 136.253487811313931, 30.118558955831418 ], [ 136.249327195893926, 30.118114831934463 ], [ 136.244379082829226, 30.117600607682306 ], [ 136.236049705030524, 30.116758333230877 ], [ 136.234986751338084, 30.11665145779898 ], [ 136.230822336282898, 30.11623520928805 ], [ 136.229775812304212, 30.116131215283787 ], [ 136.227598396249874, 30.115916079463886 ], [ 136.224386204960325, 30.115556965781792 ], [ 136.21300615501039, 30.114358666819612 ], [ 136.208840645480365, 30.113947146943559 ], [ 136.206758146572128, 30.113743858792446 ], [ 136.198422487908175, 30.112939802830113 ], [ 136.196339401742677, 30.112741280186356 ], [ 136.192171509008432, 30.112348961735563 ], [ 136.190088398561358, 30.112155324209283 ], [ 136.17340589456731, 30.110623322808522 ], [ 136.171322257116827, 30.110434315891382 ], [ 136.167152161044015, 30.11006093356562 ], [ 136.16506739764273, 30.109876711041807 ], [ 136.156722788926544, 30.109148970648874 ], [ 136.154637494026048, 30.108969519028392 ], [ 136.150465240479122, 30.108615357912839 ], [ 136.148379979752718, 30.108440792309182 ], [ 136.131680466880454, 30.107061520073557 ], [ 136.129594731312551, 30.106891589575525 ], [ 136.125420494760675, 30.106556383470689 ], [ 136.123333689898885, 30.106391247258784 ], [ 136.11498102415581, 30.105739900676241 ], [ 136.112893743551723, 30.105579539864323 ], [ 136.108717577054932, 30.105263574754616 ], [ 136.106630388182708, 30.10510809905989 ], [ 136.089915652486383, 30.103881705276734 ], [ 136.087828042730877, 30.103730868285311 ], [ 136.083650111764399, 30.103433876173085 ], [ 136.081561489372206, 30.103287843359595 ], [ 136.07320166052952, 30.102712961634069 ], [ 136.071112618153535, 30.102571707818498 ], [ 136.066932983870771, 30.102293972888873 ], [ 136.064844091681863, 30.102157603291289 ], [ 136.048115921913194, 30.101084221060205 ], [ 136.046026661001889, 30.100952493763032 ], [ 136.041845482583454, 30.100693747119294 ], [ 136.039755265693572, 30.100566833892771 ], [ 136.031389167676735, 30.100068477278683 ], [ 136.029298586561396, 30.099946346647016 ], [ 136.02511593235468, 30.09970687157525 ], [ 136.023025558983051, 30.099589623362675 ], [ 136.00628574389313, 30.098669365998859 ], [ 136.004195054858968, 30.098556763684201 ], [ 136.00001107685037, 30.098336290387692 ], [ 135.997919489393809, 30.098228510238073 ], [ 135.98954801702817, 30.097806732695062 ], [ 135.987456121104145, 30.097703738736982 ], [ 135.983270893937714, 30.097502548704085 ], [ 135.98117926331318, 30.097404435366798 ], [ 135.96442959435106, 30.096637402694398 ], [ 135.962337700225049, 30.096543937053582 ], [ 135.958151369591263, 30.096361760487213 ], [ 135.956058635498579, 30.096273124205879 ], [ 135.947682683609429, 30.095927972498487 ], [ 135.945589696807957, 30.095844125106595 ], [ 135.941402343643659, 30.095681242595845 ], [ 135.939309679698596, 30.095602273126929 ], [ 135.922551946515711, 30.094988548783135 ], [ 135.920459072129034, 30.094914229708223 ], [ 135.91627083583117, 30.094770368757878 ], [ 135.914177178135077, 30.09470088713681 ], [ 135.905797642448221, 30.094432397237767 ], [ 135.903703787800424, 30.094367706304979 ], [ 135.899514757400794, 30.0942431493024 ], [ 135.897421284066212, 30.094183331795733 ], [ 135.880657277212578, 30.093722980531425 ], [ 135.878563646495792, 30.093667817016694 ], [ 135.874373953296214, 30.093562287869759 ], [ 135.872279595027891, 30.093511968103257 ], [ 135.863897372166917, 30.093320168791024 ], [ 135.861802873604603, 30.093274640612549 ], [ 135.857612612932286, 30.093188421708618 ], [ 135.855518553238909, 30.093147764258504 ], [ 135.838750065963296, 30.092840836435869 ], [ 135.836655901948831, 30.092804832077718 ], [ 135.832465198810638, 30.092737647324924 ], [ 135.83037036570002, 30.092706493909958 ], [ 135.821986349591185, 30.092591406768378 ], [ 135.819891431944626, 30.092565046739907 ], [ 135.815700388862098, 30.092517174928133 ], [ 135.81360596764236, 30.092495681131169 ], [ 135.796834791393707, 30.092342209125945 ], [ 135.795788555198243, 30.092333181731277 ], [ 135.793693797631278, 30.092316321241583 ], [ 135.792646696289211, 30.09230849983777 ], [ 135.788454865400041, 30.092279587533397 ], [ 135.787407469079795, 30.09227296312713 ], [ 135.785312100873199, 30.092260924802304 ], [ 135.784264979745984, 30.09225551538006 ], [ 135.775878936564055, 30.092216858022141 ], [ 135.774831524955317, 30.092212611423406 ], [ 135.77273556049866, 30.09220532961271 ], [ 135.771687859308059, 30.092202297998199 ], [ 135.767494779261057, 30.092192561937622 ], [ 135.766446790288029, 30.092190729119267 ], [ 135.764350243069799, 30.092188277567516 ], [ 135.763301969011223, 30.092187660632476 ], [ 135.762383476117208, 30.092188133675762 ], [ 135.760546490328835, 30.09219001595693 ], [ 135.759628247446045, 30.092191423396002 ], [ 135.755954286661819, 30.092198897661376 ], [ 135.755036294689518, 30.09220122510709 ], [ 135.753199817018782, 30.092206815292542 ], [ 135.752282077756064, 30.092210075335089 ], [ 135.744934233528767, 30.092239753862032 ], [ 135.744016747875008, 30.092243906931117 ], [ 135.742180786415446, 30.092253148364506 ], [ 135.741263057944622, 30.09225823493 ], [ 135.73759016825241, 30.092280431097549 ], [ 135.736672695189469, 30.092286435870761 ], [ 135.734837260731894, 30.092299379813142 ], [ 135.73392054309889, 30.092306309988402 ], [ 135.719225469780525, 30.09242413466643 ], [ 135.717390318608778, 30.092440636326728 ], [ 135.713718074630464, 30.092477388021564 ], [ 135.711882474696978, 30.092497625465569 ], [ 135.704536226766749, 30.09258598115855 ], [ 135.702700682590972, 30.092609898628325 ], [ 135.699028667939075, 30.092661478345008 ], [ 135.697193690337571, 30.092689119008014 ], [ 135.682500424655274, 30.092924758471241 ], [ 135.680665517200765, 30.092955973040119 ], [ 135.676993799325061, 30.093022165840694 ], [ 135.675158481779391, 30.093057119790643 ], [ 135.66781343893993, 30.09320437118501 ], [ 135.665978215822548, 30.093243004261666 ], [ 135.662306880159434, 30.093324022386241 ], [ 135.660472260487069, 30.093366375058622 ], [ 135.645782009332976, 30.093719809522014 ], [ 135.643947496680681, 30.093765734301712 ], [ 135.640276606181288, 30.093861362812163 ], [ 135.638441721209148, 30.093911029670693 ], [ 135.631098486906666, 30.094117165974808 ], [ 135.629263734135264, 30.094170511060668 ], [ 135.625593378732361, 30.094280961297727 ], [ 135.623759268975988, 30.094338021482912 ], [ 135.609073237440526, 30.094809222168152 ], [ 135.607239268878089, 30.094869852662015 ], [ 135.603569507027515, 30.094994909687728 ], [ 135.601735205715869, 30.095059285857729 ], [ 135.594394382495381, 30.095324288185708 ], [ 135.592560251155561, 30.095392341683663 ], [ 135.588891177286683, 30.095532215939301 ], [ 135.587057726733718, 30.095603978241371 ], [ 135.572377119909305, 30.096192906477853 ], [ 135.570543846522156, 30.096268239088403 ], [ 135.566875515493081, 30.096422712938306 ], [ 135.56504194802838, 30.096501793923068 ], [ 135.557704137536263, 30.096825640691151 ], [ 135.555870777814363, 30.096908396306048 ], [ 135.552203286752757, 30.097077681090639 ], [ 135.550370646488687, 30.097164141012598 ], [ 135.535696669466489, 30.097870748236886 ], [ 135.533864242341252, 30.097960775769707 ], [ 135.530197641608794, 30.098144654752332 ], [ 135.528364959075958, 30.098238432458089 ], [ 135.521030763859386, 30.098621097585948 ], [ 135.519198325942426, 30.098718549022209 ], [ 135.515532718960827, 30.098917231745276 ], [ 135.513889101801652, 30.099238805926433 ], [ 135.507764019894381, 30.097387361737702 ], [ 135.506857754183017, 30.0971057732134 ], [ 135.505497026866948, 30.096683489352188 ], [ 135.503210620174883, 30.095977477478954 ], [ 135.498635190662213, 30.094571556532628 ], [ 135.496346788374268, 30.093871838115376 ], [ 135.488398553151484, 30.091453375872902 ], [ 135.48641155055364, 30.090851334621902 ], [ 135.482434654037007, 30.089651565268014 ], [ 135.480446130684896, 30.089054249054811 ], [ 135.468159143230849, 30.08537897795793 ], [ 135.466624362025613, 30.08492136782715 ], [ 135.463552068374128, 30.084008415656058 ], [ 135.462015806884807, 30.083553445035932 ], [ 135.455865376686603, 30.081738041177942 ], [ 135.454328375055212, 30.081285885435591 ], [ 135.451252485914409, 30.080384094750599 ], [ 135.4497154312227, 30.079934995803768 ], [ 135.428812595925564, 30.073846672786118 ], [ 135.4262007524637, 30.073090154986971 ], [ 135.420971251422685, 30.071584284287724 ], [ 135.418355718941513, 30.070835543825723 ], [ 135.407882244970125, 30.067854761588336 ], [ 135.405263844551683, 30.067113907281367 ], [ 135.400022705384487, 30.065639802435356 ], [ 135.397402099827929, 30.064907149046121 ], [ 135.377081400186995, 30.059258654763397 ], [ 135.373335507128587, 30.056840025247197 ], [ 135.371652128243596, 30.055756084975769 ], [ 135.368281178733838, 30.053591544514603 ], [ 135.366594979575581, 30.052511823861977 ], [ 135.353080656747835, 30.043881222640721 ], [ 135.351391416981102, 30.042805299825176 ], [ 135.348007849982793, 30.040656228602501 ], [ 135.346314898713928, 30.039583955235798 ], [ 135.339533107567405, 30.035300363821136 ], [ 135.337836988886608, 30.034231995310961 ], [ 135.334440602052524, 30.032098636143502 ], [ 135.332741716158154, 30.03103451243328 ], [ 135.319125987575063, 30.022528916077079 ], [ 135.31742410693758, 30.021468618082679 ], [ 135.314015294171355, 30.019350844166638 ], [ 135.312309747897217, 30.018294229795174 ], [ 135.305477645977277, 30.014073367892252 ], [ 135.303768980854471, 30.013020687155432 ], [ 135.300347542505648, 30.010918743105861 ], [ 135.298636161429869, 30.009870332350602 ], [ 135.28492057302654, 30.00149067345626 ], [ 135.283206244872787, 30.000446117194855 ], [ 135.279772573046642, 29.998359871711216 ], [ 135.2780546251212, 29.997319032347804 ], [ 135.27117298674446, 29.993161361307983 ], [ 135.269451968534469, 29.992124484358101 ], [ 135.266005866278562, 29.990054184753177 ], [ 135.26428218517529, 29.989021602964925 ], [ 135.250468289180645, 29.98076879794209 ], [ 135.248741708663516, 29.979740097627825 ], [ 135.245283566284485, 29.977685609004084 ], [ 135.243553410961823, 29.976660658862698 ], [ 135.236623014940761, 29.972566633743412 ], [ 135.234889837896304, 29.971545673894127 ], [ 135.231419462039213, 29.969507246262822 ], [ 135.229683675161965, 29.968490605856999 ], [ 135.215773034598698, 29.960365558524103 ], [ 135.21403439597114, 29.959352825672852 ], [ 135.21055217424427, 29.957330319638913 ], [ 135.208810006677794, 29.956321371134862 ], [ 135.201831636321373, 29.952291439798501 ], [ 135.200086496494947, 29.951286508565886 ], [ 135.196592238242062, 29.949280175040258 ], [ 135.194844542542256, 29.948279587533165 ], [ 135.180838725827499, 29.940283186420345 ], [ 135.179088225142124, 29.939286533447216 ], [ 135.175582316172239, 29.93729623123653 ], [ 135.173828334210867, 29.936303393187529 ], [ 135.166802775528055, 29.932337997201273 ], [ 135.165045868972612, 29.931349204302705 ], [ 135.161528123124668, 29.929375184317706 ], [ 135.15976871375554, 29.92839075942652 ], [ 135.145669299199568, 29.92052387867443 ], [ 135.143907132508872, 29.919543413498019 ], [ 135.140377931996596, 29.917585531847351 ], [ 135.138612331694191, 29.91660891397072 ], [ 135.131540375189076, 29.912708485908411 ], [ 135.129771900653196, 29.911735940161719 ], [ 135.126231061115192, 29.909794450453887 ], [ 135.124460136826457, 29.90882629429845 ], [ 135.110268709034614, 29.901089794558771 ], [ 135.10849507598769, 29.900125624198608 ], [ 135.104942978735977, 29.898200378045431 ], [ 135.103165958842709, 29.897240086461238 ], [ 135.096048398615636, 29.893405052601338 ], [ 135.094268554850288, 29.892448860127161 ], [ 135.090705020021375, 29.890540112037172 ], [ 135.088922779563319, 29.889588331636617 ], [ 135.074640930335619, 29.881983056473217 ], [ 135.072856028783377, 29.881035286150109 ], [ 135.069281434091664, 29.879142885935693 ], [ 135.067493194256514, 29.878199025864546 ], [ 135.060330828005846, 29.874429805291726 ], [ 135.05853981376228, 29.873490070410867 ], [ 135.054953982041837, 29.871614271681722 ], [ 135.053160625063896, 29.870678971357961 ], [ 135.03878995429389, 29.863205751744431 ], [ 135.036993984785141, 29.86227448577938 ], [ 135.033397292851447, 29.860415136549591 ], [ 135.031598031824416, 29.8594878114138 ], [ 135.024391661746591, 29.855784816016893 ], [ 135.022589676672993, 29.854861640352908 ], [ 135.018981950956601, 29.853018996929535 ], [ 135.017177678008039, 29.852100277406322 ], [ 135.002719790986049, 29.84475992992725 ], [ 135.000912954070685, 29.843845269044294 ], [ 134.997294566891384, 29.842019174046072 ], [ 134.995484487019695, 29.841108484569332 ], [ 134.988234917108372, 29.83747211814412 ], [ 134.986973398504318, 29.836840661867512 ], [ 134.986435985233271, 29.836572493925814 ], [ 134.982834666287459, 29.834777029836573 ], [ 134.981005891309252, 29.833868118319515 ], [ 134.966418475832626, 29.826639676180434 ], [ 134.965811759006527, 29.826339290925972 ], [ 134.964627976001026, 29.825753809790768 ], [ 134.964035996364515, 29.825461321483232 ], [ 134.961633267761414, 29.824275351326833 ], [ 134.961028467390207, 29.823977129840927 ], [ 134.959818242518423, 29.823380995337033 ], [ 134.959213309047556, 29.823083324236393 ], [ 134.954369080269458, 29.820701969820419 ], [ 134.952545274944811, 29.819808192994174 ], [ 134.948894316120487, 29.81802458196907 ], [ 134.94706798550007, 29.817135148868402 ], [ 134.939767456403871, 29.813590719236743 ], [ 134.937941839844967, 29.812707110145425 ], [ 134.934286961774461, 29.810943673612002 ], [ 134.932458858590081, 29.810064404648926 ], [ 134.922660690938443, 29.805366202388626 ], [ 134.921436606615117, 29.804780437967139 ], [ 134.918985931555795, 29.803610184362896 ], [ 134.917760336371344, 29.803026171820733 ], [ 134.912853012956958, 29.800692638854599 ], [ 134.911626437510591, 29.80011059312983 ], [ 134.909171449304012, 29.798948101574013 ], [ 134.907944367539272, 29.798368284369189 ], [ 134.893234543540217, 29.791431294519072 ], [ 134.89139631758681, 29.790567040636915 ], [ 134.887715271044129, 29.788841890940944 ], [ 134.885873948724253, 29.787981696598507 ], [ 134.878499643744618, 29.784547565218361 ], [ 134.87665579972591, 29.78369161837395 ], [ 134.872964538683306, 29.78198356748797 ], [ 134.871118624426032, 29.781132157723505 ], [ 134.856328079977828, 29.774331151661897 ], [ 134.854479796905622, 29.773483892268302 ], [ 134.850778680192974, 29.771792770220571 ], [ 134.848927351117055, 29.770949598245664 ], [ 134.841513100950095, 29.767583637275465 ], [ 134.839659300537363, 29.766744735281719 ], [ 134.835948176168046, 29.76507080647292 ], [ 134.83409236037474, 29.76423646044492 ], [ 134.819222735841009, 29.757572179213071 ], [ 134.817364602494791, 29.75674200514004 ], [ 134.813643824803336, 29.755085096900189 ], [ 134.811782693117408, 29.754259038124758 ], [ 134.804329318843912, 29.750961613588032 ], [ 134.802465768881035, 29.750139848175877 ], [ 134.798735191276506, 29.748500224006648 ], [ 134.796869680791843, 29.747683032546178 ], [ 134.781922621932296, 29.74115620189761 ], [ 134.780054842457417, 29.740343203976181 ], [ 134.776314815677068, 29.738720688509488 ], [ 134.774444089124557, 29.737911833764542 ], [ 134.771466535453015, 29.736614044602902 ], [ 134.771050674549343, 29.735302290768459 ], [ 134.770711448475282, 29.734272138049221 ], [ 134.770031069079522, 29.732212131185292 ], [ 134.769690037166043, 29.73118264306504 ], [ 134.768321773531653, 29.727064350639637 ], [ 134.767978967256653, 29.726035570285745 ], [ 134.767291299754589, 29.723977930437371 ], [ 134.76694672001608, 29.722949906413419 ], [ 134.764180510622879, 29.714720794029745 ], [ 134.763834197890702, 29.713693500255232 ], [ 134.763139332215047, 29.711638278683836 ], [ 134.762791061659271, 29.710611188156008 ], [ 134.761393531387142, 29.706501567893412 ], [ 134.761043508951929, 29.705475238192179 ], [ 134.760341414525584, 29.703422509541497 ], [ 134.759989819175331, 29.702397501843734 ], [ 134.754339655751352, 29.685970261418902 ], [ 134.753630408117402, 29.683919717221528 ], [ 134.752203710134012, 29.679818385110821 ], [ 134.75148683804801, 29.677769265439537 ], [ 134.748603073773467, 29.669572369469734 ], [ 134.747878838038702, 29.667525241796852 ], [ 134.746422556855947, 29.66343189836391 ], [ 134.745691105860175, 29.661387348148025 ], [ 134.739805190558371, 29.645023884944749 ], [ 134.739066521603291, 29.642981345612952 ], [ 134.737580985474693, 29.638896114064892 ], [ 134.736834719947097, 29.636855083795467 ], [ 134.733833395395806, 29.628690725297048 ], [ 134.733079804889911, 29.626651767965171 ], [ 134.731564833051522, 29.622574853347004 ], [ 134.730357052536732, 29.619352202042791 ], [ 134.727098966145292, 29.610731601282907 ], [ 134.724920791961864, 29.60491065750125 ], [ 134.723586085630274, 29.601376714863875 ], [ 134.722036187720533, 29.597310715317747 ], [ 134.720996866413117, 29.594603255036816 ], [ 134.717857254909092, 29.58648107384289 ], [ 134.71746077439596, 29.585458001486018 ], [ 134.716694820010531, 29.583486721735198 ], [ 134.715253589881883, 29.5798437776686 ], [ 134.709915311343281, 29.566038721110715 ], [ 134.708180989461795, 29.56160396445182 ], [ 134.706578702445569, 29.557552882859682 ], [ 134.705774114983939, 29.555529004460254 ], [ 134.702539534173098, 29.547433613171108 ], [ 134.701727699973759, 29.545411969587093 ], [ 134.700096286614695, 29.541369853336505 ], [ 134.699277372054183, 29.539351024630605 ], [ 134.692691627717096, 29.5231944783431 ], [ 134.691659815748523, 29.520678570060397 ], [ 134.689583958333316, 29.515648165430946 ], [ 134.688540644036408, 29.513135444345608 ], [ 134.68434295226578, 29.503086971986335 ], [ 134.683288486375631, 29.500578005571015 ], [ 134.681167684441817, 29.495562389393342 ], [ 134.680908855060153, 29.49495114717817 ], [ 134.680102214446293, 29.49305777929348 ], [ 134.678372033943248, 29.489014361723662 ], [ 134.675197087176599, 29.479443918602442 ], [ 134.674381923687093, 29.477003489519802 ], [ 134.672740240969944, 29.472122725783521 ], [ 134.671914381844516, 29.469684361544466 ], [ 134.668588403832388, 29.459931184277252 ], [ 134.66775216203294, 29.457495561171555 ], [ 134.666068769658551, 29.452625775459637 ], [ 134.665222306165475, 29.450193593160151 ], [ 134.658404139240389, 29.43073085304701 ], [ 134.657547558373523, 29.428301619624307 ], [ 134.655823044498362, 29.423443364120288 ], [ 134.654955811162637, 29.421016320547068 ], [ 134.651464365988517, 29.411308689444894 ], [ 134.650586812931721, 29.408884518306223 ], [ 134.64882083491446, 29.404037780419628 ], [ 134.647933134807232, 29.401617192180083 ], [ 134.640742938136583, 29.382133585996655 ], [ 134.639913363911006, 29.379898555774162 ], [ 134.638244379574672, 29.375428405397003 ], [ 134.637405686224355, 29.373195211590058 ], [ 134.634031487463773, 29.364262562267783 ], [ 134.63318400593792, 29.362031879368232 ], [ 134.631479749292083, 29.357571907517922 ], [ 134.63062367024682, 29.355344432499805 ], [ 134.623734295901414, 29.337518414443451 ], [ 134.62286961933799, 29.3352934908024 ], [ 134.621130520258049, 29.330843885437446 ], [ 134.620256802809791, 29.328621014948254 ], [ 134.616742618277527, 29.319730109457311 ], [ 134.615860176506231, 29.317509886572395 ], [ 134.614086028148137, 29.313070948965475 ], [ 134.613195028428635, 29.310853993317608 ], [ 134.606302436308994, 29.293796235508353 ], [ 134.605443417380656, 29.291681189236101 ], [ 134.603716451054623, 29.287451308031763 ], [ 134.602849207825471, 29.285338201597057 ], [ 134.599362547943684, 29.276886288472042 ], [ 134.598487397876255, 29.274775710031207 ], [ 134.596728654904183, 29.270555975878011 ], [ 134.595845778760264, 29.26844853697088 ], [ 134.588745320940149, 29.251583675646543 ], [ 134.588329628210857, 29.250598522304358 ], [ 134.587854716922067, 29.249478780921351 ], [ 134.586064598403397, 29.245269321522159 ], [ 134.58516580965491, 29.243166469157586 ], [ 134.581479611795345, 29.234585061751574 ], [ 134.581111952754696, 29.233730328092605 ], [ 134.580203191424772, 29.231628625061433 ], [ 134.578674584965057, 29.228111021306859 ], [ 134.577908001053771, 29.226354299112131 ], [ 134.570509982749769, 29.209468560026551 ], [ 134.570251114697527, 29.208878422201906 ], [ 134.569731746323356, 29.207696072715862 ], [ 134.569471805380005, 29.207105138092231 ], [ 134.568604496500626, 29.205136164203054 ], [ 134.568385053828052, 29.204638560321825 ], [ 134.567945604606422, 29.203643238345165 ], [ 134.567725787815249, 29.203145950125872 ], [ 134.565795093569619, 29.198783093365648 ], [ 134.564955435245594, 29.196894053917845 ], [ 134.563269427643007, 29.193117609090763 ], [ 134.562423438991431, 29.191231010403186 ], [ 134.55902560514815, 29.183686470054994 ], [ 134.558173360812958, 29.181802315724667 ], [ 134.556461999522327, 29.178035240934065 ], [ 134.555603446442234, 29.176153558840014 ], [ 134.550695626602561, 29.165442733995349 ], [ 134.550081176506154, 29.164105748781623 ], [ 134.548848375952417, 29.161431484275766 ], [ 134.548230524619299, 29.160095292264344 ], [ 134.545751386018225, 29.154749951349544 ], [ 134.545130380762913, 29.15341501119417 ], [ 134.543884805340298, 29.150745575148449 ], [ 134.543260832322318, 29.149412356295443 ], [ 134.536930460372929, 29.135925682224752 ], [ 134.536137406716676, 29.134242337514365 ], [ 134.534545295529796, 29.13087570834773 ], [ 134.533746884612327, 29.129193794458502 ], [ 134.530541349204356, 29.122466292685772 ], [ 134.529737856218077, 29.120786266473488 ], [ 134.528125302541724, 29.117427216792947 ], [ 134.527316900155171, 29.11574955849585 ], [ 134.520823808472443, 29.102323359335941 ], [ 134.520010448124395, 29.100647590514285 ], [ 134.518377728949332, 29.097296169782766 ], [ 134.517559032923515, 29.095621882144627 ], [ 134.514272370574218, 29.088924996891365 ], [ 134.513448620358446, 29.087252646392926 ], [ 134.511795568411031, 29.083908997602549 ], [ 134.510966942071633, 29.082239059085651 ], [ 134.504312023681706, 29.068874869080446 ], [ 134.503478469057001, 29.067206866803787 ], [ 134.501805366724767, 29.06387103761881 ], [ 134.500966498905115, 29.06220456688763 ], [ 134.497599159274074, 29.055539064376717 ], [ 134.496755264244399, 29.053874578449495 ], [ 134.495061941555747, 29.050546712760962 ], [ 134.494213203677106, 29.048884686479653 ], [ 134.487397370493312, 29.035584029979276 ], [ 134.486543734905837, 29.033923985803739 ], [ 134.484830477844554, 29.030604127678629 ], [ 134.483971551546375, 29.028945665410475 ], [ 134.480523995087225, 29.022312306468166 ], [ 134.479660071255722, 29.020655875768369 ], [ 134.477926707152818, 29.017344171796509 ], [ 134.477057973747065, 29.015690246608074 ], [ 134.470082151170942, 29.00245464166855 ], [ 134.469208551534592, 29.000802744451335 ], [ 134.467455371769319, 28.997499237799985 ], [ 134.466576503903724, 28.99584897195308 ], [ 134.4630491964638, 28.989248512908944 ], [ 134.462165360743285, 28.987600325395192 ], [ 134.460392189948521, 28.984305162653413 ], [ 134.459503578827508, 28.982659525616981 ], [ 134.452368707550164, 28.969490481301079 ], [ 134.451475261674574, 28.96784691989987 ], [ 134.449682395726967, 28.96456013973895 ], [ 134.44878370410558, 28.962918259170721 ], [ 134.445177120528712, 28.956351450959033 ], [ 134.444273491629275, 28.954711696388074 ], [ 134.442460753361871, 28.951433448095599 ], [ 134.441552382337164, 28.949796288068683 ], [ 134.43425942103616, 28.936695304445038 ], [ 134.43334624853108, 28.935060265019587 ], [ 134.431513936519451, 28.931790585467411 ], [ 134.430595542551288, 28.930157277237043 ], [ 134.426910164872794, 28.923624868093498 ], [ 134.42598686330436, 28.92199373172582 ], [ 134.424134798582855, 28.918732772899489 ], [ 134.423206789962336, 28.917104276041925 ], [ 134.415756710804118, 28.90407284238816 ], [ 134.414823932179644, 28.902446511098077 ], [ 134.412952418719698, 28.899194305373271 ], [ 134.412014443812183, 28.897569754740772 ], [ 134.40825076306308, 28.89107248750588 ], [ 134.40730791113188, 28.889450155500526 ], [ 134.40541676637136, 28.886206855762225 ], [ 134.404469243361433, 28.884587207334221 ], [ 134.396863033802703, 28.871626805732717 ], [ 134.395910773164275, 28.87000936783852 ], [ 134.394000304671096, 28.866775005562545 ], [ 134.393042872930806, 28.865159395989849 ], [ 134.389201386436042, 28.858698009905538 ], [ 134.388239109148486, 28.857084665724983 ], [ 134.386309133460514, 28.853859393796427 ], [ 134.385342221067077, 28.852248778159037 ], [ 134.377580882952117, 28.839360880800456 ], [ 134.376609266205065, 28.837752520662775 ], [ 134.374660095387782, 28.834536367859499 ], [ 134.373683332720049, 28.832929884606926 ], [ 134.369764544998617, 28.82650511262122 ], [ 134.368782969159071, 28.824900939726973 ], [ 134.366814415254311, 28.821694061631973 ], [ 134.365828241181049, 28.820092661347701 ], [ 134.357912792542123, 28.807278732328058 ], [ 134.356921946491212, 28.805679630710983 ], [ 134.35493432785799, 28.802482053404475 ], [ 134.353938361966897, 28.800884878135207 ], [ 134.349942785631498, 28.794497449597912 ], [ 134.34894203804518, 28.792902629653099 ], [ 134.346935164926577, 28.789714509617397 ], [ 134.345929855978653, 28.788122505449792 ], [ 134.337861329237427, 28.775383997174117 ], [ 134.336851383385152, 28.773794336639696 ], [ 134.334825575040696, 28.770615697257057 ], [ 134.333810536328116, 28.769028011633736 ], [ 134.329738690289133, 28.762678649600247 ], [ 134.328718903155647, 28.761093364267737 ], [ 134.326673969828704, 28.75792436381866 ], [ 134.325649657306172, 28.756341936531669 ], [ 134.317429099274278, 28.743680292412023 ], [ 134.316400184021546, 28.742100253724033 ], [ 134.314336449467902, 28.738940911094573 ], [ 134.313302468335195, 28.737362894082594 ], [ 134.309154879595184, 28.73105231890986 ], [ 134.308116183315434, 28.729476748053855 ], [ 134.306033455080666, 28.726327225121707 ], [ 134.305494667645377, 28.725513745163653 ], [ 134.304990272084325, 28.724754554579476 ], [ 134.296618743061259, 28.712171208135175 ], [ 134.295707213617703, 28.710804573172823 ], [ 134.293888476872127, 28.708085034996657 ], [ 134.292856977867956, 28.706547268042158 ], [ 134.288814418250951, 28.700538396530163 ], [ 134.287753208344697, 28.698965780846606 ], [ 134.285633743702675, 28.695834515051331 ], [ 134.284556338805118, 28.694247675690093 ], [ 134.284100954496267, 28.693579090902745 ], [ 134.275310105777436, 28.680680180446359 ], [ 134.274568932211281, 28.679594020648096 ], [ 134.273331213265266, 28.677782723094623 ], [ 134.27258797935238, 28.67669657948386 ], [ 134.270478178825812, 28.673617494152268 ], [ 134.26940659254123, 28.672058386285812 ], [ 134.267258432331147, 28.668942331623953 ], [ 134.266182284685129, 28.667386004460894 ], [ 134.261866984074601, 28.661163730122439 ], [ 134.260786351509211, 28.659610173770801 ], [ 134.258619799264949, 28.656504794960711 ], [ 134.257534626922194, 28.654954039098129 ], [ 134.250850315090787, 28.645429715009783 ], [ 134.250014270243213, 28.64424108465866 ], [ 134.24833851401209, 28.641864063176257 ], [ 134.247499482515451, 28.64067663971565 ], [ 134.244136107096125, 28.635927425211037 ], [ 134.243294427096913, 28.63474162232859 ], [ 134.241607859216373, 28.632370910489556 ], [ 134.240763796013397, 28.631187161658517 ], [ 134.231945862411777, 28.618847210430744 ], [ 134.230842415845387, 28.617307431692979 ], [ 134.228629669924231, 28.61422883199549 ], [ 134.227521271689881, 28.612691264690369 ], [ 134.223076124264622, 28.606542928114152 ], [ 134.221963146682612, 28.605007982333007 ], [ 134.219731951169564, 28.601939910998425 ], [ 134.218614641552819, 28.600408032804893 ], [ 134.209650122056047, 28.588152012605804 ], [ 134.208528386876736, 28.586622737050021 ], [ 134.206279080815676, 28.583565197676165 ], [ 134.205152423646069, 28.582038180318364 ], [ 134.200634273753536, 28.575932149649276 ], [ 134.199503074108208, 28.574407796982769 ], [ 134.197235456951404, 28.571360960440416 ], [ 134.196099963942544, 28.569839715830597 ], [ 134.186989990796206, 28.557669009817459 ], [ 134.185850109096151, 28.556150408315204 ], [ 134.183564524384536, 28.553114275504015 ], [ 134.182419750372418, 28.551597978964026 ], [ 134.177829168181944, 28.545534943982943 ], [ 134.176679886768085, 28.544021356200886 ], [ 134.174376133952279, 28.540996097092602 ], [ 134.173222600543482, 28.539485657837162 ], [ 134.163968316785343, 28.527401637476089 ], [ 134.162810430657288, 28.525893882696749 ], [ 134.160488855976524, 28.522879496392022 ], [ 134.159326109013278, 28.521374093340114 ], [ 134.154663668294262, 28.515354736632275 ], [ 134.153496449901837, 28.513852082807801 ], [ 134.151156850109174, 28.510848743774858 ], [ 134.149985421090861, 28.509349278946473 ], [ 134.140587984148993, 28.497353304911542 ], [ 134.139412239284326, 28.495856565928307 ], [ 134.137054963316842, 28.492864267872051 ], [ 134.135874389092152, 28.491369926481326 ], [ 134.131140672604289, 28.48539492613537 ], [ 134.129955662923777, 28.483903376240221 ], [ 134.127580507534873, 28.48092229362959 ], [ 134.126391328597862, 28.479433973199747 ], [ 134.116851909388544, 28.46752739537348 ], [ 134.115658452376039, 28.466041841258402 ], [ 134.113265768301716, 28.463071966898269 ], [ 134.112067513406231, 28.461588855341688 ], [ 134.107263109305705, 28.45565888315133 ], [ 134.106060456725885, 28.45417860535872 ], [ 134.103650040717213, 28.45122011551635 ], [ 134.102443259349769, 28.44974310586008 ], [ 134.092763042281291, 28.437927264232286 ], [ 134.091552020609726, 28.436453061359998 ], [ 134.089124225203506, 28.433505944344233 ], [ 134.087908438024925, 28.432034229896232 ], [ 134.083033942563446, 28.426149953158188 ], [ 134.0818137945719, 28.424681113842752 ], [ 134.079368416520396, 28.42174554771924 ], [ 134.078144182009197, 28.420280015210921 ], [ 134.068324363179926, 28.408556237180932 ], [ 134.067095927935185, 28.407093551926238 ], [ 134.064633320672016, 28.404169524104759 ], [ 134.063400151396337, 28.402709371340904 ], [ 134.058456165320337, 28.396871450157647 ], [ 134.057218673003632, 28.395414214794499 ], [ 134.054738634181064, 28.392501903340644 ], [ 134.053497097613814, 28.391048012556269 ], [ 134.043538887510095, 28.379417614731722 ], [ 134.042293187981244, 28.377966611670104 ], [ 134.039796073730741, 28.375066000395918 ], [ 134.038545673444588, 28.373617573892375 ], [ 134.033532803796589, 28.367826663869749 ], [ 134.032278120040047, 28.366381195236244 ], [ 134.029763724417506, 28.363492465805223 ], [ 134.028505038676968, 28.362050380421209 ], [ 134.01840965947909, 28.350514666818725 ], [ 134.01714684854872, 28.349075507828701 ], [ 134.014615532181807, 28.346198639555865 ], [ 134.013348055568628, 28.344762102089817 ], [ 134.008266917484917, 28.339018853437693 ], [ 134.006995194273742, 28.337585313411978 ], [ 134.00444675121733, 28.33472048885983 ], [ 134.003171069190472, 28.333290369854922 ], [ 133.992939755666072, 28.32185063639804 ], [ 133.99165998891786, 28.320423482457954 ], [ 133.989094779801263, 28.317570679143842 ], [ 133.98781037974598, 28.316146191693974 ], [ 133.983362243873358, 28.31122621931496 ], [ 133.984826066770125, 28.309896823480017 ], [ 133.986261146435623, 28.308589902602364 ], [ 133.991996154599548, 28.303352340938176 ], [ 133.993427032631786, 28.302041891120894 ], [ 133.996285422534953, 28.299416789853325 ], [ 133.997711770682287, 28.298103206798032 ], [ 134.009115740799672, 28.287570480993253 ], [ 134.010537730831885, 28.286253332125938 ], [ 134.013379092072142, 28.283614136683582 ], [ 134.014797304952509, 28.282293162100245 ], [ 134.020464722769503, 28.276999435076505 ], [ 134.021878692648471, 28.275674972922047 ], [ 134.024703213183983, 28.273021879356691 ], [ 134.026112615405935, 28.27169432893055 ], [ 134.037380724941414, 28.261049927112822 ], [ 134.038785728579029, 28.259718854042376 ], [ 134.041593054076969, 28.257051835374341 ], [ 134.042994233797828, 28.255716973459897 ], [ 134.048593400265901, 28.250367751071138 ], [ 134.049990294717219, 28.249029443854255 ], [ 134.052780615833427, 28.246348693437938 ], [ 134.05417290755409, 28.245007342915017 ], [ 134.065303839901304, 28.234252612268705 ], [ 134.066691691669035, 28.23290778226874 ], [ 134.069464655870064, 28.23021327672177 ], [ 134.070848638754256, 28.22886469654901 ], [ 134.076378899167793, 28.223460655085518 ], [ 134.077758557212491, 28.222108671878175 ], [ 134.080514353355596, 28.219400602755996 ], [ 134.081889371797985, 28.218045622108122 ], [ 134.092881831032543, 28.207181920609401 ], [ 134.094252369951192, 28.205823504551518 ], [ 134.096990649099695, 28.203101852968587 ], [ 134.098357274169331, 28.201739723609677 ], [ 134.103817986411542, 28.196281546556577 ], [ 134.105180246172182, 28.194916056431339 ], [ 134.107901198082374, 28.192181012144488 ], [ 134.109258783166894, 28.190812571343542 ], [ 134.120111494051542, 28.179841270458581 ], [ 134.121464560941178, 28.178469439213643 ], [ 134.124167838475529, 28.175720985135712 ], [ 134.125516946550562, 28.174345479261092 ], [ 134.130907478397859, 28.16883385369988 ], [ 134.132252182492863, 28.167455030225995 ], [ 134.134937974508404, 28.164693355214581 ], [ 134.136277969753479, 28.163311626930522 ], [ 134.146989676832419, 28.152234109816618 ], [ 134.148325116111579, 28.1508490369539 ], [ 134.150993078168455, 28.14807412572074 ], [ 134.152324515464699, 28.14668541779821 ], [ 134.157644242788052, 28.141121038005906 ], [ 134.158971237433349, 28.139729055651912 ], [ 134.161621559287852, 28.136941097054489 ], [ 134.162943810908843, 28.135546256654862 ], [ 134.173513279414948, 28.124363919059959 ], [ 134.174830936399445, 28.122965777249192 ], [ 134.177463277208773, 28.120164760495612 ], [ 134.178054065243629, 28.119535306110038 ], [ 134.186141113522041, 28.110756988544466 ], [ 134.186900407529009, 28.109918241234283 ], [ 134.19530120858505, 28.100948451709996 ], [ 134.198322655466797, 28.097701099626391 ], [ 134.199496201489552, 28.096431623820848 ], [ 134.202087213054853, 28.093613081978617 ], [ 134.202582412149383, 28.09307137444469 ], [ 134.202996293644873, 28.09261821326038 ], [ 134.204082275377488, 28.091428036974946 ], [ 134.205053658300386, 28.090362583167007 ], [ 134.205910129449677, 28.08942235635709 ], [ 134.209200674172422, 28.085807902812888 ], [ 134.209839397870184, 28.085105297571886 ], [ 134.212418898114521, 28.082263762762921 ], [ 134.213062251522587, 28.081554037589086 ], [ 134.21447512512762, 28.079993185037864 ], [ 134.219538903597851, 28.074336260510307 ], [ 134.221021412608508, 28.072661412594584 ], [ 134.223540943360632, 28.069930441337164 ], [ 134.230983273060446, 28.06173116845909 ], [ 134.232771628008919, 28.059728624676666 ], [ 134.233664461446239, 28.058726859057657 ], [ 134.237233245618683, 28.054714547238973 ], [ 134.238123736322535, 28.053711358892713 ], [ 134.239902991929995, 28.051702912859582 ], [ 134.240790827834786, 28.050698707379922 ], [ 134.250926386944315, 28.039210401539322 ], [ 134.252189802218396, 28.037774118581154 ], [ 134.254713487838131, 28.034896908565855 ], [ 134.255972731157925, 28.033457151526562 ], [ 134.261003232913509, 28.027688825279512 ], [ 134.262257886093408, 28.02624597277395 ], [ 134.264763337958613, 28.023356421362394 ], [ 134.266013118610914, 28.021910899668654 ], [ 134.276001713209467, 28.010323474149573 ], [ 134.277246757132986, 28.008874835405749 ], [ 134.279733646091671, 28.00597294709425 ], [ 134.280974477590718, 28.004520875638377 ], [ 134.285931222348296, 27.998703357374552 ], [ 134.287167428634262, 27.997248237216667 ], [ 134.289635940846864, 27.994334186473907 ], [ 134.29086724402876, 27.992876444792415 ], [ 134.300707745466553, 27.981191352899032 ], [ 134.301934277745232, 27.979730541831373 ], [ 134.304384088555622, 27.976804336751002 ], [ 134.305606367939987, 27.975340134340115 ], [ 134.310488797221495, 27.969474154309154 ], [ 134.311706417218062, 27.968006947262978 ], [ 134.314137711886673, 27.965068764112686 ], [ 134.315350399101845, 27.963598984106198 ], [ 134.32504169941538, 27.951817690834218 ], [ 134.326249583352165, 27.950344889105651 ], [ 134.328662039921966, 27.947394735978691 ], [ 134.329865631394142, 27.945918585174809 ], [ 134.33467319661159, 27.940004878123091 ], [ 134.335872092723974, 27.938525768549795 ], [ 134.338265897353864, 27.935563819914819 ], [ 134.33945983190668, 27.934082186843824 ], [ 134.34900084651261, 27.92220616708147 ], [ 134.350189945410449, 27.92072155905305 ], [ 134.352564779741869, 27.917747826601385 ], [ 134.353749546605314, 27.916259912665225 ], [ 134.358481709963286, 27.910299218734252 ], [ 134.359661749990579, 27.90880839189424 ], [ 134.362017797484128, 27.905823048295332 ], [ 134.363192846273506, 27.904329747420206 ], [ 134.37258251037585, 27.892360485948103 ], [ 134.373752692933095, 27.89086425777964 ], [ 134.376089637927322, 27.887867318322577 ], [ 134.37725544977971, 27.886367826514629 ], [ 134.381911685177016, 27.880360891242503 ], [ 134.383072736918194, 27.878858534194478 ], [ 134.385390764673019, 27.875850168850718 ], [ 134.386546798197202, 27.874345386330873 ], [ 134.395784068580298, 27.86228438052018 ], [ 134.396935203497634, 27.860776719270547 ], [ 134.399234002847976, 27.857756946926003 ], [ 134.400380729287832, 27.856246065204232 ], [ 134.404960521412221, 27.850193638625996 ], [ 134.406102456264222, 27.848679938428916 ], [ 134.408382207973233, 27.845648927256633 ], [ 134.409519096729611, 27.844132851050716 ], [ 134.418602954463182, 27.831981607265959 ], [ 134.419734914935219, 27.830462699994087 ], [ 134.421995312334417, 27.827420472477343 ], [ 134.423122828356128, 27.825898388800113 ], [ 134.42762567088883, 27.819801227245165 ], [ 134.428748363846722, 27.818276372756799 ], [ 134.430989587700168, 27.815223094370765 ], [ 134.432107208481767, 27.813695913335977 ], [ 134.441036652619829, 27.801455946934851 ], [ 134.442149314539762, 27.799925984297033 ], [ 134.44437106357455, 27.796861680222719 ], [ 134.445479244172503, 27.795328585246409 ], [ 134.449904643385281, 27.789187448642195 ], [ 134.451007971241467, 27.787651630518837 ], [ 134.453210422623357, 27.784576464432803 ], [ 134.454308651324055, 27.78303837012507 ], [ 134.463082705202879, 27.770711206357447 ], [ 134.464175947162772, 27.769170379010404 ], [ 134.466358804115913, 27.766084380590115 ], [ 134.467447528781548, 27.764540464971049 ], [ 134.471795001738457, 27.758356118640449 ], [ 134.472878843085454, 27.756809527538138 ], [ 134.475042281876227, 27.753712857762707 ], [ 134.476120999785365, 27.752164040838124 ], [ 134.484738707426544, 27.739751215746423 ], [ 134.485812410714772, 27.738199715245287 ], [ 134.48795613816597, 27.735092406489741 ], [ 134.489025288186923, 27.733537862682709 ], [ 134.493294363644424, 27.72731107554614 ], [ 134.494358601568962, 27.725753903920008 ], [ 134.496482792147418, 27.722636116264056 ], [ 134.497541882352294, 27.721076770077303 ], [ 134.506002310258992, 27.70857982779728 ], [ 134.507056358864276, 27.707017847496161 ], [ 134.509160724788018, 27.703889615113894 ], [ 134.510210185053012, 27.702324635573973 ], [ 134.514400401657468, 27.696056182846945 ], [ 134.515444920147303, 27.69448862495048 ], [ 134.517529634985209, 27.691350106122712 ], [ 134.518568982373466, 27.689780424027845 ], [ 134.526871220431389, 27.677200917688765 ], [ 134.527905499239665, 27.675628651841294 ], [ 134.529970277906642, 27.672479884339623 ], [ 134.530999935099572, 27.670904664219307 ], [ 134.535110842291743, 27.664595324714782 ], [ 134.536135530730832, 27.663017574801756 ], [ 134.538180544997289, 27.659858715108015 ], [ 134.539200038950895, 27.658278892257442 ], [ 134.547343195931973, 27.645618384881004 ], [ 134.547991751918659, 27.644607867059761 ], [ 134.548357596126749, 27.644036026841661 ], [ 134.550382566303171, 27.640867115425436 ], [ 134.551392310707541, 27.639281850776996 ], [ 134.555552832597556, 27.632728466745647 ], [ 134.556199872327085, 27.631707737122696 ], [ 134.55720362185005, 27.630118927346871 ], [ 134.558691042058655, 27.627756907455819 ], [ 134.559433815518815, 27.626574536386215 ], [ 134.567584636522639, 27.613566935665943 ], [ 134.568107644453306, 27.612731388143573 ], [ 134.568397771141036, 27.612267412611459 ], [ 134.568942271968837, 27.611395811268096 ], [ 134.569214287210372, 27.610959998905258 ], [ 134.570038903473375, 27.609637559326274 ], [ 134.570587889220548, 27.608756144580809 ], [ 134.572851321832019, 27.605117743889139 ], [ 134.573840970884504, 27.603521660396751 ], [ 134.575815591616589, 27.600326602091457 ], [ 134.576800148708713, 27.598728297273624 ], [ 134.580729656349405, 27.592328050699393 ], [ 134.581709061225098, 27.590727523656938 ], [ 134.58366341843228, 27.587523205931546 ], [ 134.584637720554639, 27.585920482744484 ], [ 134.590288109709064, 27.576594266712505 ], [ 134.590992349917798, 27.575429006143935 ], [ 134.592398962442559, 27.573095969603798 ], [ 134.593100760092426, 27.571929142416394 ], [ 134.595904138465954, 27.567256801060978 ], [ 134.596603200378041, 27.566088839828467 ], [ 134.597999065105768, 27.563751042277261 ], [ 134.598695157456092, 27.562582396660559 ], [ 134.606355959460956, 27.549688342543504 ], [ 134.607310084393163, 27.548076895032978 ], [ 134.609214360155221, 27.544849917989694 ], [ 134.610163733070436, 27.543235701466926 ], [ 134.613953120940238, 27.536770687517674 ], [ 134.614897420780068, 27.535154139052736 ], [ 134.616781506761782, 27.531917857623313 ], [ 134.617720527580929, 27.530299441266635 ], [ 134.625218912923089, 27.517330718238554 ], [ 134.62615274465432, 27.515709970838799 ], [ 134.628016382750076, 27.512464434486418 ], [ 134.628945430088066, 27.510840965738453 ], [ 134.632653423916764, 27.504339022028688 ], [ 134.633577373897111, 27.502713270801195 ], [ 134.635420725087016, 27.499458628812931 ], [ 134.636339376261532, 27.497831062753846 ], [ 134.643674566128681, 27.484789273406619 ], [ 134.644588005732459, 27.48315942666656 ], [ 134.646410814608117, 27.479895732102875 ], [ 134.647319441040082, 27.478263211678268 ], [ 134.650945655917695, 27.47172514130267 ], [ 134.651849161610272, 27.470090388760809 ], [ 134.653651585553092, 27.466817788210619 ], [ 134.654549772655031, 27.465181272098476 ], [ 134.661721011615811, 27.452068027118116 ], [ 134.662613966462146, 27.450429283385233 ], [ 134.664395757259371, 27.447147832607016 ], [ 134.665283868356738, 27.445506461054833 ], [ 134.668827932863138, 27.438933071604282 ], [ 134.669710899838861, 27.437289519196327 ], [ 134.67147221307269, 27.433999363879963 ], [ 134.672349844370189, 27.432354100961447 ], [ 134.679356397680436, 27.419171018228326 ], [ 134.680228775138886, 27.417523578051089 ], [ 134.681969367993105, 27.414224776652645 ], [ 134.682836872924241, 27.412574758119007 ], [ 134.686298425532556, 27.40596685898376 ], [ 134.68716076475792, 27.404314709057019 ], [ 134.688880787418753, 27.401007405467908 ], [ 134.689737772980294, 27.399353598090556 ], [ 134.696578929275091, 27.38610230178017 ], [ 134.69743064121198, 27.384446369304925 ], [ 134.699129858056978, 27.381130622880306 ], [ 134.699976668689175, 27.379472158813599 ], [ 134.703355359563062, 27.372830565678413 ], [ 134.704196982904961, 27.371170022379204 ], [ 134.70587554232273, 27.367845977010546 ], [ 134.706711795813277, 27.366183828421299 ], [ 134.713386865312913, 27.352865950803505 ], [ 134.714217826292582, 27.35120172927671 ], [ 134.715875496257951, 27.347869447017786 ], [ 134.716701528952996, 27.346202742462879 ], [ 134.719997017249483, 27.339528271013307 ], [ 134.720817841970558, 27.337859538487351 ], [ 134.722454768173321, 27.334519160531244 ], [ 134.723270205955856, 27.332848875775426 ], [ 134.729778522261569, 27.319466054515175 ], [ 134.730588649547457, 27.317793748982723 ], [ 134.73220460715757, 27.314445340081022 ], [ 134.73300977827958, 27.312770600083581 ], [ 134.736221737543502, 27.306064072299534 ], [ 134.737021680906793, 27.304387354693176 ], [ 134.738616812916376, 27.301031055139418 ], [ 134.739411354051668, 27.299352839262497 ], [ 134.745752270551094, 27.2859067201193 ], [ 134.746541484102664, 27.284226535626715 ], [ 134.748115569279008, 27.280862411971157 ], [ 134.748899800585747, 27.279179841576934 ], [ 134.752027913358376, 27.272442080338209 ], [ 134.752806896222097, 27.270757585394676 ], [ 134.754360076657036, 27.267385776133011 ], [ 134.755133642903644, 27.265699835079772 ], [ 134.761306538166679, 27.252192067410391 ], [ 134.762074759743342, 27.250504210801068 ], [ 134.763606819599573, 27.2471247851812 ], [ 134.764370033751192, 27.245434591233902 ], [ 134.767413994261148, 27.238666423916811 ], [ 134.768171941082898, 27.236974356681685 ], [ 134.769683017957192, 27.233587451400126 ], [ 134.770435534672885, 27.231893992014705 ], [ 134.776439807951732, 27.218326234168842 ], [ 134.777186963808191, 27.216630911387853 ], [ 134.77867684905803, 27.213236598390608 ], [ 134.779418971409342, 27.211538988633833 ], [ 134.782378485579244, 27.204741244413327 ], [ 134.783115323514181, 27.20304181352941 ], [ 134.784584151138603, 27.199640227714696 ], [ 134.785315544577571, 27.197939457740063 ], [ 134.791150618507032, 27.184313371665127 ], [ 134.791876635798559, 27.182610790456124 ], [ 134.793324203449998, 27.179202005568527 ], [ 134.794045163853554, 27.17749718774553 ], [ 134.796919947498196, 27.170670700292959 ], [ 134.797635605499323, 27.168964112604016 ], [ 134.799062043579255, 27.165548262642545 ], [ 134.799772245393768, 27.163840389822496 ], [ 134.805437563293907, 27.150157643760735 ], [ 134.806142373672316, 27.148448013665359 ], [ 134.807547486128755, 27.145025174172815 ], [ 134.808247215337275, 27.143313356926285 ], [ 134.811036997759771, 27.136458959913455 ], [ 134.811731408378733, 27.134745425861041 ], [ 134.813115322015307, 27.131315729037965 ], [ 134.813804263856042, 27.129600962914651 ], [ 134.819322486843845, 27.115805221534174 ], [ 134.819982830244072, 27.114146759266021 ], [ 134.821345356204034, 27.110710283353313 ], [ 134.822024045773475, 27.108991023317458 ], [ 134.824755100667886, 27.102042006833443 ], [ 134.82544088678813, 27.100289153521885 ], [ 134.82675569382107, 27.096913362062537 ], [ 134.827410449732866, 27.095224934383623 ], [ 134.832842951142396, 27.08115312901424 ], [ 134.833365282782012, 27.079796831758756 ], [ 134.834188465525955, 27.077654330083732 ], [ 134.834678632913239, 27.076375714468043 ], [ 134.836106798590691, 27.072642177195092 ], [ 134.836746119438686, 27.070963406436704 ], [ 134.838019912889507, 27.067603866625632 ], [ 134.838654123789837, 27.065923791850082 ], [ 134.841181684588008, 27.059198186747551 ], [ 134.841810745970093, 27.057516815149228 ], [ 134.84306417427311, 27.054151662669369 ], [ 134.843688122110251, 27.052469012235633 ], [ 134.847358019757081, 27.0425270133114 ], [ 134.847814906833179, 27.041285076545364 ], [ 134.848726435377642, 27.038799051835184 ], [ 134.84918070542588, 27.037555975628152 ], [ 134.850993237748327, 27.032579378336095 ], [ 134.851444705509635, 27.031335608751988 ], [ 134.852345140016865, 27.02884660099005 ], [ 134.852793665196174, 27.027602591287064 ], [ 134.85751111744483, 27.014472894109304 ], [ 134.85809781716128, 27.012832521703928 ], [ 134.859267086007918, 27.009548639158936 ], [ 134.859849177598136, 27.007906465411452 ], [ 134.862169183861766, 27.001331524630643 ], [ 134.862746470373878, 26.999688000101372 ], [ 134.86389657916439, 26.996398725221525 ], [ 134.864468935593578, 26.994754313960698 ], [ 134.869032552511186, 26.981581385472936 ], [ 134.869600037312381, 26.979935636920573 ], [ 134.870730840356288, 26.976641040751986 ], [ 134.8712936981469, 26.974993533125485 ], [ 134.873536705354951, 26.968397336867923 ], [ 134.874094746376073, 26.96674852432534 ], [ 134.875206343498604, 26.963448713887374 ], [ 134.875759447241506, 26.961799059579448 ], [ 134.880168870897393, 26.948584332401339 ], [ 134.880443312509584, 26.947759815063733 ], [ 134.88099159678606, 26.946108669679745 ], [ 134.881265066230839, 26.945283163087879 ], [ 134.882357421458977, 26.941977810128265 ], [ 134.882629759556636, 26.941151761245095 ], [ 134.883173384444859, 26.939498898155875 ], [ 134.883444450901067, 26.938672758441356 ], [ 134.885610438371515, 26.932055214077309 ], [ 134.885880349199425, 26.931228558151929 ], [ 134.886419262539249, 26.92957403491431 ], [ 134.886688046516639, 26.928746842093489 ], [ 134.887761348707755, 26.925435649835777 ], [ 134.888028981552708, 26.924607971381192 ], [ 134.888563190539713, 26.92295185454509 ], [ 134.888829660560788, 26.922123743516352 ], [ 134.889317174048671, 26.920604994525064 ], [ 134.889531560733786, 26.919935793702308 ], [ 134.889959614645392, 26.918596984663566 ], [ 134.890173191939908, 26.917927661532786 ], [ 134.891026217786049, 26.915249036214249 ], [ 134.891238964107316, 26.914579642936559 ], [ 134.891663788553871, 26.913240293405181 ], [ 134.891875694008746, 26.912570882140983 ], [ 134.893569178575632, 26.907210239261531 ], [ 134.893780235970127, 26.906540783930353 ], [ 134.894201795877478, 26.905200948765241 ], [ 134.894412126618732, 26.904531113920143 ], [ 134.89525232633477, 26.901849926433442 ], [ 134.895461811714114, 26.901180076299852 ], [ 134.895880110679087, 26.899839816654548 ], [ 134.896088640978434, 26.899170316357385 ], [ 134.899424969287253, 26.888436246735779 ], [ 134.899840021700044, 26.887095353068673 ], [ 134.900667435753945, 26.884411332717178 ], [ 134.901079460149873, 26.883069298709529 ], [ 134.902722122228766, 26.877696715531357 ], [ 134.903130984607657, 26.876353909006184 ], [ 134.903945787469382, 26.873666803080852 ], [ 134.904351397000397, 26.872323598156072 ], [ 134.907586511108917, 26.861564793580726 ], [ 134.907988921752036, 26.860220822433376 ], [ 134.908791032480536, 26.857530669605239 ], [ 134.909190406113026, 26.856185581499801 ], [ 134.910782428267026, 26.850800822400402 ], [ 134.911178635386051, 26.849454985159809 ], [ 134.911968115137284, 26.846761841186549 ], [ 134.912361066710815, 26.845415629827983 ], [ 134.915494811037576, 26.834632852024896 ], [ 134.915884561024114, 26.833285899624968 ], [ 134.916661330656467, 26.830589802278098 ], [ 134.917048034639521, 26.82924175540299 ], [ 134.918589340426166, 26.823845201695178 ], [ 134.918972873400179, 26.822496429966634 ], [ 134.919736992269151, 26.819797436802844 ], [ 134.920117267898178, 26.818448315237873 ], [ 134.923149494953947, 26.80764232683228 ], [ 134.923526564500008, 26.806292487608602 ], [ 134.924277957062401, 26.803590637298356 ], [ 134.924651972511498, 26.802239726982407 ], [ 134.926142490884416, 26.796831759977977 ], [ 134.926513331725374, 26.795480148190677 ], [ 134.927252053739863, 26.792775498291064 ], [ 134.927619635438106, 26.791423560948914 ], [ 134.930550204029629, 26.780595124565792 ], [ 134.93091457694689, 26.779242493846368 ], [ 134.931640557366137, 26.776535082128618 ], [ 134.93200186719335, 26.775181403699179 ], [ 134.933441528903728, 26.769762404711514 ], [ 134.933799660526489, 26.768408048193464 ], [ 134.934512952411438, 26.76569793131489 ], [ 134.934867823092446, 26.764343274422998 ], [ 134.937696601018132, 26.753493154485909 ], [ 134.938048260219972, 26.752137828498462 ], [ 134.938748795221528, 26.749425046029501 ], [ 134.939097384137852, 26.748068694814947 ], [ 134.940486124436035, 26.742639046954736 ], [ 134.940831530651707, 26.741282041933061 ], [ 134.941519360030753, 26.738566650530913 ], [ 134.941861504405807, 26.73720936851791 ], [ 134.944588364862085, 26.726338331249508 ], [ 134.94492729505933, 26.724980404422325 ], [ 134.945602354066608, 26.722262442758165 ], [ 134.945938205883891, 26.720903514086245 ], [ 134.947275964514603, 26.715463600465171 ], [ 134.947608629135431, 26.714104042268133 ], [ 134.948270967231707, 26.711383566998364 ], [ 134.948600370011519, 26.710023756091829 ], [ 134.951225195187675, 26.699132567714344 ], [ 134.951551381991095, 26.69777213627566 ], [ 134.952200934426315, 26.695049186970778 ], [ 134.952524035656353, 26.693687777069698 ], [ 134.95381075416347, 26.688237980798817 ], [ 134.954130665498411, 26.686875965653883 ], [ 134.954767481734422, 26.684150597172675 ], [ 134.955084130329595, 26.682788353600245 ], [ 134.957606807809128, 26.671877781235025 ], [ 134.957920237729269, 26.67051494141171 ], [ 134.958544258411422, 26.667787196022687 ], [ 134.958854594664473, 26.666423400220168 ], [ 134.960090219988302, 26.660964105309631 ], [ 134.960397362748864, 26.659599727645798 ], [ 134.961008632842692, 26.65686965930766 ], [ 134.961312512862861, 26.655505079296347 ], [ 134.963732940123265, 26.644575890065767 ], [ 134.964033599671808, 26.643210738085486 ], [ 134.964632062520565, 26.640478388167537 ], [ 134.96492962120621, 26.639112302691046 ], [ 134.966114103883825, 26.633643893151657 ], [ 134.966408465479191, 26.63227725099469 ], [ 134.966994165149657, 26.629542673456058 ], [ 134.967285264004005, 26.628175853233643 ], [ 134.969603345719037, 26.617228816057235 ], [ 134.969891223202666, 26.615861447248307 ], [ 134.97046410393645, 26.613124685256338 ], [ 134.970748874262171, 26.611756407232832 ], [ 134.971882166629399, 26.606279266175534 ], [ 134.972163737167222, 26.604910454853979 ], [ 134.972723843031218, 26.602171561468822 ], [ 134.973002150829444, 26.60080259636311 ], [ 134.975217797064289, 26.589838481061406 ], [ 134.9754928807927, 26.588468990751636 ], [ 134.976040158726875, 26.585728010040071 ], [ 134.976312129002423, 26.584357633898094 ], [ 134.977394190590218, 26.57887214803165 ], [ 134.977662958379398, 26.577501262873369 ], [ 134.978197448853763, 26.574758246995998 ], [ 134.978462954801927, 26.573387232335108 ], [ 134.980576085518379, 26.562406809626935 ], [ 134.980838366497807, 26.561035294943252 ], [ 134.981387252420205, 26.558146796637743 ], [ 134.981619181280763, 26.556917909933958 ], [ 134.982649971619907, 26.551424463268745 ], [ 134.982901610921118, 26.550074903734043 ], [ 134.983401786864277, 26.547375411446382 ], [ 134.983658761842804, 26.545979343472283 ], [ 134.985677982653641, 26.534935927751462 ], [ 134.985842445273335, 26.534032511091937 ], [ 134.986170185206475, 26.532224386346797 ], [ 134.986333320427008, 26.531320467865584 ], [ 134.986983526668752, 26.527701921506946 ], [ 134.987228942662142, 26.52632699209741 ], [ 134.98771666119589, 26.523576184493663 ], [ 134.987958898984829, 26.522200679518136 ], [ 134.988329199333776, 26.520083133130584 ], [ 134.988575157618271, 26.518670402517557 ], [ 134.990602004679573, 26.506972619391121 ], [ 134.990912012679729, 26.505175279316234 ], [ 134.991299493677417, 26.502919464861606 ], [ 134.991574586398912, 26.501304507297505 ], [ 134.992111900744561, 26.498124101646397 ], [ 134.992378351880376, 26.496534038215685 ], [ 134.993435915036542, 26.490170679134167 ], [ 134.993698034138077, 26.488580349504048 ], [ 134.994218144452617, 26.485398260322029 ], [ 134.994475945908988, 26.483807674385019 ], [ 134.996230441382323, 26.472889854383538 ], [ 134.996447956808794, 26.471526261827847 ], [ 134.996880087346909, 26.468797195334702 ], [ 134.997094526192342, 26.467432831160636 ], [ 134.997946451268518, 26.461971627888715 ], [ 134.99815772629924, 26.460606986723491 ], [ 134.998577253737977, 26.457876571247198 ], [ 134.998785300201945, 26.456512149516584 ], [ 135.000972883092601, 26.442053116758274 ], [ 135.001243309231683, 26.440247081138295 ], [ 135.001778964328224, 26.436632389273711 ], [ 135.002043973851272, 26.434825204320106 ], [ 135.003093560919893, 26.427591270021594 ], [ 135.003353062994307, 26.425783437555992 ], [ 135.00386671257948, 26.422166157442689 ], [ 135.004120652347098, 26.420358183783378 ], [ 135.006131906962565, 26.405878417155691 ], [ 135.006380313201618, 26.404069820266386 ], [ 135.006871898819696, 26.400450055326246 ], [ 135.007114877650537, 26.398640361264086 ], [ 135.008076291587969, 26.391396494852756 ], [ 135.0083137602725, 26.389586208137644 ], [ 135.008783328688565, 26.385964072584102 ], [ 135.009015238662897, 26.384153698634691 ], [ 135.010850090360151, 26.369654934727976 ], [ 135.011076466805918, 26.367843991507527 ], [ 135.011523966758119, 26.364219587864085 ], [ 135.01174490680242, 26.362407602329313 ], [ 135.012618115234119, 26.355154671651235 ], [ 135.012833543334096, 26.353342147422552 ], [ 135.013259016191768, 26.349715589003495 ], [ 135.013468889178654, 26.347903032399472 ], [ 135.015127283997373, 26.33338700600595 ], [ 135.015331624355696, 26.331573934989592 ], [ 135.015735026051487, 26.327945326116151 ], [ 135.015933921913671, 26.326131265845419 ], [ 135.016718903255452, 26.318870139645554 ], [ 135.016912287172687, 26.317055593741088 ], [ 135.017293654579049, 26.313425047728288 ], [ 135.017481486082289, 26.311610525206021 ], [ 135.018963392547136, 26.2970789738159 ], [ 135.019145693219372, 26.295263990840795 ], [ 135.019504991262949, 26.291631610211084 ], [ 135.019681839345623, 26.289815691941214 ], [ 135.020378582805876, 26.282547238964298 ], [ 135.020549918944226, 26.280730889019623 ], [ 135.020887178201548, 26.277096787986721 ], [ 135.021052965522841, 26.275280516283004 ], [ 135.022358372841524, 26.260735176487742 ], [ 135.022518633828582, 26.258918499189804 ], [ 135.022833824622325, 26.255282782075057 ], [ 135.022988624925375, 26.253465221642955 ], [ 135.023597131403307, 26.246190309735397 ], [ 135.023746419762034, 26.244372373386568 ], [ 135.024039570870315, 26.240735152605737 ], [ 135.024183316707678, 26.238917347557987 ], [ 135.025312233872938, 26.224359956847081 ], [ 135.025450456074537, 26.222541801063642 ], [ 135.025721545013567, 26.218903180937446 ], [ 135.025854300236659, 26.217084196878602 ], [ 135.0263745787245, 26.209803693885874 ], [ 135.026501822002189, 26.207984386970338 ], [ 135.026750872155759, 26.204344479914226 ], [ 135.026872579207492, 26.202525360057706 ], [ 135.027825038595466, 26.187957654122812 ], [ 135.027941225608373, 26.186138237489985 ], [ 135.028168220787194, 26.182497147825558 ], [ 135.028278935425448, 26.180676956876482 ], [ 135.028711007507383, 26.173391730644056 ], [ 135.028816211999612, 26.171571271697275 ], [ 135.029021172889117, 26.16792911183947 ], [ 135.029120846550796, 26.166108893910746 ], [ 135.02989690032237, 26.151532608443404 ], [ 135.029991059340801, 26.149712147697869 ], [ 135.030173975149438, 26.146069022867437 ], [ 135.030262657296674, 26.144247841764809 ], [ 135.030606552650994, 26.136958760139038 ], [ 135.03068972645022, 26.135137364997945 ], [ 135.030850614265461, 26.13149338671073 ], [ 135.030928264428752, 26.129672286547361 ], [ 135.031527983630241, 26.11508915903778 ], [ 135.031600124547225, 26.113267870915678 ], [ 135.031738981669633, 26.109623143493764 ], [ 135.031805639419446, 26.107801188974065 ], [ 135.032061401213497, 26.100509119800336 ], [ 135.032122555112693, 26.098687005201498 ], [ 135.032239392334901, 26.095041641958488 ], [ 135.032295029792209, 26.093219877196077 ], [ 135.032718507953547, 26.078631640638037 ], [ 135.03276864245916, 26.076809741876559 ], [ 135.032863464277995, 26.073163847134197 ], [ 135.032908112020124, 26.071341335035186 ], [ 135.033075790615754, 26.064047146159254 ], [ 135.033114937205283, 26.062224528839522 ], [ 135.033187750814733, 26.058578214113709 ], [ 135.033221389956083, 26.056756000589274 ], [ 135.033468741289795, 26.042164389775081 ], [ 135.03349688377503, 26.040342096211305 ], [ 135.033547699966817, 26.036695466722705 ], [ 135.033570352091004, 26.03487261467987 ], [ 135.033650010440425, 26.027577171249703 ], [ 135.033667165907246, 26.025754267945331 ], [ 135.033695988279561, 26.022107434311124 ], [ 135.033707645292878, 26.020284989660837 ], [ 135.033779004698005, 26.005691736684668 ], [ 135.033785171349024, 26.003869265054874 ], [ 135.033792016988542, 26.00022233339439 ], [ 135.033792692379308, 25.998399357244807 ], [ 135.033784402428893, 25.991103526207183 ], [ 135.033779584760765, 25.989280552755531 ], [ 135.033764453667771, 25.985633633685666 ], [ 135.033757792389309, 25.984354216774051 ], [ 135.033754146537689, 25.983811172847794 ], [ 135.033649667798414, 25.969218009803598 ], [ 135.033635018741876, 25.967508623424663 ], [ 135.033600956019455, 25.964096274523968 ], [ 135.033579444236608, 25.962229719925972 ], [ 135.033483661941801, 25.954898903462066 ], [ 135.033456520403007, 25.953040032671794 ], [ 135.033396640842767, 25.949329157415207 ], [ 135.033363876742357, 25.947474755356097 ], [ 135.033076915668261, 25.932530814446125 ], [ 135.033050682443587, 25.931213711444173 ], [ 135.033005362908085, 25.929018290062317 ], [ 135.032977226718543, 25.927701513514421 ], [ 135.032894813745742, 25.9239673754943 ], [ 135.032851784782935, 25.922143915509508 ], [ 135.032760223906024, 25.91849663041549 ], [ 135.032711711776955, 25.916673538253463 ], [ 135.03250662767951, 25.909378989649014 ], [ 135.032452641377319, 25.907556277000822 ], [ 135.032339151430989, 25.903910002744965 ], [ 135.032279688257319, 25.902087685798364 ], [ 135.031901733778142, 25.891014653603747 ], [ 135.031852962644876, 25.88963192707206 ], [ 135.031752208898382, 25.886865063871824 ], [ 135.031700266754996, 25.8854820549534 ], [ 135.031486076122434, 25.879947223286109 ], [ 135.031430986351864, 25.878564432003486 ], [ 135.031317617814722, 25.875798202825223 ], [ 135.031259398403023, 25.874416131000061 ], [ 135.030628536578746, 25.859833606935695 ], [ 135.030547024725735, 25.858012583214645 ], [ 135.030378437815699, 25.854368764107477 ], [ 135.030291430205608, 25.852547451703828 ], [ 135.029932272456819, 25.845258711820634 ], [ 135.029839797869187, 25.843437617951935 ], [ 135.029649325956285, 25.839794675684089 ], [ 135.029551406872685, 25.837974309367382 ], [ 135.028745527085249, 25.823398782028534 ], [ 135.028642164405056, 25.821578659427814 ], [ 135.028429856952727, 25.817936695622421 ], [ 135.02832099851625, 25.816116338298713 ], [ 135.027874404180949, 25.808831526654046 ], [ 135.027760086859558, 25.807011441824955 ], [ 135.027525924082937, 25.803370569796385 ], [ 135.02740617485577, 25.801551265578723 ], [ 135.026425532513059, 25.786984457167478 ], [ 135.026300349581931, 25.785165449725923 ], [ 135.026044387239409, 25.781525772896316 ], [ 135.025913710350011, 25.779706584691439 ], [ 135.025379813428771, 25.772426561936669 ], [ 135.025243685748165, 25.770607700185678 ], [ 135.024965898658223, 25.766969329171616 ], [ 135.024824353461582, 25.765151301991523 ], [ 135.023669223756002, 25.750594930212202 ], [ 135.023522256547295, 25.748777252868365 ], [ 135.023222707662939, 25.745140291092071 ], [ 135.023070247394884, 25.743322486943725 ], [ 135.022449189979255, 25.736048111031863 ], [ 135.022291289711717, 25.734230687296787 ], [ 135.021969950253293, 25.730595247173284 ], [ 135.021806645061275, 25.728778710169621 ], [ 135.02047732297072, 25.714234491828648 ], [ 135.020308607456542, 25.712418358620738 ], [ 135.019965548471674, 25.708784540874291 ], [ 135.019791342597415, 25.706968335720376 ], [ 135.019083276672774, 25.699700464605144 ], [ 135.018903640691491, 25.697884692025468 ], [ 135.018538827105914, 25.694252609970334 ], [ 135.018353800587903, 25.692437778980775 ], [ 135.016850599976266, 25.677907426387009 ], [ 135.016660176626289, 25.676093052252867 ], [ 135.01627368668224, 25.672462805714304 ], [ 135.016077775669686, 25.670648413593938 ], [ 135.015282863113981, 25.663387901630813 ], [ 135.015081531888171, 25.661573995144295 ], [ 135.014673326912913, 25.657945699235057 ], [ 135.01446662133813, 25.656132786499313 ], [ 135.012789875853088, 25.641618010163342 ], [ 135.01257778603636, 25.639805607343334 ], [ 135.012147948769694, 25.636179360989132 ], [ 135.011930375786875, 25.634366994141942 ], [ 135.011048788371255, 25.627114695687027 ], [ 135.010825805067526, 25.625302868433096 ], [ 135.010374295038247, 25.621678784948244 ], [ 135.010145953573584, 25.619868004505236 ], [ 135.008602872525131, 25.608650514210268 ], [ 135.008197858345426, 25.605382314942261 ], [ 135.00797204577421, 25.603571146891341 ], [ 135.007517464560038, 25.599947099379477 ], [ 135.007288879379104, 25.598135695706191 ], [ 135.006368637303495, 25.59088671215261 ], [ 135.00612397584112, 25.589077586461826 ], [ 135.005605188429428, 25.585461758753752 ], [ 135.005344576591625, 25.583654927233511 ], [ 135.00353268728432, 25.571158386051053 ], [ 135.003234248162727, 25.569194925006286 ], [ 135.002948646862961, 25.567393549672943 ], [ 135.002598395100705, 25.563744398485483 ], [ 135.002337633975031, 25.561936720703443 ], [ 135.001283249922523, 25.554703406937278 ], [ 135.001017103657233, 25.552896375767602 ], [ 135.00047926410744, 25.549281994169036 ], [ 135.000207792056386, 25.547476115030918 ], [ 134.998012606297522, 25.533018293659694 ], [ 134.997735794072383, 25.531213082718068 ], [ 134.997176473316273, 25.527601387394554 ], [ 134.996894192313704, 25.525796374303468 ], [ 134.995753705369708, 25.51857382542201 ], [ 134.995466051817715, 25.516769511104485 ], [ 134.994885196795309, 25.513160617169149 ], [ 134.994592234544854, 25.511357506144236 ], [ 134.992225031860045, 25.496922066200909 ], [ 134.991926744724623, 25.495119676432296 ], [ 134.991324464253438, 25.491513680112604 ], [ 134.991020714635084, 25.489711541254906 ], [ 134.989794336140591, 25.482500605319075 ], [ 134.989485227461756, 25.480699218294632 ], [ 134.988861463985955, 25.477096235603057 ], [ 134.988547064595792, 25.475296104931687 ], [ 134.986008273963222, 25.460884737141185 ], [ 134.985688565875222, 25.459085379886716 ], [ 134.985043433608467, 25.455485504352964 ], [ 134.984718270233174, 25.453686452868112 ], [ 134.983406219622253, 25.446487973441435 ], [ 134.98307571067599, 25.444689725051063 ], [ 134.982409149363463, 25.441093074486133 ], [ 134.98207336949136, 25.439296135508698 ], [ 134.979363437872877, 25.42491052789876 ], [ 134.979022366390012, 25.423114413599677 ], [ 134.978334495640667, 25.419521080633757 ], [ 134.977987975165235, 25.417725325163929 ], [ 134.976590479967541, 25.410540144912261 ], [ 134.97623862921003, 25.408745246496494 ], [ 134.975529385174099, 25.405155348940639 ], [ 134.975191503585421, 25.403457683425813 ], [ 134.972291678319124, 25.389003645502271 ], [ 134.971938978601685, 25.387258507474598 ], [ 134.971228369394026, 25.383768347431669 ], [ 134.970857432325687, 25.381960298229671 ], [ 134.969374646323246, 25.374786960250503 ], [ 134.968998247671976, 25.372979587338364 ], [ 134.968240059831288, 25.369365990848223 ], [ 134.967858458601569, 25.367560640511726 ], [ 134.964747568746162, 25.35294966369645 ], [ 134.964466148394337, 25.351632406011021 ], [ 134.963995019654845, 25.349434945866506 ], [ 134.963711449923863, 25.348116964226961 ], [ 134.962904662721229, 25.344379872833372 ], [ 134.962526779288595, 25.342641770202022 ], [ 134.961765879093122, 25.339165997513163 ], [ 134.961383018811858, 25.337429038819323 ], [ 134.959841059217894, 25.330480702223099 ], [ 134.959453250867483, 25.328744895561044 ], [ 134.958672404608905, 25.325273274142688 ], [ 134.95827963110051, 25.323538633901308 ], [ 134.955915699250596, 25.313167004554032 ], [ 134.95561911902783, 25.311872083330627 ], [ 134.95502283973272, 25.309281366742084 ], [ 134.954723382578806, 25.307986627181521 ], [ 134.953519339646419, 25.30280593684472 ], [ 134.953217125170937, 25.301511837601652 ], [ 134.952609738349025, 25.29892347993507 ], [ 134.952304863679075, 25.297630485059358 ], [ 134.949118739238799, 25.284180986263806 ], [ 134.948919416198947, 25.283342095961331 ], [ 134.948519161231474, 25.281662722656904 ], [ 134.948318499100111, 25.28082337999524 ], [ 134.947512856733425, 25.277463743057524 ], [ 134.947310969726146, 25.276624405792035 ], [ 134.946905909680623, 25.274945510027862 ], [ 134.946702902117778, 25.274106635912887 ], [ 134.945072446537012, 25.267389312666978 ], [ 134.944868230284925, 25.266550461934798 ], [ 134.944458398436637, 25.264872086877745 ], [ 134.944252951014022, 25.264033246038025 ], [ 134.943428372521595, 25.260676540890131 ], [ 134.943221707416825, 25.259837745016313 ], [ 134.94280708847694, 25.258159940129644 ], [ 134.942599207487802, 25.257321226094177 ], [ 134.942346789374113, 25.256305845638735 ], [ 134.942151179633612, 25.255521165569718 ], [ 134.941758897156348, 25.253951881874286 ], [ 134.941562293665896, 25.253167559735402 ], [ 134.940773588230883, 25.250029711802085 ], [ 134.940576007177498, 25.249245781767769 ], [ 134.94017971012633, 25.247677710358516 ], [ 134.939981155106608, 25.246894208401443 ], [ 134.938387346899418, 25.240621828335151 ], [ 134.938187831404235, 25.239838735569606 ], [ 134.937787556651102, 25.238271917815126 ], [ 134.937586961069798, 25.237488829546237 ], [ 134.936782097516044, 25.234355216520441 ], [ 134.936580535163813, 25.233572559026783 ], [ 134.936176275515123, 25.232007038994084 ], [ 134.935973853411696, 25.231225238554316 ], [ 134.93272105593249, 25.218694408920214 ], [ 134.932312818582346, 25.217129957281912 ], [ 134.931491800506507, 25.214000246414571 ], [ 134.931079352530475, 25.212436262423893 ], [ 134.929420515245425, 25.206178742755242 ], [ 134.929003992441181, 25.204615657187247 ], [ 134.928166623791554, 25.201489546305964 ], [ 134.927746121486763, 25.199927795331746 ], [ 134.924362847668334, 25.187425726016841 ], [ 134.923938322695818, 25.185864882458787 ], [ 134.923084724880624, 25.182742430019516 ], [ 134.922655997377348, 25.181182090980997 ], [ 134.920932030290231, 25.174939232959531 ], [ 134.920499239648763, 25.173379828316797 ], [ 134.919629339823047, 25.170261117956414 ], [ 134.919192586769356, 25.168703081182684 ], [ 134.915679240405751, 25.156230904433187 ], [ 134.91523847997226, 25.154673811947305 ], [ 134.914352402242486, 25.151558899424003 ], [ 134.913907445572846, 25.150002347430586 ], [ 134.912118553728675, 25.143774715831 ], [ 134.911669548311835, 25.14221913330698 ], [ 134.910767219832252, 25.139108104955511 ], [ 134.910314266390657, 25.13755392537368 ], [ 134.906671263868162, 25.125112768040168 ], [ 134.906214318336794, 25.123559566920818 ], [ 134.905295866811031, 25.120452476700848 ], [ 134.904834733136937, 25.118899852946413 ], [ 134.90298112607897, 25.112688011642945 ], [ 134.902515957146619, 25.111136391531772 ], [ 134.901581306132954, 25.108033325777569 ], [ 134.90111220626423, 25.106483142783247 ], [ 134.897339972063236, 25.094074131716098 ], [ 134.896866894491978, 25.092524962257613 ], [ 134.895916175291546, 25.089425974929441 ], [ 134.89543891947099, 25.087877418808148 ], [ 134.893520813035622, 25.081681928978355 ], [ 134.893039533648249, 25.080134411574363 ], [ 134.892072668019892, 25.077039589905553 ], [ 134.891587476581577, 25.075493544691739 ], [ 134.887686445973799, 25.063117799547172 ], [ 134.887197292121783, 25.061572801144166 ], [ 134.886214414963462, 25.058482197295945 ], [ 134.885721090955855, 25.056937849102894 ], [ 134.883738705477327, 25.050759270124672 ], [ 134.883241372291678, 25.049215995722079 ], [ 134.882242403564561, 25.046129696928404 ], [ 134.881741175415442, 25.044587927990733 ], [ 134.87771179536432, 25.032246566626213 ], [ 134.87720662098971, 25.030705880472283 ], [ 134.87619169738926, 25.027623937994974 ], [ 134.875682360952766, 25.026083938023874 ], [ 134.873635923060107, 25.019922826577783 ], [ 134.873122592733949, 25.018383934571318 ], [ 134.872091633322867, 25.015306437442547 ], [ 134.871574426019748, 25.013769085075637 ], [ 134.867417153379932, 25.001463220851377 ], [ 134.866896015139361, 24.999926984543094 ], [ 134.86584916111056, 24.996853982225929 ], [ 134.865323870700905, 24.995318468073123 ], [ 134.863213610620534, 24.989175380839555 ], [ 134.862684340710331, 24.987641009725138 ], [ 134.861621507526735, 24.984572591252572 ], [ 134.861088379526137, 24.983039793951775 ], [ 134.856803681945593, 24.97077053663125 ], [ 134.856266638295864, 24.969238888664222 ], [ 134.855187970748744, 24.966175103498557 ], [ 134.854646785721656, 24.964644213660108 ], [ 134.852472939075398, 24.958519704621068 ], [ 134.851927788936592, 24.956989992894364 ], [ 134.850833201591882, 24.953930930968113 ], [ 134.850284211347713, 24.952402825430624 ], [ 134.845872567265843, 24.940171280280651 ], [ 134.845319678461152, 24.938644360049494 ], [ 134.844209317007625, 24.935590067228162 ], [ 134.843652296717011, 24.934063940199167 ], [ 134.841415106322557, 24.927958560639468 ], [ 134.840854136210254, 24.926433645896282 ], [ 134.839727914312647, 24.923384214809971 ], [ 134.839163123879899, 24.921860939531257 ], [ 134.83462502072851, 24.909668208221774 ], [ 134.834056347922598, 24.908146151524107 ], [ 134.832914416667705, 24.905101628038267 ], [ 134.832341622268501, 24.903580400515381 ], [ 134.830041334540653, 24.897494699920884 ], [ 134.829464605607683, 24.895974718858554 ], [ 134.828587494118466, 24.893671936411238 ], [ 134.828949268894661, 24.890823467829165 ], [ 134.829176502394404, 24.889012534501262 ], [ 134.829625786601042, 24.885388140750536 ], [ 134.82984765384677, 24.883576155215678 ], [ 134.830724710478279, 24.876323209249279 ], [ 134.830941135925428, 24.874510675127993 ], [ 134.83136867182705, 24.870884091527984 ], [ 134.831579610511341, 24.869071516937311 ], [ 134.833246824981558, 24.854555313377404 ], [ 134.833452302982124, 24.852742216280575 ], [ 134.833858049210477, 24.849113545354186 ], [ 134.834058151962978, 24.847299449110636 ], [ 134.834848101159793, 24.840038162831178 ], [ 134.835042761215078, 24.838223572860102 ], [ 134.835426751044594, 24.834592928820996 ], [ 134.835615927033956, 24.832778352339574 ], [ 134.83710888526744, 24.818246335100696 ], [ 134.837292602372173, 24.816431290072359 ], [ 134.837654800729268, 24.812798776342902 ], [ 134.837833134491945, 24.810982786126942 ], [ 134.838535958268636, 24.803714028280297 ], [ 134.83870884843563, 24.801897598295909 ], [ 134.839049284997401, 24.798263327291238 ], [ 134.839216694695239, 24.796446965655377 ], [ 134.840535372410528, 24.78190087132856 ], [ 134.840697325921752, 24.780084095105309 ], [ 134.84101597191065, 24.776448172045889 ], [ 134.841172533086393, 24.774630504594398 ], [ 134.841788226046475, 24.767355143026009 ], [ 134.841939344525628, 24.76553708976536 ], [ 134.842236225122093, 24.761899626167207 ], [ 134.842381868529202, 24.760081697013135 ], [ 134.843526261228391, 24.745523262189067 ], [ 134.843666450247184, 24.743704972407045 ], [ 134.843941543867601, 24.740066072591617 ], [ 134.844076335155506, 24.738246945540482 ], [ 134.844604898198355, 24.730965848095707 ], [ 134.844734245889669, 24.729146389194824 ], [ 134.844987574118278, 24.725506167376182 ], [ 134.845111452132443, 24.723686885641769 ], [ 134.846081576903799, 24.709117846012305 ], [ 134.846200004127382, 24.707298259407338 ], [ 134.846431550776714, 24.703656819007563 ], [ 134.846544574873093, 24.701836448193916 ], [ 134.84698602238737, 24.694550482718881 ], [ 134.847093603787158, 24.692729834914275 ], [ 134.847303386842356, 24.68908728834802 ], [ 134.847405503961824, 24.687266872568301 ], [ 134.84820139767757, 24.672688963825038 ], [ 134.84829806850135, 24.670868297134575 ], [ 134.848486078970069, 24.667224748723498 ], [ 134.848577340372486, 24.665403350884361 ], [ 134.848931696640904, 24.658113386124342 ], [ 134.849017518044576, 24.656291766152492 ], [ 134.849183768516724, 24.652647328311929 ], [ 134.849264132834691, 24.650825994324748 ], [ 134.849885853050438, 24.636240953957213 ], [ 134.849960775569826, 24.634419423018329 ], [ 134.850105264247389, 24.630774200069595 ], [ 134.850174771948929, 24.62895199284057 ], [ 134.85044207024626, 24.621658895741888 ], [ 134.850506139746841, 24.619836520339476 ], [ 134.850628877421087, 24.616190625597284 ], [ 134.850687497031146, 24.614368590138611 ], [ 134.851135122887882, 24.599778152040358 ], [ 134.851188306096304, 24.597955973589734 ], [ 134.85128929546525, 24.594309511375258 ], [ 134.851337059358713, 24.592486710593647 ], [ 134.851517343751738, 24.585191349002116 ], [ 134.851559673040953, 24.58336843400636 ], [ 134.851638921300122, 24.579721514936324 ], [ 134.851675808791839, 24.577898995642727 ], [ 134.851949437417289, 24.56330489370626 ], [ 134.851980893903857, 24.561482285379611 ], [ 134.852038409145763, 24.557835014674424 ], [ 134.85206444361998, 24.556011837976371 ], [ 134.852157768966805, 24.548715077938937 ], [ 134.852178372434452, 24.546891840986234 ], [ 134.852214158257112, 24.543244331061459 ], [ 134.852229328021991, 24.541421543769786 ], [ 134.852329079024145, 24.526825510989056 ], [ 134.852338824077975, 24.52500268862363 ], [ 134.852352896669601, 24.521355043800639 ], [ 134.852357217012269, 24.519531707023077 ], [ 134.85236364716539, 24.512234414586828 ], [ 134.852362540100017, 24.510411071514028 ], [ 134.852354898560435, 24.506763404208044 ], [ 134.852348366784526, 24.504940564755685 ], [ 134.852273190655552, 24.490125174737415 ], [ 134.852262431167134, 24.488521512658025 ], [ 134.852233097080244, 24.484873927190392 ], [ 134.852215679910756, 24.483046952655172 ], [ 134.852133413527014, 24.475583705623961 ], [ 134.852109537426458, 24.473684573984372 ], [ 134.852060367892051, 24.470202626550417 ], [ 134.85203326052735, 24.468458709802007 ], [ 134.851779486234733, 24.453505120065756 ], [ 134.851753103723269, 24.452020235046177 ], [ 134.851711573931055, 24.449783318945492 ], [ 134.851685899185696, 24.44845283672953 ], [ 134.851606248030777, 24.444470307758934 ], [ 134.851567019602982, 24.442646446676491 ], [ 134.851483127245302, 24.438998318018321 ], [ 134.851438480402095, 24.437174800477067 ], [ 134.851248994146346, 24.429878497295164 ], [ 134.851198936981888, 24.428055335885517 ], [ 134.851093372761767, 24.424408151515536 ], [ 134.851037903477589, 24.422585359727009 ], [ 134.850692237357322, 24.411754799145115 ], [ 134.850647585118878, 24.41040235368601 ], [ 134.850555247227504, 24.407696077812318 ], [ 134.850507599346571, 24.40634334996605 ], [ 134.850310940098126, 24.40092968845488 ], [ 134.850260316361101, 24.399577177345265 ], [ 134.850156059754823, 24.396871516607689 ], [ 134.850102479046683, 24.395519724056356 ], [ 134.849508309561344, 24.380933271753293 ], [ 134.849431411231677, 24.379111753405141 ], [ 134.849272121512143, 24.375466934251875 ], [ 134.849189793074999, 24.373645118227984 ], [ 134.848849487813965, 24.366354343178699 ], [ 134.848761756250525, 24.364532737596051 ], [ 134.848580836037314, 24.36088875930912 ], [ 134.8484877229304, 24.359067872284839 ], [ 134.847720569749328, 24.344488131622256 ], [ 134.847622073300641, 24.342667478421617 ], [ 134.847419570257244, 24.339024444422876 ], [ 134.847315643702501, 24.337203548405427 ], [ 134.846888916290965, 24.329916559501953 ], [ 134.846779594703008, 24.328095926086547 ], [ 134.846555488145697, 24.324453948791074 ], [ 134.846440796705707, 24.322634087893078 ], [ 134.845500899048233, 24.308062781972126 ], [ 134.845380835058364, 24.306243208857353 ], [ 134.845135178945753, 24.30260239078811 ], [ 134.845009685749034, 24.30078262881571 ], [ 134.844496659393855, 24.293500286709303 ], [ 134.844365778358878, 24.291680841298074 ], [ 134.844098549309678, 24.288041294870283 ], [ 134.843962311911952, 24.286222675036811 ], [ 134.84284992788244, 24.271661524260367 ], [ 134.842708328727014, 24.269843246169074 ], [ 134.842419586095872, 24.266205073006176 ], [ 134.842272558632573, 24.264386659117378 ], [ 134.841673368232563, 24.257109823559972 ], [ 134.841520961923294, 24.255291781091046 ], [ 134.841210677831356, 24.251655094507612 ], [ 134.841052928650896, 24.249837930676364 ], [ 134.839768335241473, 24.235288651850027 ], [ 134.839605235993218, 24.233471883720853 ], [ 134.839273476990371, 24.229836784440522 ], [ 134.83910495123294, 24.228019934472712 ], [ 134.838419739780392, 24.220749463417292 ], [ 134.838245844170643, 24.218933037929759 ], [ 134.837892579679561, 24.215299639267272 ], [ 134.837713354688418, 24.21348414547731 ], [ 134.836256849574426, 24.198948454507956 ], [ 134.836072287107214, 24.197133408580271 ], [ 134.835697587274836, 24.193501812159155 ], [ 134.835507601894875, 24.191686739252077 ], [ 134.834736522272948, 24.184423489752447 ], [ 134.83454117693455, 24.182608894385339 ], [ 134.834145008486104, 24.178979212620931 ], [ 134.833944348153665, 24.177165602910804 ], [ 134.83231624699809, 24.162645211207916 ], [ 134.832110261779604, 24.160832102419903 ], [ 134.831692701158232, 24.157204436036267 ], [ 134.831481295725695, 24.155391354228016 ], [ 134.830624511612797, 24.148136179741414 ], [ 134.830407756113829, 24.146323629432459 ], [ 134.829968766446285, 24.14269809174391 ], [ 134.829746712141997, 24.140886579252594 ], [ 134.827947352189227, 24.126383194629113 ], [ 134.827719984689821, 24.124572237019379 ], [ 134.827259649613808, 24.120948926052364 ], [ 134.82702686639746, 24.119138049381718 ], [ 134.826084550461957, 24.111891804263735 ], [ 134.825846428870619, 24.110081512152391 ], [ 134.825364706117199, 24.106460543020034 ], [ 134.825121301906989, 24.104651341786422 ], [ 134.823151035692632, 24.090166669356677 ], [ 134.822902332677387, 24.08835807516536 ], [ 134.822399311279611, 24.084739547692607 ], [ 134.822145197044364, 24.082931087499901 ], [ 134.821117530950261, 24.075694623408481 ], [ 134.820858089130326, 24.073886801734943 ], [ 134.820333725021925, 24.070270828336561 ], [ 134.820069016772749, 24.068464149701072 ], [ 134.817928219312734, 24.053999891881858 ], [ 134.81765822754565, 24.052193873348898 ], [ 134.817112614256445, 24.048580552950625 ], [ 134.816837215765219, 24.046774723275149 ], [ 134.815724391068471, 24.03954888917022 ], [ 134.815443677584454, 24.037743749275052 ], [ 134.814876769247832, 24.034133196989814 ], [ 134.81459080642108, 24.032329253192984 ], [ 134.81227986982114, 24.017887107004981 ], [ 134.811988637866222, 24.016083876370203 ], [ 134.811400533408374, 24.012476187526545 ], [ 134.81110390012546, 24.010673199708663 ], [ 134.809906117374254, 24.003458843651032 ], [ 134.80960418348721, 24.001656598673435 ], [ 134.808994831647198, 23.998051890182978 ], [ 134.80868766550438, 23.996250893464548 ], [ 134.806207001652439, 23.9818325523309 ], [ 134.805894580770911, 23.980032320935379 ], [ 134.805264088567725, 23.976430687226781 ], [ 134.804946273552474, 23.974630751708105 ], [ 134.803663744087004, 23.967428719959884 ], [ 134.803340641058668, 23.96562958124062 ], [ 134.802688953632952, 23.96203113832695 ], [ 134.802360636335351, 23.960233299127736 ], [ 134.79971067600755, 23.945840454673515 ], [ 134.799377120158653, 23.944043432958438 ], [ 134.798704349027588, 23.940448275268238 ], [ 134.798365406238901, 23.938651604288339 ], [ 134.796998349494999, 23.93146274041348 ], [ 134.796654133082399, 23.929666918393849 ], [ 134.795960220688613, 23.926075162838828 ], [ 134.795610808892235, 23.924280692500474 ], [ 134.792791999951845, 23.909915028256336 ], [ 134.792640573904322, 23.909145783251574 ], [ 134.792437365793006, 23.908121427562236 ], [ 134.791722429047724, 23.904533167671957 ], [ 134.791362416043427, 23.902739969874233 ], [ 134.789882955734498, 23.895426331360568 ], [ 134.789742106613772, 23.894731456691829 ], [ 134.789375686838895, 23.89293769591842 ], [ 134.788751942248979, 23.889906900583441 ], [ 134.788438387322145, 23.888392817275104 ], [ 134.785413473553518, 23.873875201779583 ], [ 134.785307565792465, 23.873367908602518 ], [ 134.785094914799487, 23.872351426477366 ], [ 134.784988400894491, 23.87184333919916 ], [ 134.784586855399681, 23.869932207905407 ], [ 134.784315713400161, 23.868645944455011 ], [ 134.783475966943257, 23.864675607593398 ], [ 134.783111008566863, 23.862962085232425 ], [ 134.782376153636875, 23.859535410131429 ], [ 134.782006412666675, 23.857822975949944 ], [ 134.780517329612138, 23.85097266545651 ], [ 134.780142831227835, 23.849261327548675 ], [ 134.779388809047219, 23.845838622055084 ], [ 134.779009537061398, 23.844128393910552 ], [ 134.776791174873239, 23.834190476110052 ], [ 134.776512900350696, 23.832949695872202 ], [ 134.775953512145435, 23.830467272047485 ], [ 134.775672625991803, 23.829226639298412 ], [ 134.774543418344507, 23.824262398691303 ], [ 134.774260032075659, 23.823022360394191 ], [ 134.773690569665092, 23.820542103036018 ], [ 134.773404775010846, 23.819303107053059 ], [ 134.770380395439616, 23.806250840604235 ], [ 134.770000540693303, 23.804621258264774 ], [ 134.769236036913895, 23.801361194264075 ], [ 134.768851698147756, 23.799732040901461 ], [ 134.767304791383737, 23.793213665678763 ], [ 134.766916094502477, 23.791585390054109 ], [ 134.766134113299046, 23.78832884779851 ], [ 134.76574114823589, 23.786701906767917 ], [ 134.762577242446611, 23.77367777470991 ], [ 134.762179969631092, 23.772051725806932 ], [ 134.761380624316786, 23.76879877184615 ], [ 134.760978874676397, 23.767173192389322 ], [ 134.759362315419452, 23.76066920002404 ], [ 134.758956221153227, 23.759044538774759 ], [ 134.758139447877994, 23.755795265739238 ], [ 134.757729101617741, 23.754171977754851 ], [ 134.754426078801231, 23.741177250829764 ], [ 134.754011440976143, 23.739554892744479 ], [ 134.753177355750751, 23.73630936628453 ], [ 134.752758248295351, 23.734687519913564 ], [ 134.751072244289077, 23.728198544427727 ], [ 134.750648804799113, 23.726577655834603 ], [ 134.749797343772713, 23.7233359685805 ], [ 134.749369670275399, 23.72171649012455 ], [ 134.745927954013013, 23.708752434577519 ], [ 134.745496002439296, 23.707133927389151 ], [ 134.7446272861213, 23.703896144092312 ], [ 134.744190873011263, 23.70227818728884 ], [ 134.742435639194156, 23.695804861805186 ], [ 134.741994908439125, 23.694187903249514 ], [ 134.741108867580607, 23.690954117439105 ], [ 134.740663920804394, 23.689338607690985 ], [ 134.737083946368017, 23.676406485271485 ], [ 134.736634735905426, 23.674791985462093 ], [ 134.735731496412626, 23.671562260989958 ], [ 134.735277834305094, 23.669948352035107 ], [ 134.733453590111964, 23.663491306978614 ], [ 134.732995623849803, 23.661878434942423 ], [ 134.732075115574872, 23.658652866237048 ], [ 134.731612949478546, 23.657041481679329 ], [ 134.727895164730938, 23.644142551437909 ], [ 134.727428752036161, 23.642532215489751 ], [ 134.726491103582163, 23.639310863705873 ], [ 134.726020247337686, 23.637701160880255 ], [ 134.72412722119455, 23.631261022178819 ], [ 134.723652075183651, 23.629652394942696 ], [ 134.722697212806935, 23.626435356306928 ], [ 134.722217886747018, 23.624828254320875 ], [ 134.718362751240903, 23.611963769912563 ], [ 134.718121750019264, 23.611161410970965 ], [ 134.717638150381248, 23.609555223595066 ], [ 134.717395877518044, 23.60875248603881 ], [ 134.716423860572974, 23.605539472768783 ], [ 134.716180453665544, 23.60473679276916 ], [ 134.715692431161727, 23.603131276287627 ], [ 134.715448015214321, 23.602329093613207 ], [ 134.713486345619032, 23.595905783924962 ], [ 134.71324082170716, 23.595103706471264 ], [ 134.712748432994687, 23.593498959809494 ], [ 134.712501767843463, 23.592696944408743 ], [ 134.711512436250274, 23.589487707392152 ], [ 134.711264664933395, 23.588685849372723 ], [ 134.710767913608862, 23.587081982247923 ], [ 134.710519058608526, 23.586280376938134 ], [ 134.709662681887522, 23.583528239237125 ], [ 134.709365698768266, 23.582576455239547 ], [ 134.708770102059162, 23.580672916921998 ], [ 134.708471627864213, 23.579721607766373 ], [ 134.707274281283929, 23.575915780289563 ], [ 134.706974354683751, 23.574965040404777 ], [ 134.706372826945113, 23.573063452716582 ], [ 134.7060714704227, 23.572113379229307 ], [ 134.703652612478351, 23.564507885530844 ], [ 134.703349840423726, 23.563558428079347 ], [ 134.702742458098584, 23.561658893543552 ], [ 134.702438094243035, 23.560709589875955 ], [ 134.701216977681753, 23.556911140437251 ], [ 134.700911197394618, 23.555962506764644 ], [ 134.700297963181157, 23.554065138695591 ], [ 134.699990926540778, 23.553117693027531 ], [ 134.695057446345032, 23.537932937955162 ], [ 134.694438374632028, 23.536037431482669 ], [ 134.693193533955281, 23.532246045319084 ], [ 134.692568270409794, 23.530351710663354 ], [ 134.690053897270587, 23.522773688555503 ], [ 134.689422652334002, 23.520881051819458 ], [ 134.688075494888409, 23.516864105794298 ], [ 134.689075666909076, 23.517151966190795 ], [ 134.690898975807869, 23.517858047311478 ], [ 134.698200500453396, 23.520674516216332 ], [ 134.700025984812015, 23.521375910070446 ], [ 134.703680067882004, 23.522774425099925 ], [ 134.705507178214901, 23.523470978802806 ], [ 134.720146581700618, 23.529029461740663 ], [ 134.721975912459271, 23.52972123464761 ], [ 134.725638656899406, 23.531100870209315 ], [ 134.727470578605022, 23.531788168989152 ], [ 134.734806459151429, 23.534529423094824 ], [ 134.736640498760408, 23.53521201212493 ], [ 134.740311641069667, 23.536572886929406 ], [ 134.742147248197654, 23.537250618721515 ], [ 134.756854451572536, 23.54265830423779 ], [ 134.758692219770779, 23.543331233649724 ], [ 134.762371791425977, 23.544673139953829 ], [ 134.764212096611374, 23.545341569158722 ], [ 134.771581412152983, 23.548007259527679 ], [ 134.773423776786814, 23.548670957399281 ], [ 134.777111517883128, 23.549994017510357 ], [ 134.778955390679272, 23.550652842854674 ], [ 134.793728546735707, 23.555909040270308 ], [ 134.79477812301306, 23.556281544857825 ], [ 134.796879924969716, 23.557025744642829 ], [ 134.79793086192015, 23.557396982085493 ], [ 134.802139059570578, 23.558879966837281 ], [ 134.803190865266544, 23.559249742881832 ], [ 134.805295685348057, 23.559987972067603 ], [ 134.806347843579175, 23.560356123936515 ], [ 134.814776607255538, 23.563298155286077 ], [ 134.816094320896838, 23.563756700711423 ], [ 134.818731884070218, 23.564671798664932 ], [ 134.820050801903477, 23.565128028336034 ], [ 134.825331048989625, 23.566949002594811 ], [ 134.82718578919301, 23.567585930346667 ], [ 134.830897915407064, 23.568855302730412 ], [ 134.832754829272318, 23.56948758548404 ], [ 134.834903661275774, 23.570216164944441 ], [ 134.835442566522062, 23.570398657172802 ], [ 134.836504626288416, 23.570757860787126 ], [ 134.837035330616715, 23.570937133442158 ], [ 134.843465630734869, 23.573106499665528 ], [ 134.844244155843427, 23.573368634954818 ], [ 134.845846066942755, 23.573907041077518 ], [ 134.84664698067391, 23.574175731525202 ], [ 134.849853092546965, 23.575249302613571 ], [ 134.850654076424945, 23.575517010102288 ], [ 134.852256830188963, 23.576051693031673 ], [ 134.853057370701691, 23.576318258381207 ], [ 134.867956850928437, 23.581269492093838 ], [ 134.869818541093224, 23.581885386501938 ], [ 134.873545811890295, 23.583113099590378 ], [ 134.875409874466783, 23.583724417348208 ], [ 134.882873917398143, 23.586161419114632 ], [ 134.88473986495373, 23.586767944385542 ], [ 134.888474609117083, 23.587976570262953 ], [ 134.890341885869844, 23.588578179839516 ], [ 134.905466655262586, 23.593355421715728 ], [ 134.907190591772661, 23.593912078679978 ], [ 134.91092909150521, 23.595112912831041 ], [ 134.912798344968877, 23.59571199441325 ], [ 134.920281458922688, 23.598104880836217 ], [ 134.922153957140409, 23.598694345967573 ], [ 134.925907114022408, 23.599852438939422 ], [ 134.927783191541522, 23.600430001543828 ], [ 134.933466017443635, 23.602175345516116 ], [ 134.942794123850405, 23.605097887657735 ], [ 134.944670592574454, 23.605675361229544 ], [ 134.948427317966917, 23.606826156202374 ], [ 134.950306045787698, 23.607399006359458 ], [ 134.957828546451509, 23.609681978540891 ], [ 134.959709040540389, 23.610249998439116 ], [ 134.963472771651965, 23.611381556014408 ], [ 134.965354475329633, 23.611944633238807 ], [ 134.980429342241024, 23.616433735029261 ], [ 134.982312844563324, 23.616991887566087 ], [ 134.986083587688341, 23.618104 ], [ 134.987969292449662, 23.618657504840399 ], [ 134.995519599250684, 23.620863021111887 ], [ 134.997407011825004, 23.621411678606535 ], [ 135.001184524146794, 23.622504482596412 ], [ 135.00307308515508, 23.623048185725594 ], [ 135.018202618256538, 23.627382071725719 ], [ 135.020092916754976, 23.627920830382408 ], [ 135.023877200972521, 23.628994118184437 ], [ 135.025769645254258, 23.629528208460442 ], [ 135.033346804012723, 23.631655986435135 ], [ 135.035240895851558, 23.632185210479292 ], [ 135.039031711845126, 23.633239122387948 ], [ 135.040926891863279, 23.633763381275458 ], [ 135.056109178296566, 23.637941498401688 ], [ 135.058006033752037, 23.63846079572977 ], [ 135.061803380622138, 23.639495122202334 ], [ 135.063702324303648, 23.640009728666428 ], [ 135.071305377242169, 23.642059496748629 ], [ 135.073205909125846, 23.642569220793121 ], [ 135.077009549452299, 23.643584105722283 ], [ 135.078911108361382, 23.644088852918685 ], [ 135.094144227174667, 23.64811066787334 ], [ 135.097186057191067, 23.648906966283676 ], [ 135.103275628468083, 23.650487722630828 ], [ 135.106321509030778, 23.651271695832378 ], [ 135.118518004003505, 23.654383907691454 ], [ 135.121567426995995, 23.655155290384641 ], [ 135.12767165092626, 23.656686062412177 ], [ 135.130723965239753, 23.657444831214434 ], [ 135.155178771883271, 23.663469040664125 ], [ 135.158055980999649, 23.664171717850792 ], [ 135.163816914819591, 23.665566857724912 ], [ 135.166883102074365, 23.666303033758368 ], [ 135.169906637182322, 23.667036934507252 ], [ 135.173639397440553, 23.667935590155821 ], [ 135.174597444317413, 23.66816558007767 ], [ 135.176514393325107, 23.668624461849731 ], [ 135.177472782843978, 23.668853230492687 ], [ 135.181308591918338, 23.669766207844816 ], [ 135.18226720087128, 23.669993712940027 ], [ 135.184185285722748, 23.670447625957422 ], [ 135.185143980110894, 23.670673849519062 ], [ 135.192821710054346, 23.672480199002393 ], [ 135.193780640964945, 23.672705137432587 ], [ 135.195699885941934, 23.6731540394278 ], [ 135.196659419397548, 23.673377818631678 ], [ 135.200500325829836, 23.674270953342329 ], [ 135.201460086814478, 23.674493472595913 ], [ 135.203380466735695, 23.674937409434136 ], [ 135.204340067640743, 23.675158592295503 ], [ 135.215523008680776, 23.677728274640458 ], [ 135.216455044465675, 23.677941800674034 ], [ 135.218320948853403, 23.678368048746961 ], [ 135.21925380482017, 23.678580538761253 ], [ 135.222988398795934, 23.67942874604023 ], [ 135.223921700826537, 23.679640101110209 ], [ 135.22578912237131, 23.680061771633973 ], [ 135.226722481957864, 23.680271916216327 ], [ 135.234198243954467, 23.681950028671281 ], [ 135.235132466890178, 23.682159105758473 ], [ 135.237002234765811, 23.682576333631346 ], [ 135.237937018878512, 23.682784312646163 ], [ 135.241678810129571, 23.68361434552591 ], [ 135.242614906353225, 23.683821378454411 ], [ 135.244487912687788, 23.684234396600573 ], [ 135.245426169083117, 23.684440676796441 ], [ 135.246811509044534, 23.6847443418784 ], [ 135.254681300902547, 23.686484719794322 ], [ 135.25679977718849, 23.68695004341032 ], [ 135.261035877204819, 23.687874232610056 ], [ 135.263154125962757, 23.688333240287079 ], [ 135.271630316286434, 23.690157320804104 ], [ 135.273748999417677, 23.690610106071887 ], [ 135.277989022276444, 23.691509995590167 ], [ 135.280108634406616, 23.691956734715859 ], [ 135.297083297557009, 23.69550866289481 ], [ 135.299203978981069, 23.695949202094425 ], [ 135.303449111787501, 23.696824827004434 ], [ 135.305571832874676, 23.697259554784949 ], [ 135.314070240050256, 23.698987413238768 ], [ 135.316194500776334, 23.699416161427024 ], [ 135.320445599685314, 23.700267950705779 ], [ 135.322570840672512, 23.700690672537007 ], [ 135.337619133516597, 23.703661278945333 ], [ 135.339498995382684, 23.704029870582531 ], [ 135.343261846058539, 23.704762805459609 ], [ 135.345143302422031, 23.705126850124401 ], [ 135.352675371871243, 23.706574417775414 ], [ 135.354557918214056, 23.706933766180668 ], [ 135.358325090131672, 23.707648005051738 ], [ 135.360208180563433, 23.708002605036654 ], [ 135.375291378794742, 23.710822885268328 ], [ 135.377175569997888, 23.711172698161903 ], [ 135.380947029882549, 23.711868044974665 ], [ 135.382832761623519, 23.712213293808986 ], [ 135.390381829158429, 23.713585621479865 ], [ 135.392268595120555, 23.713926165060826 ], [ 135.396044152316875, 23.71460277270009 ], [ 135.397931404811601, 23.714938562465136 ], [ 135.413047699891791, 23.717608175677242 ], [ 135.414059218658309, 23.717786076866304 ], [ 135.416084591731448, 23.718140898084215 ], [ 135.417097142919175, 23.718317589685313 ], [ 135.421151068167916, 23.719022197716612 ], [ 135.422164142761545, 23.719197576307465 ], [ 135.424191118426194, 23.7195470870289 ], [ 135.425204194818576, 23.719721077066652 ], [ 135.433318587883065, 23.721108945022223 ], [ 135.434473939721357, 23.721305629451678 ], [ 135.436786098500107, 23.721697437986904 ], [ 135.437942041193224, 23.721892417301632 ], [ 135.442568879550919, 23.722669201323015 ], [ 135.444018781841947, 23.722911192697779 ], [ 135.446919759139888, 23.723392535037988 ], [ 135.44897701138089, 23.723731037157989 ], [ 135.449838279514069, 23.723871075090528 ], [ 135.452774342063066, 23.724346750802169 ], [ 135.454242167842921, 23.72458310612592 ], [ 135.461291126884618, 23.725711102385873 ], [ 135.463056182197903, 23.725991438154693 ], [ 135.466588015025792, 23.726548197641563 ], [ 135.468255999315858, 23.726809270831467 ], [ 135.471844269098057, 23.727366841506978 ], [ 135.473128174525897, 23.72757901046316 ], [ 135.474554021751516, 23.727813269467333 ], [ 135.475562670781329, 23.727978017172063 ], [ 135.475969077111955, 23.728044255838171 ], [ 135.47903063465705, 23.728542367836496 ], [ 135.479795646553015, 23.728666436507297 ], [ 135.481326233319493, 23.728913876874344 ], [ 135.482091107619027, 23.729037136155171 ], [ 135.489352667292593, 23.730203458823212 ], [ 135.490259470798748, 23.730348536556221 ], [ 135.492074267614413, 23.730637776512481 ], [ 135.492981522579527, 23.73078182092479 ], [ 135.496612924747211, 23.731356142372533 ], [ 135.497520102371794, 23.731499058135228 ], [ 135.499335152795339, 23.731783894111715 ], [ 135.500241717981822, 23.731925610179132 ], [ 135.515876652086632, 23.734359469714377 ], [ 135.517829688190233, 23.73466086220941 ], [ 135.521738793811124, 23.735259001302438 ], [ 135.523693271527947, 23.735555503284246 ], [ 135.531517229436787, 23.736732098008105 ], [ 135.533472620865297, 23.73702357547802 ], [ 135.537385346257878, 23.737601710950486 ], [ 135.539341086622727, 23.73788813333104 ], [ 135.555005266679956, 23.740161144621538 ], [ 135.55696192165604, 23.740442445362987 ], [ 135.560878210161974, 23.741000369471863 ], [ 135.562836248294758, 23.741276764411509 ], [ 135.570674327358603, 23.74237287071179 ], [ 135.57263321625058, 23.742644233045297 ], [ 135.576552877214027, 23.7431821166617 ], [ 135.57851205298951, 23.743448420308738 ], [ 135.594203480706511, 23.745560292873733 ], [ 135.596163506341014, 23.745821464989149 ], [ 135.600086478609029, 23.746339102168406 ], [ 135.602047825347796, 23.746595355891259 ], [ 135.609899027319415, 23.747610832574367 ], [ 135.611861163662951, 23.747862044698081 ], [ 135.615787261073848, 23.748359608109809 ], [ 135.617749621348395, 23.748605758849067 ], [ 135.633466295733712, 23.750556221992497 ], [ 135.635429442915239, 23.750797232207049 ], [ 135.639358597121856, 23.751274516806006 ], [ 135.641323005152941, 23.751510595138171 ], [ 135.649186328187426, 23.752445313600788 ], [ 135.651151461971295, 23.752676343139228 ], [ 135.655083493109686, 23.753133522494409 ], [ 135.657048788771277, 23.753359488849725 ], [ 135.672788705235149, 23.755148292560023 ], [ 135.67475472215304, 23.75536911029667 ], [ 135.678689559176092, 23.755805981161387 ], [ 135.680656775790141, 23.75602185442537 ], [ 135.688531216243433, 23.756875695057687 ], [ 135.690499096556806, 23.757086511433613 ], [ 135.694436560500066, 23.757503249175869 ], [ 135.69640454153685, 23.757709001469493 ], [ 135.712165690994681, 23.759335916419786 ], [ 135.714134326738787, 23.759536513799389 ], [ 135.718074342957408, 23.759932914273179 ], [ 135.720044118142056, 23.760128554589642 ], [ 135.727928671471574, 23.760901407674282 ], [ 135.72989904650413, 23.761091984807564 ], [ 135.733841441430201, 23.76146822607825 ], [ 135.735811855133335, 23.761653738229825 ], [ 135.751592225801033, 23.76311855667646 ], [ 135.75356322946007, 23.76329890851818 ], [ 135.757507922153451, 23.763654788238199 ], [ 135.759480004099288, 23.763830170426445 ], [ 135.767373663064433, 23.764521936138976 ], [ 135.769346281905683, 23.764692249747782 ], [ 135.773293104193868, 23.765027947781959 ], [ 135.775265698753657, 23.765193196409172 ], [ 135.791063276149572, 23.766495730394126 ], [ 135.793036395913958, 23.766655811516785 ], [ 135.796985261460947, 23.766971125517472 ], [ 135.798959397458731, 23.767126227094309 ], [ 135.806861154819245, 23.767736817300687 ], [ 135.808835765658529, 23.767886845801598 ], [ 135.812786510790119, 23.768181956532317 ], [ 135.814761035294538, 23.76832692005155 ], [ 135.830573800441158, 23.769467002300757 ], [ 135.832548784499323, 23.769606793818866 ], [ 135.836501317482686, 23.769881500731287 ], [ 135.83847725662045, 23.770016302810546 ], [ 135.84638610243772, 23.770545639270011 ], [ 135.848362453465455, 23.770675362878052 ], [ 135.852316616019635, 23.770929848533882 ], [ 135.854292817760012, 23.771054508059535 ], [ 135.870118751679371, 23.772031993781837 ], [ 135.872095347323153, 23.772151476809398 ], [ 135.876051043221906, 23.772385542459119 ], [ 135.878028532790978, 23.772500027055059 ], [ 135.885943456226215, 23.772948041419511 ], [ 135.887921294732251, 23.773057443946271 ], [ 135.891878370191108, 23.773271272151902 ], [ 135.893855996458313, 23.773375612395114 ], [ 135.909693075676131, 23.774190374786258 ], [ 135.911671031094073, 23.77428953493461 ], [ 135.915629385388712, 23.774482927845185 ], [ 135.917608171780699, 23.77457708056815 ], [ 135.925528161995913, 23.774943716179962 ], [ 135.927507233472653, 23.775032783236639 ], [ 135.931466717316397, 23.775205927012394 ], [ 135.933445515398859, 23.775289934483339 ], [ 135.949291716440399, 23.775941869222152 ], [ 135.9512707771257, 23.776020693900136 ], [ 135.955231283497966, 23.776173389790472 ], [ 135.957211115801414, 23.776247198049958 ], [ 135.965135159261109, 23.776532408144448 ], [ 135.967115212797268, 23.776601128039829 ], [ 135.971076596907693, 23.776733564902543 ], [ 135.9730563140985, 23.776797228809386 ], [ 135.988909611690161, 23.777286253158422 ], [ 135.990889525831591, 23.777344731574289 ], [ 135.994851677064133, 23.777456711558614 ], [ 135.996832300770762, 23.777510166361594 ], [ 136.004759385737344, 23.777713914066339 ], [ 136.006740166826177, 23.777762277807255 ], [ 136.010702945785198, 23.777853990669456 ], [ 136.012683329373175, 23.77789730201917 ], [ 136.028541696443, 23.778223353925 ], [ 136.030522210432338, 23.778261477985268 ], [ 136.034485502004969, 23.778332727673728 ], [ 136.036466663506559, 23.778365821825588 ], [ 136.044395775545155, 23.778488081060488 ], [ 136.046377032374863, 23.778516083250935 ], [ 136.050340698965016, 23.778567059522487 ], [ 136.05232149534109, 23.77859001471802 ], [ 136.068182903919222, 23.778753050113409 ], [ 136.069476946504579, 23.77876522153818 ], [ 136.072067207136598, 23.778787432994136 ], [ 136.073361997058811, 23.778797458636149 ], [ 136.078544744145148, 23.778833236365017 ], [ 136.079839738214019, 23.778841089245134 ], [ 136.082430443111349, 23.778854642927854 ], [ 136.083725099034751, 23.778860340132951 ], [ 136.094092900867082, 23.778897089129686 ], [ 136.095387752843209, 23.778900569506021 ], [ 136.097978868730394, 23.778905381778486 ], [ 136.099274077737476, 23.778906709177733 ], [ 136.104457719648877, 23.77890766965362 ], [ 136.105753114814803, 23.778906821593068 ], [ 136.108344606618886, 23.778902968897285 ], [ 136.10964001887217, 23.778899965161713 ], [ 136.114665160669261, 23.77888406604734 ], [ 136.115577851137601, 23.778880814997962 ], [ 136.117099965391532, 23.77887479673501 ], [ 136.118012984112426, 23.778870828026697 ], [ 136.120753578115995, 23.778857828326551 ], [ 136.121666691265347, 23.778853134764745 ], [ 136.123188988082035, 23.778844712613591 ], [ 136.124102026588076, 23.77883930229234 ], [ 136.127197095569983, 23.778819760923625 ], [ 136.12814994256658, 23.778813149107918 ], [ 136.130056026864537, 23.778798757257277 ], [ 136.131008805512835, 23.778790979920188 ], [ 136.134821323945658, 23.778757503556363 ], [ 136.135773929923658, 23.77874855080529 ], [ 136.137679647298597, 23.778729474386097 ], [ 136.138631980782208, 23.778719357912564 ], [ 136.146257162438616, 23.778633561689816 ], [ 136.147209271091612, 23.77862225001715 ], [ 136.149114505530434, 23.778598447660613 ], [ 136.150066855201914, 23.778585967768663 ], [ 136.153878281858255, 23.778533665896589 ], [ 136.15483035273931, 23.778520013288386 ], [ 136.156734992726371, 23.778491535356466 ], [ 136.157686266808554, 23.778476730716903 ], [ 136.172935554533382, 23.778229447731178 ], [ 136.174839889649462, 23.778196168318971 ], [ 136.178650523103926, 23.77812491143581 ], [ 136.180555271009467, 23.778086962743544 ], [ 136.188178133314665, 23.777925666636492 ], [ 136.190082760711704, 23.777883011792028 ], [ 136.193892917525062, 23.777793015735654 ], [ 136.195796894712174, 23.777745713194747 ], [ 136.21104232434439, 23.777347744303484 ], [ 136.212946147747317, 23.77729564747645 ], [ 136.216755703813561, 23.777186736878747 ], [ 136.218659885146366, 23.777129967174602 ], [ 136.22628036784559, 23.776893348349631 ], [ 136.228184372011953, 23.77683187339241 ], [ 136.231993227505797, 23.776704229017355 ], [ 136.233896527503049, 23.776638114457825 ], [ 136.249136296803073, 23.77608950732531 ], [ 136.251039383661492, 23.776018598479936 ], [ 136.25484741177948, 23.775872047657259 ], [ 136.256750801708705, 23.775796462337212 ], [ 136.264368003681085, 23.77548454957261 ], [ 136.266271160685875, 23.775404261697702 ], [ 136.270078265200624, 23.775238984291974 ], [ 136.271980662278992, 23.775154064009257 ], [ 136.28721296990355, 23.774454884285888 ], [ 136.289115095385824, 23.77436517331472 ], [ 136.292921145894894, 23.774180997555362 ], [ 136.29482351869072, 23.774086607411306 ], [ 136.302436541514084, 23.77369943668009 ], [ 136.304338624728558, 23.773600345779641 ], [ 136.308143528601789, 23.773397455128674 ], [ 136.310044798828727, 23.773293739015116 ], [ 136.325267844336082, 23.772444069438649 ], [ 136.327168784512111, 23.772335566233636 ], [ 136.33097240685143, 23.772113788920507 ], [ 136.332873538583641, 23.772000603845157 ], [ 136.340481481136209, 23.77153822101252 ], [ 136.342382267528052, 23.771420338778057 ], [ 136.346184520199614, 23.771179859163681 ], [ 136.348084437847348, 23.771057360708937 ], [ 136.363296423492187, 23.770057301103861 ], [ 136.365195953531583, 23.769930018256218 ], [ 136.368996698939128, 23.769670664569958 ], [ 136.370896364776485, 23.769538698952232 ], [ 136.378498328635857, 23.769001158876677 ], [ 136.380397593374852, 23.76886449969723 ], [ 136.384196746083632, 23.768586458998413 ], [ 136.386095087219388, 23.768445191692649 ], [ 136.40129421615589, 23.767294860769425 ], [ 136.403192111227128, 23.767148814466537 ], [ 136.406989530043148, 23.766851915883763 ], [ 136.408887506054356, 23.766701185012153 ], [ 136.416482592797962, 23.766088551545977 ], [ 136.418380111054176, 23.765933131609046 ], [ 136.422175715937016, 23.765617562201101 ], [ 136.424072256630126, 23.765457543131475 ], [ 136.439256732912696, 23.764157078486704 ], [ 136.441152769085562, 23.763992284017064 ], [ 136.444946413446615, 23.763657876510223 ], [ 136.446842474801116, 23.763488397471974 ], [ 136.454429788704402, 23.762800743460105 ], [ 136.456325336545859, 23.762626580752737 ], [ 136.460116944841985, 23.762273520406893 ], [ 136.462011460261721, 23.762094769358441 ], [ 136.477179491540625, 23.76064432297747 ], [ 136.479073445783484, 23.760460801924893 ], [ 136.482862866928627, 23.760088924164847 ], [ 136.484756790594162, 23.759900717644427 ], [ 136.492335435033198, 23.759138124025696 ], [ 136.494228788528432, 23.758945239232048 ], [ 136.498015952374686, 23.758554730216957 ], [ 136.499908220388789, 23.758357266974571 ], [ 136.515058016114978, 23.756757012426505 ], [ 136.516949663596932, 23.756554784575854 ], [ 136.52073441456244, 23.756145480629925 ], [ 136.522625976608737, 23.755938570009192 ], [ 136.530195057656698, 23.755101127615376 ], [ 136.532085993773904, 23.754889543218269 ], [ 136.535868266207814, 23.75446163139938 ], [ 136.537758061986182, 23.754245480245004 ], [ 136.552887835206405, 23.752495605488065 ], [ 136.554776952894628, 23.752274696920011 ], [ 136.558556587617346, 23.751828015350952 ], [ 136.56044556411203, 23.751602423113781 ], [ 136.5680041878434, 23.750690230869736 ], [ 136.569892483552081, 23.750459972050436 ], [ 136.573669419408503, 23.749994709588464 ], [ 136.575556520817514, 23.749759894803788 ], [ 136.59066448457915, 23.747860608480551 ], [ 136.592550850342292, 23.747621043476784 ], [ 136.596324922757759, 23.747137037344828 ], [ 136.598211092468858, 23.746892792269023 ], [ 136.605758367655, 23.745905957194367 ], [ 136.607643799921931, 23.745657051831927 ], [ 136.611414952239016, 23.745154491786792 ], [ 136.613299136246411, 23.744901043049055 ], [ 136.628383510790883, 23.742852569091127 ], [ 136.630266901596684, 23.742594377328942 ], [ 136.634034966540668, 23.742073103291318 ], [ 136.635918105536604, 23.74181023325616 ], [ 136.643453142748655, 23.740748873162374 ], [ 136.645335489441919, 23.740481350934004 ], [ 136.649100413953448, 23.739941553560271 ], [ 136.650981459327141, 23.739669499648073 ], [ 136.666040465796158, 23.737472080872351 ], [ 136.66792065951168, 23.737195292029384 ], [ 136.67168227271921, 23.736636813038871 ], [ 136.67356215976676, 23.736355348620862 ], [ 136.681084070473759, 23.735219589412935 ], [ 136.682963109460303, 23.734933480895791 ], [ 136.686721363700741, 23.73435651004533 ], [ 136.688599047408985, 23.734065883334182 ], [ 136.703630910538692, 23.73171977964455 ], [ 136.704499867875171, 23.731583612394274 ], [ 136.706239636050924, 23.731309971178462 ], [ 136.707109190537295, 23.731172695963437 ], [ 136.71059001112107, 23.730621128262783 ], [ 136.711459649244176, 23.730482813431536 ], [ 136.713199208777581, 23.730205122568975 ], [ 136.714068421521318, 23.730065858952599 ], [ 136.721029005984434, 23.728946464708088 ], [ 136.72175630121265, 23.728829131959344 ], [ 136.723211703757812, 23.728593624696487 ], [ 136.723939140179738, 23.728475558100882 ], [ 136.727083593633807, 23.727963581254812 ], [ 136.728152686997333, 23.727788950000559 ], [ 136.730066227575236, 23.727473846441399 ], [ 136.733024445822394, 23.726982908334946 ], [ 136.734502950151949, 23.726736064218528 ], [ 136.739243921470489, 23.72593977659983 ], [ 136.740428373571064, 23.725739880691293 ], [ 136.742797548468758, 23.725338147238034 ], [ 136.74398138273537, 23.725136460779396 ], [ 136.75232350932302, 23.723708389530771 ], [ 136.75336501328573, 23.72352934080692 ], [ 136.755448860277596, 23.723169629974848 ], [ 136.756490353447958, 23.722989113557219 ], [ 136.760657985378458, 23.722263793239819 ], [ 136.761698931761231, 23.722081889168265 ], [ 136.763781093423432, 23.721716562969391 ], [ 136.764820968713394, 23.721533378263302 ], [ 136.780391440313366, 23.718778778218365 ], [ 136.782335381573063, 23.718432228964531 ], [ 136.786224313601821, 23.717733804671724 ], [ 136.788167718866106, 23.717382213818411 ], [ 136.795943337316004, 23.715965099010504 ], [ 136.797885643608339, 23.715608515121176 ], [ 136.801770217522431, 23.714890210415319 ], [ 136.803710902337428, 23.71452878277762 ], [ 136.819246168177045, 23.711614330937152 ], [ 136.821185681175251, 23.711247824827495 ], [ 136.825065690130401, 23.710509476031888 ], [ 136.827004605079395, 23.710137933718897 ], [ 136.834762128270228, 23.708640995985661 ], [ 136.836699883093758, 23.708264472327983 ], [ 136.840575289318991, 23.707506288984405 ], [ 136.842511362409851, 23.70712493866543 ], [ 136.858009445779913, 23.70405100824766 ], [ 136.859944283202964, 23.703664591148282 ], [ 136.863814875356894, 23.702886413177964 ], [ 136.865749054475629, 23.702494967968818 ], [ 136.87348749495257, 23.700918396167367 ], [ 136.875420450993403, 23.700521981304917 ], [ 136.879286196700861, 23.699724016450631 ], [ 136.881217412553866, 23.699322792912852 ], [ 136.896676343039445, 23.696089776922122 ], [ 136.898606258472597, 23.695683499194388 ], [ 136.902466942795769, 23.694865590974644 ], [ 136.904396138771091, 23.694454291432862 ], [ 136.912114514474382, 23.692798288810167 ], [ 136.914042425318684, 23.692382034003913 ], [ 136.917898019479054, 23.691544390161795 ], [ 136.919824132578384, 23.6911233437676 ], [ 136.935241945160129, 23.687731654992263 ], [ 136.937166694887907, 23.687305569696775 ], [ 136.94101698035027, 23.68644803464943 ], [ 136.942940947667381, 23.686016934734198 ], [ 136.95063827743482, 23.684281712631304 ], [ 136.952560899366887, 23.683845670042075 ], [ 136.956405852748873, 23.682968454231144 ], [ 136.958326617579615, 23.68252763893986 ], [ 136.973701355334157, 23.678977712651658 ], [ 136.975620693840625, 23.678531871948621 ], [ 136.979460092110884, 23.677634821590004 ], [ 136.981378587053172, 23.677183975260505 ], [ 136.989053893323359, 23.675369755809925 ], [ 136.990970982625328, 23.674913982095063 ], [ 136.994804805997973, 23.673997305831364 ], [ 136.996719978844936, 23.673536778299876 ], [ 137.012049691141129, 23.66982906685837 ], [ 137.013963374710244, 23.669363529203878 ], [ 137.017791398354717, 23.668427077748049 ], [ 137.019704177207103, 23.66795654346015 ], [ 137.027356487812, 23.666063558686602 ], [ 137.029267799869928, 23.665588110503194 ], [ 137.033090007598418, 23.664632091598264 ], [ 137.034999346543685, 23.664151911182131 ], [ 137.050282088148521, 23.660286888529441 ], [ 137.052189874863444, 23.659801713278881 ], [ 137.056006038248739, 23.658825980335024 ], [ 137.057912859091999, 23.658335817444481 ], [ 137.065541201865727, 23.656364308366534 ], [ 137.067446495660107, 23.655869248667443 ], [ 137.071256603010085, 23.654874008529049 ], [ 137.073159865236761, 23.654374236382182 ], [ 137.088393700809576, 23.650352396246404 ], [ 137.091257736656104, 23.649590219913165 ], [ 137.096984357742855, 23.648054337937879 ], [ 137.099845130849275, 23.647281118828943 ], [ 137.111286025330656, 23.644164726921048 ], [ 137.114142902573889, 23.643380514499654 ], [ 137.119854588618892, 23.641800714131961 ], [ 137.122707071774897, 23.641005772798678 ], [ 137.145531138652046, 23.63459578476818 ], [ 137.148383868221714, 23.633788437286938 ], [ 137.154088695138086, 23.632161916239852 ], [ 137.156926630859886, 23.63134682649536 ], [ 137.165483034415359, 23.628871230323398 ], [ 137.166926481372599, 23.628455805591443 ], [ 137.167909243417768, 23.628172250249577 ], [ 137.171699032384851, 23.627076000956976 ], [ 137.172645754098681, 23.626801477506433 ], [ 137.174539291056277, 23.626251070830733 ], [ 137.17548533737866, 23.625975413335055 ], [ 137.183040688477632, 23.623768470738725 ], [ 137.183983997264903, 23.6234922448715 ], [ 137.185871218282756, 23.622938292168755 ], [ 137.186814361594116, 23.622660790163735 ], [ 137.190588119246883, 23.62154775502529 ], [ 137.191530839877061, 23.621269038036246 ], [ 137.193416368371658, 23.620710253276002 ], [ 137.194358423502791, 23.620430407637599 ], [ 137.201666043753931, 23.618254324377887 ], [ 137.202606717526777, 23.617973526357673 ], [ 137.204488628048495, 23.617410438341551 ], [ 137.205429113863687, 23.61712837227708 ], [ 137.209192191167659, 23.615997088995016 ], [ 137.210132231817425, 23.615713817838696 ], [ 137.212012392258458, 23.615145924745093 ], [ 137.212951745827439, 23.614861535731592 ], [ 137.220471829112313, 23.61257935765164 ], [ 137.22141071773072, 23.612293742862505 ], [ 137.223289081326499, 23.611721007818659 ], [ 137.22422779008096, 23.611434120488866 ], [ 137.227983772633849, 23.61028353685623 ], [ 137.228922029029178, 23.609995447132491 ], [ 137.230798612866039, 23.609417916004332 ], [ 137.231736160596341, 23.609128716517404 ], [ 137.239470833812817, 23.606737189869932 ], [ 137.240408663029854, 23.606446530783273 ], [ 137.242284929406793, 23.605863692755634 ], [ 137.243222585954214, 23.605571755732285 ], [ 137.246974371370953, 23.60440095444082 ], [ 137.247911582754313, 23.604107810527239 ], [ 137.249786067573751, 23.603520169221042 ], [ 137.250722577485504, 23.603225911946765 ], [ 137.258219885440241, 23.600864712237041 ], [ 137.259155929503123, 23.600569227388462 ], [ 137.261028586001345, 23.599976745030972 ], [ 137.261964434012071, 23.599679988540998 ], [ 137.265708937617575, 23.598489911180792 ], [ 137.26664433327025, 23.598191949599169 ], [ 137.268515178533477, 23.597594672956092 ], [ 137.269449881706834, 23.597295597114481 ], [ 137.276707428605306, 23.594968068022354 ], [ 137.277641086767204, 23.594667953463727 ], [ 137.279508930093613, 23.594066217982117 ], [ 137.280442370619738, 23.593764838077163 ], [ 137.284177190325778, 23.592556274253042 ], [ 137.285110155109948, 23.592253698250033 ], [ 137.286976131444561, 23.591647193663562 ], [ 137.287908382167046, 23.591343512393564 ], [ 137.295371468219486, 23.588906898235223 ], [ 137.296353912803653, 23.588585376214553 ], [ 137.298319298397388, 23.587940683716056 ], [ 137.299304212520184, 23.587616860330456 ], [ 137.301113851724011, 23.587020500096287 ], [ 137.30565241802546, 23.585539501946727 ], [ 137.307333610657935, 23.584988713958353 ], [ 137.310689863447323, 23.583884797945529 ], [ 137.312366291471989, 23.583331229253417 ], [ 137.326251083720905, 23.578727796650924 ], [ 137.327718495812661, 23.578239552913487 ], [ 137.330654027762279, 23.577259492432006 ], [ 137.332120808528799, 23.576768120852392 ], [ 137.337988984704367, 23.574795529890167 ], [ 137.338803682345002, 23.574521130546316 ], [ 137.340742093673072, 23.573866750550508 ], [ 137.343529868808702, 23.572919594463968 ], [ 137.347268410809562, 23.57164130080568 ], [ 137.34913634496715, 23.570999879141453 ], [ 137.354417082183005, 23.569178785273039 ], [ 137.355736123224375, 23.568722525924159 ], [ 137.358373930113743, 23.567807367716085 ], [ 137.359691766962356, 23.567348792613046 ], [ 137.368121002782715, 23.564406674029101 ], [ 137.369173219469445, 23.564038511368722 ], [ 137.371278158261276, 23.563300260598879 ], [ 137.372330022412967, 23.562930472863513 ], [ 137.376538455685505, 23.56144744404466 ], [ 137.377589451992463, 23.561076194911095 ], [ 137.379691370860229, 23.56033197354202 ], [ 137.380741006492855, 23.55995945816278 ], [ 137.395514605015848, 23.554703240062878 ], [ 137.397358533569815, 23.554044412020289 ], [ 137.401046385282626, 23.552721346513181 ], [ 137.40288880477479, 23.552057646843195 ], [ 137.410258340650472, 23.549391944782855 ], [ 137.412098700695111, 23.548723512880315 ], [ 137.415778382966693, 23.547381601180149 ], [ 137.417616206923441, 23.54670866996949 ], [ 137.432323850066638, 23.54130096376889 ], [ 137.43415951115324, 23.540623228379559 ], [ 137.437830764078996, 23.539262349078399 ], [ 137.439664858546763, 23.538579757350362 ], [ 137.447000957628489, 23.535838492453081 ], [ 137.448832935092611, 23.535151190075652 ], [ 137.452495788350831, 23.533771550017462 ], [ 137.454325173968215, 23.533079774412499 ], [ 137.46896501452423, 23.527521268992018 ], [ 137.470792178816538, 23.5268247134901 ], [ 137.474446371603477, 23.52542619306459 ], [ 137.476271909921053, 23.524724796512658 ], [ 137.483573652202978, 23.521908316815797 ], [ 137.485397015960388, 23.521202232097835 ], [ 137.489042582449684, 23.519785038149507 ], [ 137.490863300401912, 23.519074507183177 ], [ 137.505433501955366, 23.513365911208211 ], [ 137.512238136781008, 23.510661337750747 ], [ 137.523674705523973, 23.506050762733082 ], [ 137.527788495043666, 23.504421052690077 ], [ 137.530409968445753, 23.503376796802172 ], [ 137.536142552037944, 23.501080680129547 ], [ 137.539005802776302, 23.499926969554309 ], [ 137.543224645701713, 23.498216926670125 ], [ 137.545646493891496, 23.49723033171469 ], [ 137.550486735974488, 23.495248657599859 ], [ 137.552904352854426, 23.494253895901068 ], [ 137.560125661570311, 23.491267705140871 ], [ 137.56154367120385, 23.490679585395185 ], [ 137.564379263292977, 23.489500099350607 ], [ 137.565795539033758, 23.488909278041319 ], [ 137.5778162381296, 23.483879631540162 ], [ 137.579238515046114, 23.483278628106746 ], [ 137.581087864713737, 23.482514580283947 ], [ 137.593310012847752, 23.477401218591666 ], [ 137.60159937081508, 23.473874293364247 ], [ 137.613801423597835, 23.468595296336275 ], [ 137.614408667427114, 23.46833460445896 ], [ 137.617992594383196, 23.466793162874609 ], [ 137.618874301408283, 23.466413259564661 ], [ 137.626038680342134, 23.463320669113983 ], [ 137.629608156991679, 23.461768758521771 ], [ 137.633180359486715, 23.460204579378228 ], [ 137.636983381978126, 23.458526696250431 ], [ 137.647627721742907, 23.453794631817232 ], [ 137.654789581674351, 23.450565474817125 ], [ 137.664954571097354, 23.445930519178461 ], [ 137.670831899673345, 23.443466640273641 ], [ 137.685026741292091, 23.437018857334778 ], [ 137.686798159308097, 23.436211320096646 ], [ 137.690340465640276, 23.434590855983799 ], [ 137.692109909645097, 23.43377858921076 ], [ 137.699186479672932, 23.430518676296202 ], [ 137.700953411871438, 23.429701866148605 ], [ 137.704485752816169, 23.428063303179385 ], [ 137.706249723546449, 23.427242218553943 ], [ 137.720364141492411, 23.420648981965428 ], [ 137.72212548800124, 23.419823292811202 ], [ 137.72564758566844, 23.418166532060212 ], [ 137.727406901508488, 23.417336134055915 ], [ 137.734442823978185, 23.41400371150246 ], [ 137.736199573152049, 23.413168796203422 ], [ 137.739711487795859, 23.411494040018312 ], [ 137.741465223341976, 23.410654881717761 ], [ 137.755497461239571, 23.403917028748168 ], [ 137.757248516806072, 23.403073292898625 ], [ 137.760749967837597, 23.401380445051927 ], [ 137.762498936077606, 23.400532021935533 ], [ 137.769493337747718, 23.397127511525866 ], [ 137.771239684464291, 23.396274598094692 ], [ 137.774730735735289, 23.394563860933857 ], [ 137.776474018461641, 23.39370673507824 ], [ 137.790422334323608, 23.38682512008387 ], [ 137.792162882211557, 23.385963444557632 ], [ 137.795643251335747, 23.384234724553437 ], [ 137.797381654340398, 23.383368383344617 ], [ 137.804333666466192, 23.379892218551277 ], [ 137.806069394887999, 23.379021414007411 ], [ 137.809539149312656, 23.377274913506739 ], [ 137.811271763381939, 23.376399928913884 ], [ 137.825134426013534, 23.36937542423675 ], [ 137.826864248586531, 23.368495917852755 ], [ 137.830323105028157, 23.366731546024482 ], [ 137.832050727859524, 23.365847397339905 ], [ 137.838959488890083, 23.362300017032453 ], [ 137.840684383178456, 23.3614114328916 ], [ 137.844132410883248, 23.359629389385049 ], [ 137.845854140457078, 23.358736657571171 ], [ 137.85962943305222, 23.351570153540251 ], [ 137.86134831807081, 23.350672929612301 ], [ 137.864785232852824, 23.348873128092919 ], [ 137.866501861472699, 23.347971282549167 ], [ 137.873366515253139, 23.344353138187273 ], [ 137.875080362269529, 23.343446886864655 ], [ 137.878506236974175, 23.34162952698145 ], [ 137.880216869813381, 23.340719159461941 ], [ 137.8939030881576, 23.333411565291811 ], [ 137.894583972972356, 23.33304750893592 ], [ 137.895947159934423, 23.332317709994641 ], [ 137.896498223115287, 23.332022369936794 ], [ 137.899354798186181, 23.33048918952511 ], [ 137.900004615920722, 23.330139982774483 ], [ 137.901300866342837, 23.329442545037836 ], [ 137.902011676997887, 23.329059592126868 ], [ 137.907688005297729, 23.325997204507644 ], [ 137.90866521852584, 23.325469341137563 ], [ 137.91013105410579, 23.324676623827457 ], [ 137.911834736084558, 23.323752308722277 ], [ 137.915239472224158, 23.321899242156661 ], [ 137.916940064133229, 23.320970742506006 ], [ 137.92243944632358, 23.317958597311758 ], [ 137.923812708390216, 23.317204487897015 ], [ 137.92655812815579, 23.315693027911493 ], [ 137.927929360451941, 23.314936188155116 ], [ 137.936077266753699, 23.31042734444668 ], [ 137.937094165263971, 23.309863524382706 ], [ 137.939128041426926, 23.308733713290735 ], [ 137.940144189902782, 23.308168182715917 ], [ 137.944208894425714, 23.30590169780541 ], [ 137.945223814428147, 23.305334701335994 ], [ 137.947253172396387, 23.304198848598617 ], [ 137.94826641876071, 23.303630660527006 ], [ 137.961794041662216, 23.296051762479351 ], [ 137.961182988304614, 23.29799527476257 ], [ 137.960612387352711, 23.299741082784976 ], [ 137.958338903918133, 23.30673091500023 ], [ 137.957773376940708, 23.308478139454934 ], [ 137.956647127164246, 23.311974945487862 ], [ 137.956086861220371, 23.313723103438974 ], [ 137.951620659766519, 23.327726929054876 ], [ 137.951065415637032, 23.329476466566007 ], [ 137.949959441975494, 23.33297882681174 ], [ 137.949409165700814, 23.334730223221499 ], [ 137.947217066415618, 23.341742320851864 ], [ 137.946671884800566, 23.343495083332016 ] ] ], [ [ [ 157.637249213081333, 24.263433375050852 ], [ 157.637224001486999, 24.262116259458168 ], [ 157.63714660223448, 24.258214261179546 ], [ 157.637107987144333, 24.256403948383877 ], [ 157.63702540869653, 24.252782924392818 ], [ 157.636981464224078, 24.25097295423879 ], [ 157.636794960119943, 24.243730861290715 ], [ 157.636745691660764, 24.241921246368634 ], [ 157.636641795683175, 24.238301160370725 ], [ 157.636587204137101, 24.236491914170756 ], [ 157.636245421289942, 24.225691457495259 ], [ 157.636201263677805, 24.224342771202288 ], [ 157.636109937524139, 24.221644018157264 ], [ 157.63606280585455, 24.220295049477386 ], [ 157.635868255516044, 24.214896431825366 ], [ 157.63581816957381, 24.213547680781261 ], [ 157.635715009241181, 24.210849539275131 ], [ 157.6356619870119, 24.209501505890131 ], [ 157.635072294351431, 24.194914573349251 ], [ 157.634995958996939, 24.193092994746451 ], [ 157.634837803322426, 24.189448054184709 ], [ 157.634756045056321, 24.1876261761075 ], [ 157.634418040261238, 24.180335152845402 ], [ 157.634330886961635, 24.178513483410995 ], [ 157.634151131370146, 24.17486937921899 ], [ 157.63405860372248, 24.173048428342668 ], [ 157.633296171981357, 24.158468172368657 ], [ 157.63319826908517, 24.156647454416856 ], [ 157.632996961241616, 24.153004289117121 ], [ 157.632893635433703, 24.151183326549813 ], [ 157.632469329896509, 24.143896071446903 ], [ 157.632360616249713, 24.142075371481525 ], [ 157.632137735468774, 24.13843325838846 ], [ 157.632023660963824, 24.136613329142051 ], [ 157.630991458689238, 24.121843986211616 ], [ 157.630848768656648, 24.120228871265908 ], [ 157.630620160092832, 24.116586991097279 ], [ 157.630504539653117, 24.114766618485078 ], [ 157.630036424541828, 24.107481517258805 ], [ 157.629918113330774, 24.105661303826452 ], [ 157.629678734486475, 24.102020060377839 ], [ 157.62954519055873, 24.100201626704148 ], [ 157.628348022044094, 24.085647853066348 ], [ 157.628197174261032, 24.083830378069905 ], [ 157.628144928146668, 24.083206548044046 ], [ 157.628022211156946, 24.08018210462069 ], [ 157.627875845593991, 24.078363616088495 ], [ 157.627279316287769, 24.071086479258213 ], [ 157.627127579075278, 24.069268360346882 ], [ 157.626818641268216, 24.065631520878355 ], [ 157.626661568377159, 24.063814280604902 ], [ 157.625382417665293, 24.049264381246587 ], [ 157.625220001901909, 24.047447534876255 ], [ 157.624889617962054, 24.043812278214432 ], [ 157.624721782884848, 24.041995349106372 ], [ 157.624039352135156, 24.034724558791936 ], [ 157.623866155299339, 24.032908053264322 ], [ 157.623514295548858, 24.029274492724056 ], [ 157.623335776525465, 24.027458918894467 ], [ 157.621884950630402, 24.012922572319326 ], [ 157.621701101325385, 24.011107444553346 ], [ 157.621327835012409, 24.007475681757796 ], [ 157.621138569989995, 24.005660525213443 ], [ 157.620370388883003, 23.998396939367581 ], [ 157.620175771095347, 23.996582260363539 ], [ 157.619781065844364, 23.992952407727813 ], [ 157.619581140257793, 23.991138712581915 ], [ 157.617958953942917, 23.97661763109906 ], [ 157.617753709766504, 23.974804435976409 ], [ 157.617337642019407, 23.971176595124234 ], [ 157.617126985722649, 23.9693634260816 ], [ 157.616273217035797, 23.962107898161435 ], [ 157.616057218766201, 23.960295258819514 ], [ 157.615619750751677, 23.956669542165855 ], [ 157.615398460870693, 23.954857940641773 ], [ 157.613605245985838, 23.940353831164771 ], [ 157.613378650105375, 23.938542782723687 ], [ 157.612919864560951, 23.934919289194283 ], [ 157.612687860157195, 23.933108320792826 ], [ 157.611748673863218, 23.925861705153977 ], [ 157.61151133917727, 23.924051319513183 ], [ 157.611031194734579, 23.920430164221131 ], [ 157.610788583726759, 23.918620868558776 ], [ 157.608824693705316, 23.904135438000338 ], [ 157.608576790187072, 23.902326748480959 ], [ 157.608075376777521, 23.898708029452337 ], [ 157.607822069233777, 23.896899473931882 ], [ 157.606797646994465, 23.889662622232663 ], [ 157.606539020859742, 23.887854702532934 ], [ 157.606016292618079, 23.884238533981573 ], [ 157.605752406349239, 23.88243175732012 ], [ 157.603618212610883, 23.86796670719815 ], [ 157.603349048220281, 23.86616058973982 ], [ 157.602805099576614, 23.862547069691914 ], [ 157.60253053655552, 23.860741139292656 ], [ 157.601421069926829, 23.853514901391975 ], [ 157.601141199107502, 23.851709659873393 ], [ 157.60057598329584, 23.848098903442121 ], [ 157.600290870328109, 23.846294858021594 ], [ 157.597986763179307, 23.831851886256004 ], [ 157.597696387379102, 23.830048552199344 ], [ 157.597110003324275, 23.826440655612174 ], [ 157.596814233390575, 23.824637562573912 ], [ 157.59561992202228, 23.817422785633426 ], [ 157.595318857779858, 23.815620435435079 ], [ 157.594711255121098, 23.812015513805534 ], [ 157.594404965816949, 23.810214410966751 ], [ 157.591931355348407, 23.795795211879835 ], [ 157.591619818500618, 23.793994872565577 ], [ 157.590991103357652, 23.790393022120469 ], [ 157.59067417867098, 23.788592978683425 ], [ 157.589395231205714, 23.78139050986465 ], [ 157.589073026599436, 23.779591260528633 ], [ 157.588423143214101, 23.775992597281061 ], [ 157.5880957315334, 23.77419464746535 ], [ 157.585453044922616, 23.759800911782889 ], [ 157.585120400986654, 23.758003778552052 ], [ 157.584449461773858, 23.754408396930387 ], [ 157.584111438092719, 23.752611612636315 ], [ 157.582748073065801, 23.745422295502976 ], [ 157.58240478205542, 23.743626359269371 ], [ 157.581712728560461, 23.740034374387392 ], [ 157.581364249361542, 23.738239789835063 ], [ 157.578552934471162, 23.723873201987061 ], [ 157.578378740286922, 23.722986333752743 ], [ 157.578199239204565, 23.722079485280346 ], [ 157.577486188337417, 23.718490993365265 ], [ 157.577127121419977, 23.716697678655464 ], [ 157.575647076551974, 23.70936151302385 ], [ 157.575484256993519, 23.708556357190474 ], [ 157.575118581857652, 23.706762108984464 ], [ 157.574514174490133, 23.703818518210483 ], [ 157.574210397892472, 23.702348019645797 ], [ 157.571187168553507, 23.68780006552106 ], [ 157.571079680683084, 23.687283860062507 ], [ 157.570863855083559, 23.686249552475374 ], [ 157.570755746680703, 23.685732551116757 ], [ 157.570358451381736, 23.683836934927058 ], [ 157.5700891826705, 23.6825563614874 ], [ 157.569245495383967, 23.678557354238848 ], [ 157.56886499672251, 23.676766940742112 ], [ 157.568098625951308, 23.673186556215114 ], [ 157.567712913021097, 23.671397328923803 ], [ 157.566159059893408, 23.664239924233556 ], [ 157.565768161472221, 23.662451893040753 ], [ 157.564980894053321, 23.658875842346447 ], [ 157.564584792155102, 23.657089023440079 ], [ 157.562236394294843, 23.646567459121457 ], [ 157.561941734124531, 23.645253831099808 ], [ 157.561349252666247, 23.642625691023198 ], [ 157.561051672397554, 23.641312250060651 ], [ 157.55985505246943, 23.636056738827847 ], [ 157.559554675308419, 23.63474397325615 ], [ 157.558950921748561, 23.63211828473149 ], [ 157.55864785111774, 23.630806686479787 ], [ 157.555333511233158, 23.616531613643474 ], [ 157.554917023502099, 23.614749403762289 ], [ 157.554078361627745, 23.611184093671199 ], [ 157.553656527427648, 23.609402446766012 ], [ 157.551957864564571, 23.602274128848364 ], [ 157.551530825087895, 23.600493538646333 ], [ 157.550671287250822, 23.596932465261375 ], [ 157.550239139625404, 23.595153431785803 ], [ 157.546758141875586, 23.580912204035485 ], [ 157.546320850127387, 23.579134246148982 ], [ 157.545440573024877, 23.575577498503065 ], [ 157.54499794559959, 23.573800156652396 ], [ 157.54321609634647, 23.566689174965973 ], [ 157.54276828073219, 23.564912942878607 ], [ 157.541867193317017, 23.561360638782844 ], [ 157.541414290238237, 23.559586013784156 ], [ 157.537767170619219, 23.545380293066273 ], [ 157.537309143203316, 23.543606794918105 ], [ 157.536387387568567, 23.540059023405718 ], [ 157.535924034367241, 23.538286194352821 ], [ 157.534059272118185, 23.531193378072203 ], [ 157.533590747815452, 23.529421710943637 ], [ 157.532648249317532, 23.525878590724915 ], [ 157.532174660033121, 23.524108581945995 ], [ 157.528361975225522, 23.50994002301411 ], [ 157.52788328048976, 23.508171191447559 ], [ 157.5269201866179, 23.504632809756799 ], [ 157.52643617778827, 23.502864701245471 ], [ 157.524488784930014, 23.495790876847764 ], [ 157.523999622984576, 23.494023980622785 ], [ 157.523015855497903, 23.490490457968662 ], [ 157.522521651953326, 23.488725270455348 ], [ 157.518543974825462, 23.47459552446432 ], [ 157.518044685614342, 23.472831565424684 ], [ 157.517040396497492, 23.469302986344303 ], [ 157.516535804884285, 23.467539803419555 ], [ 157.514506073697163, 23.460485794684132 ], [ 157.513996346954656, 23.458723875307157 ], [ 157.512971456168117, 23.455200360308709 ], [ 157.512456711209012, 23.453440200005787 ], [ 157.508314633513947, 23.439350912714872 ], [ 157.507794823572823, 23.437592031247732 ], [ 157.506749489397777, 23.434073664868265 ], [ 157.506224389644586, 23.432315612576076 ], [ 157.50411261870309, 23.425282240583442 ], [ 157.50358240270603, 23.423525503099768 ], [ 157.502516541505571, 23.42001240674773 ], [ 157.501981330674454, 23.418257478699957 ], [ 157.497675461254317, 23.404210288674193 ], [ 157.497135207024968, 23.402456689824874 ], [ 157.496048980676193, 23.398948945337906 ], [ 157.495503449225595, 23.397196227824026 ], [ 157.493309947896051, 23.390184310957693 ], [ 157.492759320886734, 23.388432959513892 ], [ 157.491652643055573, 23.384930690099679 ], [ 157.491097044593317, 23.383181197554535 ], [ 157.486628010275155, 23.369177737063268 ], [ 157.486067389998453, 23.367429624977603 ], [ 157.484940428858323, 23.36393290977631 ], [ 157.484374544849771, 23.362185732086232 ], [ 157.482099631493412, 23.355196084232375 ], [ 157.481528670812196, 23.353450322974339 ], [ 157.480381337329305, 23.349959286991748 ], [ 157.479805432175255, 23.348215433195975 ], [ 157.475173875974207, 23.334257329112916 ], [ 157.474592970589612, 23.332514907037677 ], [ 157.473425436535109, 23.329029627615625 ], [ 157.47283928180812, 23.327288191197454 ], [ 157.470483280179934, 23.320321624444034 ], [ 157.469892070363272, 23.318581655719271 ], [ 157.468704244006091, 23.315102257863231 ], [ 157.468108113999193, 23.313364246962692 ], [ 157.463314696916228, 23.299453118966767 ], [ 157.462713589161723, 23.297716588350397 ], [ 157.46150564856751, 23.294243149402291 ], [ 157.460899305858931, 23.292507656603561 ], [ 157.458462552305861, 23.285564979440892 ], [ 157.457851175192474, 23.283831004697618 ], [ 157.456623025932828, 23.280363649663343 ], [ 157.456006754708852, 23.278631681307502 ], [ 157.451052154834002, 23.264769144580782 ], [ 157.450430930143767, 23.263038705972122 ], [ 157.44918275298258, 23.259577510394223 ], [ 157.448556307728069, 23.257848163562272 ], [ 157.446039145790593, 23.25093017998438 ], [ 157.445407688614893, 23.249202400670697 ], [ 157.444139387323531, 23.245747490454846 ], [ 157.443503063016777, 23.244021766092146 ], [ 157.438387974625613, 23.23020942682416 ], [ 157.437746719336388, 23.228485281670828 ], [ 157.436458480975062, 23.225036730561101 ], [ 157.435812021308294, 23.223313728446243 ], [ 157.433214801722585, 23.216421241547607 ], [ 157.432563351717619, 23.214699857312894 ], [ 157.431255077360589, 23.211257792113798 ], [ 157.43059878630541, 23.20953851229288 ], [ 157.42532392256183, 23.195777969478172 ], [ 157.424662725704735, 23.194060317430115 ], [ 157.423334605108749, 23.190624809188137 ], [ 157.422668220962038, 23.188908353238389 ], [ 157.419991304355705, 23.182042159818167 ], [ 157.419319951455492, 23.180327370312398 ], [ 157.417971883895603, 23.176898548529635 ], [ 157.417295718722954, 23.175185911101124 ], [ 157.411861807177075, 23.161478758338262 ], [ 157.411214592979633, 23.159852474712267 ], [ 157.409812940215289, 23.156345732070235 ], [ 157.409126722421234, 23.1546360192375 ], [ 157.406370476616672, 23.147796914296549 ], [ 157.406145578656407, 23.147239593632889 ], [ 157.405694877117213, 23.146124208565652 ], [ 157.405001902716236, 23.144416314161958 ], [ 157.404064928753911, 23.142116517463819 ], [ 157.403594728114768, 23.140965587592063 ], [ 157.397862195784256, 23.126971094241043 ], [ 157.397424100942345, 23.125902993728488 ], [ 157.397216264020273, 23.125396944313849 ], [ 157.396733047492859, 23.124222069992811 ], [ 157.396101310627643, 23.122689010089971 ], [ 157.395744420069292, 23.121824204923456 ], [ 157.394131462597699, 23.117920880144879 ], [ 157.393424720475338, 23.116217507532298 ], [ 157.392006061531362, 23.112812027653234 ], [ 157.391294445083105, 23.111110638945092 ], [ 157.388437164044745, 23.104306312586573 ], [ 157.387720717337544, 23.102606911380235 ], [ 157.386282486448323, 23.099208987605067 ], [ 157.385561180704741, 23.097511593685425 ], [ 157.381364913460658, 23.087675269598378 ], [ 157.380839635641024, 23.086447417114954 ], [ 157.379785918885574, 23.083991334432994 ], [ 157.379257908925894, 23.082764104280301 ], [ 157.377139590919825, 23.077854438131993 ], [ 157.376609069153488, 23.076628290763296 ], [ 157.375545153186778, 23.074176293701385 ], [ 157.375012303076261, 23.072951696763738 ], [ 157.369105787002951, 23.059414196608373 ], [ 157.368365757374619, 23.057724496388914 ], [ 157.366879978428443, 23.054345120231517 ], [ 157.366134833456584, 23.052656820256402 ], [ 157.36314289422981, 23.045903711187748 ], [ 157.362392876730411, 23.044217275507293 ], [ 157.360887529436837, 23.040845375414108 ], [ 157.360132813879062, 23.039161282467603 ], [ 157.354070329282678, 23.025683468517741 ], [ 157.353310835627241, 23.024001246161106 ], [ 157.35178613042595, 23.020636882386526 ], [ 157.351021539412869, 23.018956112435035 ], [ 157.347951826815944, 23.012233231379014 ], [ 157.347182390255881, 23.010554373386015 ], [ 157.345638216531171, 23.007197680828682 ], [ 157.344864110690679, 23.005521212334543 ], [ 157.3386464678604, 22.99210463951772 ], [ 157.337867611801727, 22.990430089277652 ], [ 157.336304184491183, 22.987081126393292 ], [ 157.335520249959842, 22.985408078920216 ], [ 157.332373173184038, 22.978716201991432 ], [ 157.331584418286553, 22.977045115939859 ], [ 157.330001624076459, 22.973704017626744 ], [ 157.329208231375588, 22.972035366938968 ], [ 157.322836257687783, 22.958681582089866 ], [ 157.32203814084815, 22.957014896420759 ], [ 157.320436198272574, 22.953681721134927 ], [ 157.319633024545311, 22.952016588595086 ], [ 157.316409000875325, 22.945356487412255 ], [ 157.315601032861679, 22.943693364857381 ], [ 157.313979827707641, 22.940368246597814 ], [ 157.313167253366856, 22.938707605272384 ], [ 157.306641789687575, 22.925418147130159 ], [ 157.305824519087224, 22.923759518487373 ], [ 157.304184273485845, 22.920442513911297 ], [ 157.30336196578267, 22.918785488759539 ], [ 157.300061420598837, 22.912157930444408 ], [ 157.299234345589213, 22.910502962042443 ], [ 157.297574942630348, 22.90719420694748 ], [ 157.296743292769094, 22.90554176653967 ], [ 157.290065197950895, 22.892318165751362 ], [ 157.289228879709896, 22.890667784790935 ], [ 157.287550546021549, 22.887367332237091 ], [ 157.286709213160208, 22.885718606029258 ], [ 157.28333257903617, 22.879124352307343 ], [ 157.282486505847857, 22.877477729614043 ], [ 157.280789122720563, 22.874185718096783 ], [ 157.279938506157947, 22.872541668363738 ], [ 157.273108653442392, 22.859385446581427 ], [ 157.272253398176673, 22.857743503060817 ], [ 157.270537195835715, 22.85445998294233 ], [ 157.269676946634064, 22.852819744536077 ], [ 157.266224664237399, 22.84625955443525 ], [ 157.265359702588881, 22.844621467207247 ], [ 157.263624560525869, 22.841346577882746 ], [ 157.262755087877764, 22.839711108581241 ], [ 157.255774367593546, 22.826623776666338 ], [ 157.254900285020909, 22.824990460341837 ], [ 157.2531464370592, 22.821724250374274 ], [ 157.252267383932832, 22.820092687727879 ], [ 157.248739901125901, 22.813567315779324 ], [ 157.247856164331466, 22.811937951076061 ], [ 157.246083488163237, 22.808680560759655 ], [ 157.245195272744155, 22.807053859848082 ], [ 157.238064587811238, 22.794036923265594 ], [ 157.237171792144778, 22.792412421196559 ], [ 157.235380525191971, 22.789163896396985 ], [ 157.234482782354831, 22.787541196569322 ], [ 157.230880555093819, 22.78105139280774 ], [ 157.229978156467411, 22.779430938587325 ], [ 157.228168175521233, 22.776191420498265 ], [ 157.227261332445124, 22.774573675035697 ], [ 157.219981601969636, 22.76162862845888 ], [ 157.219070208324098, 22.760013126804665 ], [ 157.217241753504965, 22.756782660391877 ], [ 157.216325435171512, 22.755169011341223 ], [ 157.212648928405912, 22.748715519505907 ], [ 157.211727983959605, 22.747104161928064 ], [ 157.209880930260994, 22.74388288838486 ], [ 157.208955575539704, 22.74227428363173 ], [ 157.201527735717292, 22.729402612740699 ], [ 157.20059786100299, 22.727796297661371 ], [ 157.198732452141741, 22.724584259256517 ], [ 157.197797676122406, 22.72297984624322 ], [ 157.194047359298821, 22.716563407375702 ], [ 157.193107987744241, 22.71496133170038 ], [ 157.191224098713775, 22.711758672325345 ], [ 157.190280350158474, 22.710159392642254 ], [ 157.18270534977276, 22.697362574123986 ], [ 157.18175711270149, 22.695765629080938 ], [ 157.179854988117796, 22.692572388305507 ], [ 157.178901874922218, 22.690977393892069 ], [ 157.175078227378918, 22.684598743637594 ], [ 157.174120547426156, 22.683006133326757 ], [ 157.172200062283338, 22.679822455042824 ], [ 157.171238040403665, 22.678232683891565 ], [ 157.163516844427392, 22.665512185439297 ], [ 157.162550365507656, 22.663924793894495 ], [ 157.160611768018981, 22.660750715873291 ], [ 157.159640438156572, 22.659165323521307 ], [ 157.155743944627858, 22.652825193927896 ], [ 157.154768078584681, 22.651242230644868 ], [ 157.152811241945557, 22.648077898576673 ], [ 157.151831068149733, 22.646497818519919 ], [ 157.143964655944643, 22.633855096136244 ], [ 157.14298005748455, 22.632277439752414 ], [ 157.141005232605977, 22.629122888710867 ], [ 157.140499018615429, 22.628315542129201 ], [ 157.140015808383424, 22.627547280083292 ], [ 157.136046962597817, 22.621246396004807 ], [ 157.135501152357079, 22.620381307551497 ], [ 157.134407616319351, 22.618651028123054 ], [ 157.133410917480688, 22.617078840516371 ], [ 157.132511511797162, 22.615664495620422 ], [ 157.132061892143298, 22.614958430687409 ], [ 157.123961424181203, 22.602254105642999 ], [ 157.123420872276284, 22.601407173602496 ], [ 157.122607914823817, 22.600134757913224 ], [ 157.122313209687519, 22.59967393630356 ], [ 157.121723310183171, 22.598752356936075 ], [ 157.121405446604768, 22.598256252224445 ], [ 157.120734616210513, 22.597210362268839 ], [ 157.118154256214353, 22.5931916409819 ], [ 157.117194272198702, 22.591700901375816 ], [ 157.115280405167169, 22.588737513825549 ], [ 157.114321704483274, 22.587257358340878 ], [ 157.110477539806908, 22.581339192450287 ], [ 157.109514934267537, 22.579861459738964 ], [ 157.107585159128661, 22.576907485392582 ], [ 157.106618614557789, 22.575432196139332 ], [ 157.101272278992866, 22.567294762443851 ], [ 157.100603722084799, 22.566279129278797 ], [ 157.099263967858661, 22.564247858452518 ], [ 157.098593315529712, 22.563233046368282 ], [ 157.095905465865172, 22.559173791737635 ], [ 157.095232987912738, 22.558160175751908 ], [ 157.093885757622303, 22.556133496863822 ], [ 157.093211689668493, 22.555121461886301 ], [ 157.085812481561476, 22.544033257229444 ], [ 157.084886715849649, 22.542649546839442 ], [ 157.083030612273575, 22.539882700726338 ], [ 157.082101028040512, 22.538500693652679 ], [ 157.078373632238282, 22.532973836273896 ], [ 157.077440524461196, 22.531593905734553 ], [ 157.075570243971953, 22.528835392739552 ], [ 157.07463383478435, 22.527457933537193 ], [ 157.067121797733449, 22.516436219356393 ], [ 157.066181954034761, 22.515060826796031 ], [ 157.064297700778667, 22.512310660408957 ], [ 157.063354057444172, 22.510937006238095 ], [ 157.059570440524141, 22.505443640511885 ], [ 157.058623296129127, 22.504072095251416 ], [ 157.056724960389062, 22.501330386988144 ], [ 157.05577454156267, 22.499961340943628 ], [ 157.048150422904229, 22.489007122680846 ], [ 157.047196594747589, 22.487640174754603 ], [ 157.045284379771175, 22.484906937205778 ], [ 157.044326770864615, 22.48354176094378 ], [ 157.040487307843847, 22.478082389591123 ], [ 157.03952622215823, 22.476719352816275 ], [ 157.037600017327492, 22.473994700195703 ], [ 157.036635684190315, 22.472634193213679 ], [ 157.028900241153991, 22.461748468217706 ], [ 157.027932522068937, 22.460390089031762 ], [ 157.025992534228436, 22.457674030332669 ], [ 157.025021055078156, 22.456317456985403 ], [ 157.021126127269696, 22.450892576431841 ], [ 157.020151194722558, 22.449538174047888 ], [ 157.018197312356534, 22.446830824383539 ], [ 157.017219160236692, 22.445478979671634 ], [ 157.009373156346811, 22.4346627407933 ], [ 157.008391642560838, 22.433313055353608 ], [ 157.00642407431215, 22.430614421918335 ], [ 157.005438820245814, 22.429266575592209 ], [ 157.001488812559188, 22.423876680464673 ], [ 157.000500129377912, 22.422531034779837 ], [ 156.998518761931706, 22.419841234485688 ], [ 156.997526887057035, 22.418498176150308 ], [ 156.989571097528625, 22.407752408147502 ], [ 156.988575885269171, 22.406411537862482 ], [ 156.986580929966436, 22.403730577004893 ], [ 156.985581998111257, 22.402391580007702 ], [ 156.981577299053725, 22.397037160436867 ], [ 156.980574962365409, 22.395700394657723 ], [ 156.978566305890837, 22.393028389249253 ], [ 156.977560805387185, 22.391694238698591 ], [ 156.969496012631254, 22.38101992093317 ], [ 156.968487199924908, 22.379687988110362 ], [ 156.966465053619487, 22.377024943546758 ], [ 156.965452542001827, 22.375694916387772 ], [ 156.961393545476625, 22.370376461604792 ], [ 156.960377654206042, 22.36904869624064 ], [ 156.958341905654976, 22.366394729433608 ], [ 156.957322878448537, 22.365069608076254 ], [ 156.949149871170476, 22.354467710916708 ], [ 156.948127557841104, 22.353144836965072 ], [ 156.946078419284305, 22.350499950612658 ], [ 156.945052426828425, 22.349179015599645 ], [ 156.94093952943652, 22.343897007641232 ], [ 156.939910183408557, 22.342578364999753 ], [ 156.93784754153117, 22.339942676913324 ], [ 156.936815087446718, 22.338626705258633 ], [ 156.928534666941715, 22.328098193676965 ], [ 156.927498951915624, 22.326784500004891 ], [ 156.925423020756199, 22.324158011983172 ], [ 156.924383649086764, 22.322846288725685 ], [ 156.920217252824813, 22.317601208729229 ], [ 156.91917455096555, 22.31629180752131 ], [ 156.917085218108951, 22.313674639173769 ], [ 156.916039437870637, 22.312367936831265 ], [ 156.907652411729856, 22.301913767706566 ], [ 156.906603396630004, 22.300609372125336 ], [ 156.904500875215518, 22.298001521653418 ], [ 156.903448225056451, 22.296699129761464 ], [ 156.899228735518619, 22.291491454367446 ], [ 156.898172781249713, 22.290191414202695 ], [ 156.896056958861919, 22.287593002115756 ], [ 156.894997954992078, 22.286295688695532 ], [ 156.886505139801244, 22.27591681171188 ], [ 156.885442926250704, 22.274621832931672 ], [ 156.883314018727361, 22.272032857430844 ], [ 156.88224819170162, 22.270739914715818 ], [ 156.877976019877934, 22.265570116967808 ], [ 156.876906914822968, 22.264279556556914 ], [ 156.874764810648031, 22.261700137251921 ], [ 156.873692684770532, 22.26041232966557 ], [ 156.865094904306858, 22.250109688211921 ], [ 156.864019594829216, 22.248824244044101 ], [ 156.861864508940727, 22.246254377338175 ], [ 156.860785609369174, 22.244971002510169 ], [ 156.8564611689483, 22.239839550955026 ], [ 156.855379016528815, 22.238558586310091 ], [ 156.853210836511693, 22.235998394510631 ], [ 156.852125693846546, 22.234720209670343 ], [ 156.843423780883683, 22.224494739041461 ], [ 156.842335480698722, 22.223218946397566 ], [ 156.840154424188114, 22.220668422310268 ], [ 156.839062555493371, 22.219394731382152 ], [ 156.834686265559554, 22.214302092767866 ], [ 156.83359117009698, 22.213030840800883 ], [ 156.831397124678034, 22.210490108532326 ], [ 156.830299069547124, 22.209221662450204 ], [ 156.821493864950554, 22.199074289846862 ], [ 156.820392678380273, 22.197808264740047 ], [ 156.818185861688931, 22.195277315296266 ], [ 156.817081129990726, 22.194013422481845 ], [ 156.812653412325773, 22.188960059059923 ], [ 156.81154548084001, 22.187698634884299 ], [ 156.809325781360059, 22.185177592372497 ], [ 156.808214918084474, 22.183919001061327 ], [ 156.799307270814808, 22.17385064649045 ], [ 156.798751237080552, 22.173222871138933 ], [ 156.797637156030561, 22.171966579394507 ], [ 156.797079863245841, 22.171338917357502 ], [ 156.794847289971329, 22.168827466114976 ], [ 156.794289051998504, 22.168200254638435 ], [ 156.793171468089696, 22.166946119468321 ], [ 156.792612578108475, 22.166319705690512 ], [ 156.788133521744982, 22.16130543040174 ], [ 156.78757373244261, 22.160679489667132 ], [ 156.786452741001682, 22.159427556037286 ], [ 156.785891996619199, 22.158802073956934 ], [ 156.783646217699669, 22.156300041314353 ], [ 156.783084577591382, 22.155675070948064 ], [ 156.78196019211012, 22.154425420697038 ], [ 156.78139769674695, 22.153801021400341 ], [ 156.779945380675628, 22.152190828444304 ], [ 156.779408079819206, 22.151595808200369 ], [ 156.778332552705962, 22.150406125642576 ], [ 156.777794571063083, 22.149811734024524 ], [ 156.775640428563776, 22.147434449940533 ], [ 156.775203165594377, 22.146952363861033 ], [ 156.774023604006771, 22.145653568357886 ], [ 156.773484422668531, 22.145060594071396 ], [ 156.769164481556146, 22.140315002036147 ], [ 156.768640935830973, 22.139740496227176 ], [ 156.767593642033518, 22.138592553903578 ], [ 156.767037312422332, 22.137983484450587 ], [ 156.764838670569048, 22.135579256677801 ], [ 156.764296968431239, 22.134987581012638 ], [ 156.763213564155336, 22.133805599349245 ], [ 156.7626690003747, 22.133212176301299 ], [ 156.753670120479939, 22.123416575315218 ], [ 156.752691482726078, 22.12235242552444 ], [ 156.75234708015401, 22.121978238305445 ], [ 156.751553807063061, 22.121117130251776 ], [ 156.750530970328469, 22.120008203216429 ], [ 156.747762339061552, 22.117009787971625 ], [ 156.746569710324621, 22.115721467771777 ], [ 156.744196617979952, 22.113164448780566 ], [ 156.743008695395389, 22.111887667781957 ], [ 156.738248696220836, 22.106784312846145 ], [ 156.737057581043047, 22.105510446550312 ], [ 156.734671321724733, 22.10296480218426 ], [ 156.733476978880191, 22.101693876671618 ], [ 156.726428685335833, 22.094212046049279 ], [ 156.725547656399982, 22.093278495806288 ], [ 156.723782816025079, 22.091411892645112 ], [ 156.722899723144479, 22.090479600553493 ], [ 156.719361842375775, 22.086751425038528 ], [ 156.718477065065343, 22.085820755324164 ], [ 156.716705209978414, 22.083960430330023 ], [ 156.715819080087527, 22.083031766103517 ], [ 156.705398283904316, 22.072129858706234 ], [ 156.704095023267229, 22.070769992041818 ], [ 156.701483189698166, 22.068052062752884 ], [ 156.700175680663875, 22.066695108092972 ], [ 156.694935148538917, 22.061270904728985 ], [ 156.693623805694557, 22.059917220003967 ], [ 156.690996529866908, 22.057212418119093 ], [ 156.689681668874556, 22.055862401728859 ], [ 156.679138117031044, 22.045065182612575 ], [ 156.677819546335655, 22.04371840827821 ], [ 156.675177114232753, 22.041026716709894 ], [ 156.673854329314878, 22.039682897548005 ], [ 156.668552741316404, 22.034311338697648 ], [ 156.667226161258696, 22.032970827242309 ], [ 156.664568443379409, 22.03029241776116 ], [ 156.663238389241116, 22.028955608814613 ], [ 156.652573339888392, 22.018264301057087 ], [ 156.651239614716843, 22.016930771938064 ], [ 156.648566898844052, 22.014265624759105 ], [ 156.647228996321502, 22.012935092181124 ], [ 156.641866981976165, 22.007616786685759 ], [ 156.640525323884873, 22.006289599585898 ], [ 156.637837480516197, 22.003637885580275 ], [ 156.636492391511496, 22.002314436962024 ], [ 156.625707110894979, 21.991730251949861 ], [ 156.62435839132749, 21.990410119132207 ], [ 156.621655709144449, 21.987771815817013 ], [ 156.620302847298973, 21.9864547218084 ], [ 156.614881043326164, 21.981190271314375 ], [ 156.613524466381961, 21.979876559655821 ], [ 156.610806816782116, 21.977251841499765 ], [ 156.609446852990487, 21.975941901597878 ], [ 156.59854262084562, 21.965466038127573 ], [ 156.597179066061955, 21.964159450898222 ], [ 156.594446738626544, 21.961548291820748 ], [ 156.593079077538079, 21.96024478387028 ], [ 156.587598127852146, 21.955034784627856 ], [ 156.586226791234282, 21.953734697698536 ], [ 156.583479657361096, 21.951137271268493 ], [ 156.58210497976134, 21.949840990269877 ], [ 156.571083087515404, 21.9394746327485 ], [ 156.569704858492884, 21.938181739496144 ], [ 156.566943208662821, 21.935598018733998 ], [ 156.565560910208802, 21.934308246129007 ], [ 156.560021462321487, 21.929153287194822 ], [ 156.558635529706322, 21.927866970684533 ], [ 156.555859236214957, 21.925297131857548 ], [ 156.554470006685762, 21.924014654552934 ], [ 156.543331756556171, 21.913758976595915 ], [ 156.541939016972862, 21.912479922111288 ], [ 156.539148370301774, 21.90992393374313 ], [ 156.537751598158053, 21.908648040375283 ], [ 156.532154305877185, 21.903548706308015 ], [ 156.530753940042956, 21.902276305907321 ], [ 156.52794881428693, 21.899734344265084 ], [ 156.526545197403408, 21.898465816344668 ], [ 156.515291902399923, 21.88832197717781 ], [ 156.51388481593213, 21.887056907150935 ], [ 156.51106550157229, 21.884528938959818 ], [ 156.509654420315911, 21.883267070519224 ], [ 156.503999942843535, 21.878223935986142 ], [ 156.502585309264902, 21.876965596485547 ], [ 156.499751681295749, 21.874451798911792 ], [ 156.498333842533526, 21.873197363367922 ], [ 156.486966826458371, 21.863166509627035 ], [ 156.485545558581208, 21.861915567050232 ], [ 156.482697907483072, 21.859415905020512 ], [ 156.481272683487902, 21.858168203600002 ], [ 156.475561685424196, 21.853181838771235 ], [ 156.474132950476161, 21.85193770226374 ], [ 156.471271153941217, 21.84945235294424 ], [ 156.469839258775124, 21.848212151869689 ], [ 156.458359857122588, 21.838295416700561 ], [ 156.456924575109525, 21.837058742766999 ], [ 156.454048922720432, 21.834587669285867 ], [ 156.452609721462267, 21.833354276079547 ], [ 156.446842873700263, 21.828425243930269 ], [ 156.44540020465675, 21.827195450709922 ], [ 156.442510575003922, 21.824738830233287 ], [ 156.441064791607488, 21.823513003922528 ], [ 156.429474349761819, 21.813711506980894 ], [ 156.428025221786953, 21.81248924198519 ], [ 156.425121904452936, 21.810047034943352 ], [ 156.42366889680298, 21.808828089345297 ], [ 156.417846873834748, 21.803956947455617 ], [ 156.416390439767184, 21.802741636017998 ], [ 156.413473314242566, 21.800314022274733 ], [ 156.412013812587844, 21.799102708323716 ], [ 156.400313687627232, 21.789417556675403 ], [ 156.398850882762787, 21.788209837314525 ], [ 156.395920240427046, 21.785796773702572 ], [ 156.394453594558655, 21.784592413309639 ], [ 156.388577077171277, 21.779779710265728 ], [ 156.387107048951776, 21.778579017308061 ], [ 156.384162769297205, 21.776180684591282 ], [ 156.382689719355795, 21.77498402059652 ], [ 156.37088127734981, 21.765416306917416 ], [ 156.369404967365682, 21.764223270787625 ], [ 156.366447340872725, 21.761839622201194 ], [ 156.364967229454493, 21.760649981911456 ], [ 156.359036903830685, 21.755896261803514 ], [ 156.357553451431187, 21.754710323123277 ], [ 156.354582362086859, 21.752341541229526 ], [ 156.353095934730192, 21.751159662089179 ], [ 156.341180553440637, 21.741710464666625 ], [ 156.339690909208485, 21.740532245766929 ], [ 156.336706644796465, 21.738178281103046 ], [ 156.335213238700788, 21.737003495814974 ], [ 156.32922979551941, 21.732309294638753 ], [ 156.327733093407829, 21.731138244234899 ], [ 156.324547366468693, 21.728652549575912 ], [ 156.32323590851118, 21.727632319076633 ], [ 156.311059494500938, 21.718182089232528 ], [ 156.310280321879674, 21.717577912091429 ], [ 156.309757998333481, 21.717173328686783 ], [ 156.309231959687423, 21.716766287434439 ], [ 156.307034434791859, 21.715066986952223 ], [ 156.306508780156747, 21.714660899881068 ], [ 156.30545678290494, 21.713848969454716 ], [ 156.304930876459622, 21.713443463345754 ], [ 156.300586018730456, 21.710096395332698 ], [ 156.299043190391245, 21.708911180606862 ], [ 156.295953490361995, 21.706544276497539 ], [ 156.294407313846733, 21.705363120412045 ], [ 156.288504757489278, 21.700866528168262 ], [ 156.287027256802759, 21.699743934135768 ], [ 156.284068334387058, 21.697501771389994 ], [ 156.282587852447961, 21.696382913141264 ], [ 156.274655422809843, 21.690403810987618 ], [ 156.27366421253376, 21.689657975335706 ], [ 156.271679328738657, 21.688167124213692 ], [ 156.270686462810346, 21.687422714886793 ], [ 156.266710124773368, 21.684446706250839 ], [ 156.265716041163188, 21.683704023622198 ], [ 156.263725954789635, 21.68221988863732 ], [ 156.26273105189685, 21.681479255563517 ], [ 156.250503211954566, 21.672391946231755 ], [ 156.248974611789805, 21.671258967727567 ], [ 156.245912524543911, 21.668995634041607 ], [ 156.244380284822938, 21.66786620156455 ], [ 156.238241684307042, 21.663353703011325 ], [ 156.236706279871356, 21.662228102545328 ], [ 156.233631432145586, 21.65998016165554 ], [ 156.232093243408855, 21.658858734942982 ], [ 156.219764070556067, 21.64989412011775 ], [ 156.218222836714887, 21.64877648045055 ], [ 156.215135515392291, 21.646543872102399 ], [ 156.213590684263323, 21.645429813535401 ], [ 156.207401779269418, 21.640978907750934 ], [ 156.205853827492348, 21.639868712671159 ], [ 156.202753923755523, 21.637651623923716 ], [ 156.201203236241128, 21.636545631376208 ], [ 156.188774156802225, 21.627704720996434 ], [ 156.187220468250899, 21.626602544272487 ], [ 156.18410826898176, 21.624400911273483 ], [ 156.182551024510786, 21.623302352522046 ], [ 156.17631253089931, 21.618913541327402 ], [ 156.174752210746675, 21.61781887753952 ], [ 156.171627608927707, 21.615632889146895 ], [ 156.170064601600671, 21.614542454870701 ], [ 156.157537050894717, 21.605826243586762 ], [ 156.155971087496624, 21.604739654811539 ], [ 156.152834369111616, 21.6025692462743 ], [ 156.151264891162242, 21.601486310545198 ], [ 156.144977528391024, 21.597160087668385 ], [ 156.143405019726316, 21.596081077479965 ], [ 156.140256081354124, 21.593926436755993 ], [ 156.138680934977771, 21.592851682159846 ], [ 156.126056356416285, 21.584261151131528 ], [ 156.124478298036053, 21.583190272613393 ], [ 156.121317422961312, 21.581051332253651 ], [ 156.119735893197713, 21.579984141855107 ], [ 156.113400385220103, 21.57572099293003 ], [ 156.111815869706817, 21.574657757749776 ], [ 156.108642956308273, 21.572534706611862 ], [ 156.107055851646834, 21.571475754003416 ], [ 156.094335700333232, 21.563011869103093 ], [ 156.092745728633332, 21.561956821350549 ], [ 156.089561060195393, 21.559849588388033 ], [ 156.087967659380553, 21.558798263829232 ], [ 156.081584735547864, 21.554598669093622 ], [ 156.079988395748416, 21.553551329430633 ], [ 156.07679187244733, 21.551460106199244 ], [ 156.075192992963053, 21.550417074288816 ], [ 156.062378730295023, 21.542080786099802 ], [ 156.06077702873759, 21.541041687823935 ], [ 156.057568932960208, 21.538966400579312 ], [ 156.055963845455523, 21.537931058771647 ], [ 156.049534238714983, 21.533795490369954 ], [ 156.047926257191676, 21.532764163135852 ], [ 156.044706491811581, 21.53070500433293 ], [ 156.043096020066201, 21.529678009133107 ], [ 156.030189118234063, 21.521470256547445 ], [ 156.028575870281003, 21.520447223760868 ], [ 156.025344715886291, 21.51840411515812 ], [ 156.023728124254177, 21.517384873013924 ], [ 156.017252573847969, 21.5133137958953 ], [ 156.015633134961519, 21.512298597102898 ], [ 156.012390496225322, 21.510271732055173 ], [ 156.010768618377739, 21.509260891377352 ], [ 155.99777055676671, 21.501182594401456 ], [ 155.996145946778398, 21.500175743116444 ], [ 155.992892103388641, 21.498165043382443 ], [ 155.991264194687375, 21.49716201511535 ], [ 155.984743441656775, 21.493155886135867 ], [ 155.983112731568127, 21.492156929099224 ], [ 155.979847590894025, 21.490162587134137 ], [ 155.978214491306545, 21.489168012494247 ], [ 155.965126759193282, 21.481220080342894 ], [ 155.963490974229359, 21.480229522974582 ], [ 155.960214814162924, 21.478251456939688 ], [ 155.958575773653394, 21.477264755864184 ], [ 155.952010564436506, 21.473324024684416 ], [ 155.950368769303765, 21.472341422718927 ], [ 155.947081500811151, 21.470379827767204 ], [ 155.945437367441428, 21.46940163158024 ], [ 155.932261460398678, 21.46158495548184 ], [ 155.930614686619293, 21.460610803546189 ], [ 155.927316585792283, 21.458665593342971 ], [ 155.925666601432823, 21.457695330075722 ], [ 155.919057685164972, 21.453820440061804 ], [ 155.917404993846077, 21.452854302884163 ], [ 155.914095972551678, 21.450925674380869 ], [ 155.912440992458443, 21.44996396636418 ], [ 155.899178416851356, 21.442279424056437 ], [ 155.897520842213368, 21.441321786371731 ], [ 155.89420117564444, 21.439409651434687 ], [ 155.89254043629299, 21.43845593389463 ], [ 155.885888568403317, 21.434647319418559 ], [ 155.884225168857398, 21.433697756746511 ], [ 155.881827218352129, 21.432511411572762 ], [ 155.880826745958217, 21.431913398384836 ], [ 155.87728724820866, 21.429870822181101 ], [ 155.870886865837093, 21.426191778428347 ], [ 155.869821568511185, 21.425585558027336 ], [ 155.863836224162952, 21.422199365908455 ], [ 155.861428130204928, 21.42085847493928 ], [ 155.860581032688884, 21.420387296736777 ], [ 155.853878094998919, 21.416661738249104 ], [ 155.852112628695551, 21.415683148159246 ], [ 155.850883538744853, 21.415017612073456 ], [ 155.847513697199844, 21.413192917319861 ], [ 155.844485552167072, 21.411371051833015 ], [ 155.835857641717695, 21.406629428505624 ], [ 155.829993925279865, 21.403441392106856 ], [ 155.829485154517016, 21.403168035077215 ], [ 155.82832414684222, 21.402544799503403 ], [ 155.817232528359256, 21.396384944410102 ], [ 155.813860523944896, 21.394556499483087 ], [ 155.812174140424787, 21.393644896295314 ], [ 155.79866066835578, 21.38636187070415 ], [ 155.798051492782776, 21.386033887953857 ], [ 155.79672809092952, 21.385322248123771 ], [ 155.796083518040319, 21.384976050504861 ], [ 155.793307768639153, 21.383487026805227 ], [ 155.792336362333714, 21.382966561258286 ], [ 155.791690736339007, 21.382621106479206 ], [ 155.791048454923299, 21.382277884716899 ], [ 155.785621103931391, 21.3793799606172 ], [ 155.784851138569962, 21.378969208762356 ], [ 155.783694957556719, 21.378352972612163 ], [ 155.781999956733472, 21.377452436481235 ], [ 155.778607265213651, 21.375655566751448 ], [ 155.776910034071449, 21.374759476868775 ], [ 155.771145473285316, 21.371725428685949 ], [ 155.769704107359331, 21.370968797572459 ], [ 155.766818774667087, 21.369458209928865 ], [ 155.765375770176348, 21.368704757019373 ], [ 155.756952572404003, 21.364318186035774 ], [ 155.755900297261775, 21.363771226461267 ], [ 155.753793645261027, 21.362678353223828 ], [ 155.752740126356372, 21.362132884725384 ], [ 155.748521885077849, 21.359953090863087 ], [ 155.747467602648072, 21.359409342767208 ], [ 155.745357513438677, 21.358323194660102 ], [ 155.744302919844614, 21.357781418777904 ], [ 155.730629851387249, 21.350770179100891 ], [ 155.728397870766031, 21.349630323481222 ], [ 155.72392783909882, 21.347357021709684 ], [ 155.721691324995305, 21.346224356169387 ], [ 155.712732804875628, 21.341706170303951 ], [ 155.71049232026499, 21.340580882802101 ], [ 155.706005978493664, 21.338337080592197 ], [ 155.703761949654819, 21.337219476897616 ], [ 155.685778099680107, 21.328299553881578 ], [ 155.68353015249491, 21.327189153756848 ], [ 155.679027714658133, 21.324974555231847 ], [ 155.676775056824255, 21.323871260650463 ], [ 155.667751575975245, 21.319470438110642 ], [ 155.665494769568255, 21.318374432534398 ], [ 155.660975885829231, 21.316189264323498 ], [ 155.658715361625497, 21.315100851723344 ], [ 155.644847874130988, 21.308451981274288 ], [ 155.642314033366148, 21.307242875158977 ], [ 155.63723947742065, 21.30483310936097 ], [ 155.634700393608824, 21.303633223994524 ], [ 155.624529751947335, 21.298850099652753 ], [ 155.621985683193003, 21.297659442229786 ], [ 155.616891249532301, 21.295286862499069 ], [ 155.614342290265, 21.294105594897815 ], [ 155.603810540224941, 21.289248651504408 ], [ 155.603084473470489, 21.288914252091445 ], [ 155.601630516135771, 21.288245555788137 ], [ 155.600903537468554, 21.287911678881301 ], [ 155.597992631655444, 21.286576667679441 ], [ 155.597269889694331, 21.286245662307891 ], [ 155.595823621563824, 21.285584221734808 ], [ 155.595107658692342, 21.285257237232059 ], [ 155.590788960442666, 21.283287505214389 ], [ 155.582009998962945, 21.279198415574967 ], [ 155.577555469809482, 21.277141317118321 ], [ 155.568616351664133, 21.273048831638846 ], [ 155.564139435686826, 21.271017016722254 ], [ 155.563303392638346, 21.270640928336576 ], [ 155.562427107625609, 21.270247417384752 ], [ 155.560673866706423, 21.269461447688059 ], [ 155.55979720577696, 21.269069120244012 ], [ 155.556288410882331, 21.267501528173284 ], [ 155.555411415404848, 21.267110388733869 ], [ 155.553656395626632, 21.266329002881662 ], [ 155.552779085387243, 21.265939073929701 ], [ 155.545752715516329, 21.2628213681121 ], [ 155.544875093211459, 21.262432608278601 ], [ 155.543118347634191, 21.261655769398629 ], [ 155.542239938423478, 21.26126800781276 ], [ 155.538723318527133, 21.259718314049508 ], [ 155.537844582861482, 21.259331742266568 ], [ 155.536086087203586, 21.258559492626773 ], [ 155.535207466651542, 21.258174315692514 ], [ 155.521934950837505, 21.252365260049061 ], [ 155.521052566623354, 21.251979694607627 ], [ 155.519285450963508, 21.251208889279269 ], [ 155.518401858959152, 21.250824149415564 ], [ 155.514863659830354, 21.249286201697146 ], [ 155.513979322288407, 21.248902476268626 ], [ 155.512209621078028, 21.248135935525397 ], [ 155.511324979564648, 21.247753431376168 ], [ 155.504238247197947, 21.244694495355049 ], [ 155.5033528808315, 21.244312988553958 ], [ 155.501580643532776, 21.243550680020348 ], [ 155.500694494755777, 21.243170188553563 ], [ 155.497146918395998, 21.241649618435559 ], [ 155.496260028578405, 21.241270146800389 ], [ 155.494485227312197, 21.240512118140174 ], [ 155.493597615338132, 21.240133688818872 ], [ 155.49275022284499, 21.239773055282683 ], [ 155.49186518563036, 21.239397074815656 ], [ 155.490094466386864, 21.238646180477303 ], [ 155.489209081134987, 21.238271392511137 ], [ 155.485665426718953, 21.236773997922114 ], [ 155.484779732998987, 21.236400404255619 ], [ 155.483007337419082, 21.235654130634146 ], [ 155.482121356816066, 21.235281753750229 ], [ 155.475025660006651, 21.232304623659871 ], [ 155.47413939341871, 21.23193342218994 ], [ 155.472365372764244, 21.231191730614512 ], [ 155.471478341752942, 21.230821543579623 ], [ 155.467927263433268, 21.229342209176025 ], [ 155.467039932047925, 21.228973217340354 ], [ 155.465264264734657, 21.228236150978091 ], [ 155.464377080838432, 21.227868553091753 ], [ 155.450981139368565, 21.222327428868198 ], [ 155.450090540746515, 21.221959665506745 ], [ 155.44830700346634, 21.221224512901358 ], [ 155.447415215939856, 21.220857598499748 ], [ 155.443844261704072, 21.219391031770897 ], [ 155.442951751123161, 21.219025147992511 ], [ 155.441165728116431, 21.218294307636626 ], [ 155.440272942342773, 21.217929649633987 ], [ 155.43312108646947, 21.215013673442911 ], [ 155.432227597426532, 21.214650026278264 ], [ 155.430439134558952, 21.213923466694837 ], [ 155.429544888286642, 21.213560851052875 ], [ 155.42596495342039, 21.212111839989916 ], [ 155.425069988589968, 21.211750256769392 ], [ 155.423279059781436, 21.21102802652257 ], [ 155.422383397076629, 21.210667500904862 ], [ 155.4215253134428, 21.210322744899258 ], [ 155.420631926022935, 21.209964472982506 ], [ 155.418844527053835, 21.209249008335689 ], [ 155.417950817676484, 21.208891935215007 ], [ 155.414373902733843, 21.207465444974588 ], [ 155.413479911869132, 21.207109573348561 ], [ 155.411690940884711, 21.206398762693055 ], [ 155.41079668921671, 21.206044113245753 ], [ 155.40363486885488, 21.203208962723835 ], [ 155.402740357282511, 21.202855494985556 ], [ 155.4009498646449, 21.20214930055019 ], [ 155.400054611131878, 21.201796863434879 ], [ 155.396470677879762, 21.200388584465969 ], [ 155.395575150973087, 21.200037347945567 ], [ 155.393783115099524, 21.199335812897743 ], [ 155.392887766257701, 21.198985966729339 ], [ 155.379374150297309, 21.193715000647074 ], [ 155.37847573746572, 21.193365195847377 ], [ 155.376676580760233, 21.192666007130839 ], [ 155.375776999709075, 21.192317074673696 ], [ 155.372174892957702, 21.190922511265285 ], [ 155.37127461133494, 21.190574622021757 ], [ 155.36947306782875, 21.189879793218267 ], [ 155.368572538892437, 21.189533136045895 ], [ 155.361358770091471, 21.186761353553919 ], [ 155.360457562167454, 21.186415720709533 ], [ 155.358653675926718, 21.185725218544576 ], [ 155.357751733256379, 21.185380630711734 ], [ 155.354141046073011, 21.184003792041807 ], [ 155.353238408226758, 21.183660251919406 ], [ 155.351432155870185, 21.182974125855708 ], [ 155.350528845330842, 21.182631655027308 ], [ 155.3496607405514, 21.182303173153343 ], [ 155.348759404024037, 21.181962777960138 ], [ 155.346956132020665, 21.181283079351203 ], [ 155.346054500515294, 21.180943891048059 ], [ 155.342445939328996, 21.179588976950157 ], [ 155.341544053315744, 21.179250994637982 ], [ 155.339739312720013, 21.178575983295616 ], [ 155.338837194681702, 21.178239228557999 ], [ 155.331612478433868, 21.175547394896597 ], [ 155.330710126571404, 21.175211827264434 ], [ 155.328903966845445, 21.174541463618056 ], [ 155.328000895525321, 21.174206940997806 ], [ 155.324385723422921, 21.172870382962174 ], [ 155.323482404789871, 21.172537068131504 ], [ 155.321674807047458, 21.171871394449909 ], [ 155.320771697056927, 21.171539466373673 ], [ 155.307146195541151, 21.166540785329573 ], [ 155.306240370497022, 21.166209087479842 ], [ 155.304426402857104, 21.16554615762945 ], [ 155.30351943027793, 21.165215355504557 ], [ 155.299887787092558, 21.163893384472544 ], [ 155.298980139122619, 21.163563639051176 ], [ 155.297163882707565, 21.162905114979452 ], [ 155.296256014404463, 21.162576604327342 ], [ 155.288983569337148, 21.15995018915055 ], [ 155.288075044528256, 21.159622717215029 ], [ 155.286256544304962, 21.158968563848333 ], [ 155.285347309031664, 21.158642150415176 ], [ 155.281707489209595, 21.157338065999255 ], [ 155.280797583942018, 21.157012713766107 ], [ 155.278976817427207, 21.156362981466941 ], [ 155.278066262848625, 21.156038712017335 ], [ 155.277188818609403, 21.155726869400098 ], [ 155.276279938568933, 21.155404511909069 ], [ 155.274461604719846, 21.15476090129485 ], [ 155.273552456681301, 21.154439756090369 ], [ 155.269913871628574, 21.15315705755259 ], [ 155.269004496061285, 21.152837124634033 ], [ 155.267184799739567, 21.152198230964075 ], [ 155.266275220026074, 21.151879530116673 ], [ 155.258990858941871, 21.149332283158856 ], [ 155.258081071485122, 21.149014773913109 ], [ 155.256260058555341, 21.14838055671774 ], [ 155.255349575023757, 21.148064107772825 ], [ 155.251704789145407, 21.146799900195447 ], [ 155.250794086178672, 21.146484664436002 ], [ 155.248971739554491, 21.145855166882711 ], [ 155.248061275808055, 21.145541313381301 ], [ 155.23432971004857, 21.140816941748909 ], [ 155.233565636145755, 21.140554481804287 ], [ 155.232035313779335, 21.14002972828996 ], [ 155.231270205655989, 21.139767827723375 ], [ 155.228206467255319, 21.138720905345963 ], [ 155.227440795257422, 21.138459717941828 ], [ 155.225908727306347, 21.137938010431213 ], [ 155.225299185709588, 21.137730755370285 ], [ 155.218787495147723, 21.13552105905012 ], [ 155.217687646768155, 21.135148486114076 ], [ 155.217174379394834, 21.134974858503284 ], [ 155.215172779900769, 21.134298550338258 ], [ 155.214292560353925, 21.134001739888902 ], [ 155.212537996531779, 21.133411300791465 ], [ 155.211660622440178, 21.133116647815399 ], [ 155.209862747268772, 21.132514150607904 ], [ 155.208593531367143, 21.132089597757158 ], [ 155.20694539421541, 21.131539374542967 ], [ 155.205511968403499, 21.131061498189979 ], [ 155.20455059313602, 21.130741735243191 ], [ 155.20267544641527, 21.130119439460827 ], [ 155.201737897786671, 21.129808978202163 ], [ 155.198072908638693, 21.128597979014046 ], [ 155.197156947335799, 21.128295965087204 ], [ 155.195324102925866, 21.127692927387159 ], [ 155.194407965355964, 21.127392149128752 ], [ 155.187071198078257, 21.124988432170937 ], [ 155.186154856362151, 21.124688841916736 ], [ 155.184320755598975, 21.124090489684789 ], [ 155.183403742989213, 21.1237919732215 ], [ 155.179732875872361, 21.122599548630888 ], [ 155.178815625841054, 21.122302233661799 ], [ 155.176980210268908, 21.121708597474196 ], [ 155.176063145498375, 21.121412632387461 ], [ 155.163501297347722, 21.11736685499676 ], [ 155.162661398005554, 21.117096856035346 ], [ 155.160979545270521, 21.116557277197018 ], [ 155.160138672862018, 21.116288046256727 ], [ 155.15677188361613, 21.115212207078088 ], [ 155.155930472513916, 21.114943873661105 ], [ 155.154246845416452, 21.114408032405379 ], [ 155.153405315603237, 21.114140742201812 ], [ 155.146664604588892, 21.112003926939991 ], [ 155.145822572054527, 21.111737526166394 ], [ 155.144137247936584, 21.111205405405599 ], [ 155.143294642534244, 21.110939903953835 ], [ 155.13992171901296, 21.109879248029245 ], [ 155.139078621681989, 21.109614660288798 ], [ 155.137391626622872, 21.109086315781383 ], [ 155.136548105711, 21.108822675926262 ], [ 155.13438291324124, 21.1081473336329 ], [ 155.133460466028311, 21.107860258344829 ], [ 155.131614871929429, 21.107287180659341 ], [ 155.130692123443538, 21.107001301469154 ], [ 155.12699904307172, 21.105859692171379 ], [ 155.126076076050509, 21.105575020770971 ], [ 155.124229237289825, 21.105006688807975 ], [ 155.123306119182899, 21.104723258472063 ], [ 155.115913378100487, 21.102458424717042 ], [ 155.114990037860395, 21.102176174291344 ], [ 155.113141953538644, 21.101612532292847 ], [ 155.112217963988343, 21.101331370946468 ], [ 155.108519220586032, 21.100208423480325 ], [ 155.107594975628132, 21.099928457332823 ], [ 155.105745588188853, 21.099369537674534 ], [ 155.104821469136283, 21.099090892630954 ], [ 155.093453485390825, 21.095670659373809 ], [ 155.092607989567597, 21.095416785256987 ], [ 155.090915126432861, 21.094909549636441 ], [ 155.090068760965465, 21.09465648850653 ], [ 155.08668019733355, 21.093645443682675 ], [ 155.085833356125278, 21.093393303458583 ], [ 155.084138886800957, 21.092889862977103 ], [ 155.083291949364167, 21.092638767765294 ], [ 155.076508184206006, 21.090631722876083 ], [ 155.075660807001526, 21.090381538677548 ], [ 155.073964807031103, 21.089881875348709 ], [ 155.073116875843795, 21.089632600364581 ], [ 155.069722679758712, 21.08863690067264 ], [ 155.068874319594812, 21.088388561883107 ], [ 155.067176817756518, 21.087892729666237 ], [ 155.066328141930995, 21.087645372036661 ], [ 155.062867946398939, 21.086639014479374 ], [ 155.061939617620197, 21.08636965583554 ], [ 155.060082110201648, 21.085831974566332 ], [ 155.059153418096486, 21.085563793134952 ], [ 155.055436432845596, 21.084492962280564 ], [ 155.054507505118323, 21.084225980544829 ], [ 155.052648767427542, 21.083693043199901 ], [ 155.05171971469386, 21.083427305226337 ], [ 155.044279383287773, 21.081304105700355 ], [ 155.043350089535949, 21.08103954044293 ], [ 155.04149011977384, 21.080511293062159 ], [ 155.040560200093552, 21.080247827675493 ], [ 155.036837776642557, 21.079195719807103 ], [ 155.035907583568616, 21.078933442424727 ], [ 155.034046324179343, 21.078409918283512 ], [ 155.033116198554723, 21.078148936824505 ], [ 155.02296279869509, 21.075306675363208 ], [ 155.022111930322268, 21.075068998036215 ], [ 155.020408508246334, 21.074594238733425 ], [ 155.019556875450149, 21.074357414863215 ], [ 155.016147441251888, 21.073411427895621 ], [ 155.015295394767492, 21.073175545615413 ], [ 155.013590534675728, 21.072704637209625 ], [ 155.012738416245753, 21.07246980174034 ], [ 155.005913408177577, 21.070593044333805 ], [ 155.005060911133029, 21.070359140562516 ], [ 155.003354688568407, 21.069892062369149 ], [ 155.002501658225157, 21.069659077704614 ], [ 154.999087096093177, 21.068728587854451 ], [ 154.998233700625548, 21.068496560068496 ], [ 154.99652614706477, 21.068033364248663 ], [ 154.995672543853544, 21.0678023455024 ], [ 154.990903194427489, 21.066514497446548 ], [ 154.989969484105274, 21.066262999338335 ], [ 154.988101061615481, 21.065761005865966 ], [ 154.987166926812989, 21.065510666084691 ], [ 154.983428034076866, 21.064511200931378 ], [ 154.982493644766492, 21.064262053651163 ], [ 154.980624006393583, 21.063764803203412 ], [ 154.979689519955656, 21.063516901484263 ], [ 154.972205594813119, 21.061536503507455 ], [ 154.971270847572356, 21.061289767309404 ], [ 154.969399989718028, 21.060797206825896 ], [ 154.968464640830717, 21.060551583089591 ], [ 154.964720534725558, 21.059570893981913 ], [ 154.963784894457632, 21.059326451954576 ], [ 154.96191276046639, 21.058838615609915 ], [ 154.960977126493987, 21.058595445223858 ], [ 154.95205747147557, 21.056283058016987 ], [ 154.951201539020445, 21.056061670110239 ], [ 154.949488176738697, 21.05561956698989 ], [ 154.948631585079767, 21.055399070311211 ], [ 154.945202522279288, 21.054518490136729 ], [ 154.944345581684189, 21.054298953934108 ], [ 154.942630952257133, 21.053860752072467 ], [ 154.941773961299901, 21.053642263579832 ], [ 154.934910196049515, 21.051896482536904 ], [ 154.934052891228845, 21.051678944628065 ], [ 154.932337068401495, 21.051244619743812 ], [ 154.931479250068065, 21.05102801173399 ], [ 154.92804556565082, 21.050163070769344 ], [ 154.927187446044428, 21.049947435825857 ], [ 154.925470463091898, 21.049517040979254 ], [ 154.924612246358748, 21.049302441155191 ], [ 154.918521184905586, 21.047783023068376 ], [ 154.917582512124028, 21.047549489817328 ], [ 154.915704012730572, 21.047083403576721 ], [ 154.914764852516356, 21.046851015162702 ], [ 154.911005726833451, 21.045923356378239 ], [ 154.910066294124846, 21.045692154169927 ], [ 154.908186592338183, 21.045230810054136 ], [ 154.907247089482127, 21.045000855205529 ], [ 154.899722917878677, 21.043164140113618 ], [ 154.89878313533373, 21.04293534449107 ], [ 154.896902225757827, 21.042478691239069 ], [ 154.895961864948418, 21.042251018869933 ], [ 154.892197751625787, 21.041342189191113 ], [ 154.891257080550446, 21.041115694034545 ], [ 154.889374908326232, 21.040663766719859 ], [ 154.888434182392103, 21.040438521620672 ], [ 154.880765864753272, 21.038607426391962 ], [ 154.87990520276324, 21.038402421434967 ], [ 154.878182572968313, 21.03799315795834 ], [ 154.877321360593243, 21.0377890775043 ], [ 154.873874017272925, 21.036974262052922 ], [ 154.873012519812534, 21.036771160960711 ], [ 154.87128879554237, 21.036365841910481 ], [ 154.870427270203123, 21.036163790327095 ], [ 154.863527450232283, 21.034549686219577 ], [ 154.86266567488147, 21.034348599608478 ], [ 154.860940928082215, 21.033947202501906 ], [ 154.860078659003676, 21.033747055682511 ], [ 154.856627204882244, 21.032948007145137 ], [ 154.855764700181254, 21.032748849580031 ], [ 154.854038965926378, 21.032351423879504 ], [ 154.853176473815921, 21.032153323917385 ], [ 154.845752744794282, 21.030452607902077 ], [ 154.844809506154462, 21.030237131238977 ], [ 154.842921716764323, 21.029807138388946 ], [ 154.841977926840769, 21.029592794871974 ], [ 154.838200143822093, 21.028737322869574 ], [ 154.83725606161866, 21.028524160162164 ], [ 154.83536708422443, 21.028098911236157 ], [ 154.834422958853025, 21.027886996787856 ], [ 154.826861694711994, 21.026194721809389 ], [ 154.825917269867006, 21.02598396209055 ], [ 154.824027095474349, 21.025563405826773 ], [ 154.823082116647157, 21.025353780153154 ], [ 154.819299572618064, 21.024517187618528 ], [ 154.818354263738712, 21.024308734660707 ], [ 154.816462841088111, 21.023892908831215 ], [ 154.815517417095776, 21.023685687944635 ], [ 154.809116445668025, 21.022286855454524 ], [ 154.808251403080163, 21.022098326077526 ], [ 154.806520205443718, 21.021722075813585 ], [ 154.805654720389867, 21.021534501516442 ], [ 154.802190498592978, 21.020785791631511 ], [ 154.801324795003808, 21.020599211085113 ], [ 154.799592674663046, 21.020226946616617 ], [ 154.798726965677844, 21.020041414679781 ], [ 154.791793896871496, 21.018559659301388 ], [ 154.790928001726485, 21.018375107625474 ], [ 154.789195031525907, 21.018006802872037 ], [ 154.788328662438317, 21.017823199981194 ], [ 154.784860844252904, 21.017090373922059 ], [ 154.783994305193374, 21.016907774674337 ], [ 154.782260521106679, 21.016543478199395 ], [ 154.781394107053103, 21.016361953641535 ], [ 154.772628364707799, 21.014530525663815 ], [ 154.771680943321741, 21.014333184729026 ], [ 154.769784631955673, 21.01393945164466 ], [ 154.768836594533951, 21.013743235762007 ], [ 154.765041686625324, 21.012960286888188 ], [ 154.764093338037839, 21.012765248218074 ], [ 154.762195852157248, 21.012376261755293 ], [ 154.761247486482631, 21.012182471344374 ], [ 154.753652194693615, 21.010635310071962 ], [ 154.752703509759527, 21.010442670792941 ], [ 154.75080483767394, 21.010058380590351 ], [ 154.749855623938316, 21.009866886148359 ], [ 154.746056179849376, 21.009102866204785 ], [ 154.745106617177413, 21.008912541780631 ], [ 154.743206708523104, 21.008532986508726 ], [ 154.742256966886117, 21.008343877968059 ], [ 154.737137764097071, 21.007327876980469 ], [ 154.73626869884211, 21.0071559086185 ], [ 154.734529650124188, 21.006812837942562 ], [ 154.7336602512203, 21.006641849842083 ], [ 154.730180586265902, 21.005959568379723 ], [ 154.729311033577829, 21.005789587519757 ], [ 154.727571236624129, 21.005450537712505 ], [ 154.726701701922281, 21.005281606361564 ], [ 154.719738258514695, 21.003932829236987 ], [ 154.71886860240491, 21.003764889838067 ], [ 154.717128128261351, 21.003429832121384 ], [ 154.716258019792605, 21.003262850500505 ], [ 154.712775273760684, 21.002596553588461 ], [ 154.711905060970054, 21.002430587302229 ], [ 154.710163948308178, 21.002099569339862 ], [ 154.709293972040001, 21.001934693032041 ], [ 154.699178487597834, 21.000023407055096 ], [ 154.698186958961315, 20.999836712294837 ], [ 154.696202255030954, 20.999464367786715 ], [ 154.695210035715178, 20.999278897903167 ], [ 154.691238176301368, 20.998539148862847 ], [ 154.690245616142676, 20.998354958714714 ], [ 154.688259686436226, 20.997987782610721 ], [ 154.687267126277703, 20.997804945941795 ], [ 154.679317822660124, 20.996345899344306 ], [ 154.678324901873026, 20.996164312733299 ], [ 154.676337715813503, 20.995802247476064 ], [ 154.675344259030709, 20.995621917218131 ], [ 154.671367759115498, 20.994902795028253 ], [ 154.670373902134685, 20.994723733713954 ], [ 154.668385387775999, 20.994366821572157 ], [ 154.667391258300114, 20.994189066072863 ], [ 154.66333945904924, 20.993467384412639 ], [ 154.661977233462864, 20.993225564808313 ], [ 154.659705872428759, 20.992823760308681 ], [ 154.658343300603434, 20.992583563980702 ], [ 154.654253280165022, 20.991865072215774 ], [ 154.652890246987937, 20.991626464090331 ], [ 154.650617537869522, 20.991230014154326 ], [ 154.649253821207168, 20.99099297174871 ], [ 154.64797701952412, 20.990771779894203 ], [ 154.647220626730842, 20.990641031958347 ], [ 154.645959744846692, 20.990423511136555 ], [ 154.645203404214072, 20.990293290203482 ], [ 154.642933479396817, 20.989903241641514 ], [ 154.642177534466242, 20.989773601670748 ], [ 154.640917314483119, 20.989557911868644 ], [ 154.640162431651589, 20.989428969771552 ], [ 154.629491830784247, 20.987609607997427 ], [ 154.628744630860439, 20.987482567966481 ], [ 154.627248659898584, 20.987228984330613 ], [ 154.626500807067458, 20.987102596308091 ], [ 154.623506881237887, 20.98659812880112 ], [ 154.622758737026771, 20.986472446746205 ], [ 154.621261904514228, 20.986221752632218 ], [ 154.620513825952941, 20.986096843095197 ], [ 154.614522379704823, 20.985099391524159 ], [ 154.613926021269577, 20.985000342891936 ], [ 154.612732403278102, 20.984802581074518 ], [ 154.612135712993364, 20.984703961418973 ], [ 154.609635878293858, 20.984291819212558 ], [ 154.608839816405094, 20.984160853641015 ], [ 154.607054543433065, 20.983869411244768 ], [ 154.604088611700405, 20.983388829730984 ], [ 154.602605706089122, 20.983150040842048 ], [ 154.597851021907815, 20.982389160431808 ], [ 154.596662789057206, 20.982199958361804 ], [ 154.594285349389594, 20.981823313295649 ], [ 154.59309702750673, 20.981636010593945 ], [ 154.584800584680039, 20.980334846276577 ], [ 154.583764511723103, 20.980173060938199 ], [ 154.581690992545674, 20.979850728628662 ], [ 154.580654391687546, 20.979690313857418 ], [ 154.576505259710444, 20.979051114417643 ], [ 154.575468658852316, 20.97889213856169 ], [ 154.573394651342852, 20.978575516047528 ], [ 154.572358568493911, 20.978418070837591 ], [ 154.557008489251103, 20.976095527586722 ], [ 154.55509113015242, 20.975807831766474 ], [ 154.551253522432631, 20.97523697001057 ], [ 154.549334835934161, 20.974954037898868 ], [ 154.541654396333939, 20.973831303572211 ], [ 154.539734932821176, 20.973553170243036 ], [ 154.535894184669388, 20.973001601643006 ], [ 154.533974464850104, 20.972728389403869 ], [ 154.518599495071186, 20.97055951241191 ], [ 154.516679053096397, 20.970291010821683 ], [ 154.512835330886645, 20.969758567204508 ], [ 154.51091361547131, 20.969494841913814 ], [ 154.50322115733141, 20.968448992427511 ], [ 154.50129871796176, 20.968190074912457 ], [ 154.497452071157028, 20.967676953229073 ], [ 154.495529430339872, 20.967422957703945 ], [ 154.480131276937328, 20.965407989787423 ], [ 154.478207965225835, 20.965158712105193 ], [ 154.474358553904409, 20.964664744182983 ], [ 154.472434022712747, 20.964420256290282 ], [ 154.46473040128754, 20.963451408555983 ], [ 154.462805199201426, 20.963211734734045 ], [ 154.45895308002153, 20.962737118423689 ], [ 154.457027731345562, 20.962502368389892 ], [ 154.441608102133074, 20.960641532580894 ], [ 154.439682134723427, 20.960411507585491 ], [ 154.435827462368167, 20.959956071116153 ], [ 154.433900328538044, 20.959730846701746 ], [ 154.426186399083377, 20.958839109537706 ], [ 154.424258647418952, 20.958618705489272 ], [ 154.420401483042525, 20.958182646712203 ], [ 154.41847364054675, 20.957967168250548 ], [ 154.403034247832835, 20.956260672292501 ], [ 154.401105836965399, 20.956049925164393 ], [ 154.39724633165352, 20.955633070510203 ], [ 154.395316809224227, 20.95542713565419 ], [ 154.387593426995437, 20.954612607086574 ], [ 154.385663340690968, 20.954411498891943 ], [ 154.381801558295848, 20.954014046211682 ], [ 154.379871436018476, 20.953817862704454 ], [ 154.364413991213183, 20.952265898153087 ], [ 154.362483351825887, 20.952074451375211 ], [ 154.358619441634261, 20.951696226200283 ], [ 154.356687744644347, 20.951509602486567 ], [ 154.348955764897397, 20.950772374246071 ], [ 154.347023557991093, 20.950590582589939 ], [ 154.343157586553986, 20.950231780972445 ], [ 154.341225398533908, 20.950054914902921 ], [ 154.325751615745304, 20.948657653528244 ], [ 154.323818962775732, 20.948485529583991 ], [ 154.31995107578237, 20.948145974357828 ], [ 154.318017418270216, 20.947978684269287 ], [ 154.310277699856584, 20.947318838194263 ], [ 154.308343585488984, 20.94715638465982 ], [ 154.304473854884947, 20.946836272776068 ], [ 154.302539814261564, 20.946678743929198 ], [ 154.287051410295163, 20.945436341314462 ], [ 154.285116956882604, 20.945283559089376 ], [ 154.281245522064097, 20.944982713381904 ], [ 154.279310118068366, 20.944834773106777 ], [ 154.271563518941576, 20.944252383840876 ], [ 154.269627712049811, 20.944109285515509 ], [ 154.26575465035765, 20.943827900237778 ], [ 154.263818972068435, 20.943689725700551 ], [ 154.248317663729637, 20.942602321240543 ], [ 154.246381624812813, 20.942468896922378 ], [ 154.242507071145297, 20.94220679310942 ], [ 154.240570135603917, 20.94207822153291 ], [ 154.232817515516246, 20.941573352028854 ], [ 154.23088023013932, 20.94144962599978 ], [ 154.22700426633449, 20.941206997904914 ], [ 154.225067165317824, 20.941088193865426 ], [ 154.209554671211691, 20.940155907169753 ], [ 154.207617259929435, 20.940041856047259 ], [ 154.203740018188086, 20.939818523806196 ], [ 154.201801766039608, 20.939709334418637 ], [ 154.194043982044406, 20.939282042233003 ], [ 154.192105434019282, 20.939177701090415 ], [ 154.188226997977978, 20.938973858057579 ], [ 154.186288689172244, 20.938874437106108 ], [ 154.17076672700378, 20.938097372496031 ], [ 154.167760872567129, 20.937952703055316 ], [ 154.161746449539606, 20.937675031078015 ], [ 154.158739750639626, 20.93754211577658 ], [ 154.146706598631027, 20.937033549159395 ], [ 154.143701442968137, 20.936912372708122 ], [ 154.137688994851516, 20.936681710992616 ], [ 154.134687223337579, 20.936572421780284 ], [ 154.12417964887257, 20.936210215329652 ], [ 154.123491617145334, 20.936183489276999 ], [ 154.121680495858783, 20.936115283793612 ], [ 154.118049889591163, 20.935982842434669 ], [ 154.116235422827032, 20.935918797215123 ], [ 154.102622545994592, 20.93545398351489 ], [ 154.10117575985376, 20.935405898563772 ], [ 154.098280242339825, 20.935312393352547 ], [ 154.09683282757365, 20.935267016260241 ], [ 154.091039578414581, 20.935090804897044 ], [ 154.089591642940405, 20.935048115878317 ], [ 154.086694899650723, 20.934965443001261 ], [ 154.085246548689867, 20.934925471733521 ], [ 154.084286506218206, 20.934899888719059 ], [ 154.07081160517194, 20.934659990966196 ], [ 154.065410660074832, 20.934611407790499 ], [ 154.062752306374733, 20.934533568769581 ], [ 154.055491910423626, 20.934459297359041 ], [ 154.051524935228173, 20.934344740817551 ], [ 154.050695488706225, 20.934321009507471 ], [ 154.047396872568385, 20.934227688657415 ], [ 154.046542062467012, 20.934211928038565 ], [ 154.042879842331246, 20.934145413280504 ], [ 154.039966002029843, 20.934095261687389 ], [ 154.036379889720962, 20.934036948746439 ], [ 154.032731026316725, 20.933990225368916 ], [ 154.025833788299479, 20.933935060055347 ], [ 154.024847948774351, 20.933935612239168 ], [ 154.018061539608794, 20.933954462029078 ], [ 154.015787118181862, 20.933936525050939 ], [ 154.014648121414467, 20.933971995211891 ], [ 154.013572516958476, 20.933978208627877 ], [ 154.011818441468819, 20.933975440514502 ], [ 154.0102888997138, 20.934003197190208 ], [ 154.002326485779378, 20.933789283549117 ], [ 154.000906011103808, 20.933787966042104 ], [ 154.000195773316733, 20.933787635091562 ], [ 153.998900673128134, 20.933788734962604 ], [ 153.99631047724759, 20.933793117358817 ], [ 153.995788363243292, 20.933794437563733 ], [ 153.984832315759292, 20.933675049864291 ], [ 153.976491778273299, 20.933629402974901 ], [ 153.974558624381672, 20.933631855426114 ], [ 153.970692330987077, 20.933641618466282 ], [ 153.968759714889785, 20.93364892725657 ], [ 153.961027236918, 20.933687794156754 ], [ 153.959095175702629, 20.933699910722908 ], [ 153.955230045131117, 20.933729003790859 ], [ 153.953298554984627, 20.933745967702549 ], [ 153.937755932690635, 20.933901450591861 ], [ 153.935814940307893, 20.933923248359548 ], [ 153.931930914980313, 20.933971770381163 ], [ 153.929989463043768, 20.933998475749377 ], [ 153.922219629932812, 20.934115070154803 ], [ 153.920278258934815, 20.934146630962459 ], [ 153.916394559162455, 20.934214672769144 ], [ 153.914453811395248, 20.934251124090565 ], [ 153.898913771953318, 20.934562070983247 ], [ 153.896973128507653, 20.934603283315369 ], [ 153.893089854113697, 20.934690655150121 ], [ 153.891148806872621, 20.93473677867982 ], [ 153.883380694164686, 20.934931088898935 ], [ 153.881439780921852, 20.934982067868418 ], [ 153.877557050618094, 20.935088954092379 ], [ 153.875616814564665, 20.935144816380785 ], [ 153.860081080178162, 20.935611194001837 ], [ 153.858140999708013, 20.935671816401737 ], [ 153.854258907922741, 20.935798027257533 ], [ 153.852318478515627, 20.93586356535161 ], [ 153.844552949559585, 20.936135568901875 ], [ 153.84261270811092, 20.936205960636983 ], [ 153.838731376252696, 20.936351679586778 ], [ 153.836791867750804, 20.936426947446193 ], [ 153.821262158822293, 20.937048702735751 ], [ 153.819322857165076, 20.937128728908107 ], [ 153.815442377864343, 20.937293765295323 ], [ 153.813502782128154, 20.937378709859786 ], [ 153.805740694877869, 20.937728377063422 ], [ 153.803801341059881, 20.937818172570786 ], [ 153.799921839321797, 20.938002708059116 ], [ 153.797983272410448, 20.938097372496031 ], [ 153.782461310242212, 20.938874437106108 ], [ 153.780523001436251, 20.938973858057579 ], [ 153.776644565394946, 20.939177701090415 ], [ 153.774706017369368, 20.939282042233003 ], [ 153.76694823337462, 20.939709334418637 ], [ 153.765009981225973, 20.939818523806196 ], [ 153.761132739484793, 20.940041856047259 ], [ 153.759195328202537, 20.940155907169753 ], [ 153.743682834096404, 20.941088193865426 ], [ 153.741745733079739, 20.941206997904914 ], [ 153.73786976927525, 20.94144962599978 ], [ 153.735932483897187, 20.941573352028854 ], [ 153.728179863810311, 20.94207822153291 ], [ 153.726242928268931, 20.94220679310942 ], [ 153.722368374601416, 20.942468896922378 ], [ 153.720432335684592, 20.942602321240543 ], [ 153.704931027345339, 20.943689725700551 ], [ 153.702995349056579, 20.943827900237778 ], [ 153.699122287364418, 20.944109285515509 ], [ 153.697186480472482, 20.944252383840876 ], [ 153.689439881345862, 20.944834773106777 ], [ 153.687504477350132, 20.944982713381904 ], [ 153.683633042531625, 20.945283559089376 ], [ 153.681698589119407, 20.945436341314462 ], [ 153.666210185152664, 20.946678743929198 ], [ 153.664276144529282, 20.946836272776068 ], [ 153.660406413925585, 20.94715638465982 ], [ 153.658472299557644, 20.947318838194263 ], [ 153.650732581144013, 20.947978684269287 ], [ 153.648798923631858, 20.948145974357828 ], [ 153.644931036638496, 20.948485529583991 ], [ 153.642998383668925, 20.948657653528244 ], [ 153.627524600880548, 20.950054914902921 ], [ 153.625592412860243, 20.950231780972445 ], [ 153.62172644142268, 20.950590582589939 ], [ 153.619794234516831, 20.950772374246071 ], [ 153.612062254769882, 20.951509602486567 ], [ 153.610130557779513, 20.951696226200283 ], [ 153.606266647588342, 20.952074451375211 ], [ 153.604336008201045, 20.952265898153087 ], [ 153.588878563395753, 20.953817862704454 ], [ 153.586948441118608, 20.954014046211682 ], [ 153.583086658723261, 20.954411498891943 ], [ 153.581156572418791, 20.954612607086574 ], [ 153.573433190190457, 20.95542713565419 ], [ 153.571503667760709, 20.955633070510203 ], [ 153.567644162448829, 20.956049925164393 ], [ 153.565715751581394, 20.956260672292501 ], [ 153.550276358867478, 20.957967168250548 ], [ 153.548348516371703, 20.958182646712203 ], [ 153.544491351995106, 20.958618705489272 ], [ 153.542563600330396, 20.958839109537706 ], [ 153.534849670876184, 20.959730846701746 ], [ 153.532922537046062, 20.959956071116153 ], [ 153.529067864690802, 20.960411507585491 ], [ 153.527141897281155, 20.960641532580894 ], [ 153.511722268069008, 20.962502368389892 ], [ 153.509796919392699, 20.962737118423689 ], [ 153.505944800212802, 20.963211734734045 ], [ 153.504019598126689, 20.963451408555983 ], [ 153.496315976701482, 20.964420256290282 ], [ 153.494391445509649, 20.964664744182983 ], [ 153.490542034187939, 20.965158712105193 ], [ 153.488618722476446, 20.965407989787423 ], [ 153.473220569074584, 20.967422957703945 ], [ 153.471297928257201, 20.967676953229073 ], [ 153.467451281452014, 20.968190074912457 ], [ 153.465528842082819, 20.968448992427511 ], [ 153.457836383942748, 20.969494841913814 ], [ 153.455914668527413, 20.969758567204508 ], [ 153.452070946317832, 20.970291010821683 ], [ 153.450150504343043, 20.97055951241191 ], [ 153.434775534564125, 20.972728389403869 ], [ 153.432855814744386, 20.973001601643006 ], [ 153.429015066592257, 20.973553170243036 ], [ 153.427095603080289, 20.973831303572211 ], [ 153.419415163480068, 20.974954037898868 ], [ 153.417496476981142, 20.97523697001057 ], [ 153.413658869261809, 20.975807831766474 ], [ 153.411741510163466, 20.976095527586722 ], [ 153.396391430920318, 20.978418070837591 ], [ 153.395355348071377, 20.978575516047528 ], [ 153.393281340561913, 20.97889213856169 ], [ 153.392244739703784, 20.979051114417643 ], [ 153.388095607726683, 20.979690313857418 ], [ 153.3870590068681, 20.979850728628662 ], [ 153.384985487690329, 20.980173060938199 ], [ 153.38394941473419, 20.980334846276577 ], [ 153.37565297190784, 20.981636010593945 ], [ 153.374464650024635, 20.981823313295649 ], [ 153.372087210357023, 20.982199958361804 ], [ 153.370898977506414, 20.982389160431808 ], [ 153.366144293325107, 20.983150040842048 ], [ 153.364661387713653, 20.983388829730984 ], [ 153.361695455981163, 20.983869411244768 ], [ 153.359721815510198, 20.984191859566835 ], [ 153.358698104634669, 20.984360495041415 ], [ 153.358249331242433, 20.984434582090699 ], [ 153.355107794290092, 20.984954153711726 ], [ 153.354322950544002, 20.985084372845762 ], [ 153.352752989659422, 20.985345693349501 ], [ 153.351968592876602, 20.985476675108799 ], [ 153.344472102406172, 20.986732330133208 ], [ 153.343536162664378, 20.986889678216386 ], [ 153.341663482784412, 20.987205703580656 ], [ 153.340727506169884, 20.987364252258857 ], [ 153.336982002517772, 20.988001081984862 ], [ 153.336046507040948, 20.98816073053365 ], [ 153.334175229203908, 20.988481271393994 ], [ 153.333240739169497, 20.988641940673574 ], [ 153.317947091485763, 20.991280509288458 ], [ 153.317018839148801, 20.991441205547602 ], [ 153.315160481871231, 20.991764098135206 ], [ 153.314231665659378, 20.991926070532031 ], [ 153.310513759502925, 20.992576757911479 ], [ 153.309584896526673, 20.992739907521127 ], [ 153.307726891783574, 20.993067434315066 ], [ 153.306798505447233, 20.993231679298901 ], [ 153.299364180612912, 20.994551506347364 ], [ 153.298435779888251, 20.994716899765507 ], [ 153.296578197826221, 20.995049006806397 ], [ 153.295649773718679, 20.995215586430731 ], [ 153.291934512468202, 20.995884523751982 ], [ 153.291006121635547, 20.996052267098946 ], [ 153.289149068375224, 20.996388985863462 ], [ 153.288220779166437, 20.996557892932856 ], [ 153.286426807951472, 20.996885459296919 ], [ 153.285872166367795, 20.996986943293166 ], [ 153.284762724020908, 20.997190362745471 ], [ 153.284208195752541, 20.99729224783934 ], [ 153.281989400091476, 20.997700752288097 ], [ 153.281435042693971, 20.997803024090672 ], [ 153.280326112061317, 20.998008031745712 ], [ 153.279771990285923, 20.998110683061867 ], [ 153.275335483546343, 20.998934189561481 ], [ 153.274781466991755, 20.999037231183479 ], [ 153.273672916772313, 20.999243834236097 ], [ 153.273118834567214, 20.999347311129895 ], [ 153.270901467929008, 20.999762248429533 ], [ 153.270347430689895, 20.999866135414237 ], [ 153.269239140374822, 21.000074372534755 ], [ 153.268685262315586, 21.000178652523232 ], [ 153.265183608936951, 21.000839282806936 ], [ 153.26394962127884, 21.001072759400728 ], [ 153.261892594767943, 21.00146312002741 ], [ 153.260658889497023, 21.001697935711462 ], [ 153.256956631543659, 21.002404669739917 ], [ 153.255723553999502, 21.002640744475144 ], [ 153.253668165154323, 21.003035412854359 ], [ 153.252436305292036, 21.003272645016978 ], [ 153.242083408822765, 21.005271912569128 ], [ 153.241133287671943, 21.005455994798666 ], [ 153.239231929310705, 21.005825625152738 ], [ 153.238281639087205, 21.006010988916358 ], [ 153.234478586917845, 21.006755290324776 ], [ 153.233528467565321, 21.006941859179705 ], [ 153.23162797794933, 21.00731629551089 ], [ 153.230678381103104, 21.007504010102423 ], [ 153.223075079951315, 21.009011882692675 ], [ 153.222125612607812, 21.009200786187648 ], [ 153.220225913495398, 21.009579997019728 ], [ 153.219276455145149, 21.009770149673074 ], [ 153.21547709289419, 21.010533546386569 ], [ 153.214527742461797, 21.010724917621161 ], [ 153.212628795183178, 21.011108961409747 ], [ 153.211679657890414, 21.011301541333495 ], [ 153.208727572120353, 21.011902457532784 ], [ 153.207910084782981, 21.01206932404051 ], [ 153.206274912258124, 21.01240402652499 ], [ 153.20545764975148, 21.012571777066256 ], [ 153.202187715691394, 21.013244802706026 ], [ 153.201370776041273, 21.013413407602911 ], [ 153.199736658420676, 21.013751597658597 ], [ 153.198920145948733, 21.013921043421789 ], [ 153.192383126880628, 21.015281252728045 ], [ 153.191566966942247, 21.01545152946494 ], [ 153.189933968078464, 21.015793154031257 ], [ 153.189117794651139, 21.015964362465724 ], [ 153.185851737568129, 21.016651329395813 ], [ 153.18503596254007, 21.016823375998371 ], [ 153.183404176861842, 21.017168450364181 ], [ 153.182589219317634, 21.017341253296394 ], [ 153.170368119793267, 21.019939149172615 ], [ 153.169423578935294, 21.020140527164045 ], [ 153.167533123955451, 21.0205448236851 ], [ 153.166588296213632, 21.020747512887766 ], [ 153.162806863746624, 21.021561201488538 ], [ 153.161862158312857, 21.021765102977469 ], [ 153.159972523513744, 21.022174205475494 ], [ 153.159028363968702, 21.02237924100973 ], [ 153.151468400247182, 21.024025837622645 ], [ 153.150524320741312, 21.024232070154312 ], [ 153.14863542878291, 21.024645949851333 ], [ 153.147691384350338, 21.024853427943725 ], [ 153.143913737130134, 21.025686147997703 ], [ 153.142969752952382, 21.025894854564399 ], [ 153.141081566961617, 21.026313570815034 ], [ 153.14013767811187, 21.02652351125127 ], [ 153.139309665109437, 21.026708231999663 ], [ 153.138494585257291, 21.026890538068216 ], [ 153.13686453706967, 21.027256062117999 ], [ 153.136049844825067, 21.027439218045856 ], [ 153.13279052186536, 21.028173822064446 ], [ 153.13197624330931, 21.028357812563371 ], [ 153.13034746676297, 21.028726779217919 ], [ 153.129533633371267, 21.028911605186863 ], [ 153.123018423762034, 21.030394884017113 ], [ 153.122205010353838, 21.030580522973054 ], [ 153.120577525233131, 21.030952888165871 ], [ 153.119764117220626, 21.031139463315952 ], [ 153.116509166765155, 21.031887920491471 ], [ 153.115696203018075, 21.03207532121948 ], [ 153.114070060585192, 21.032451107433189 ], [ 153.113257986267882, 21.032639238410638 ], [ 153.100265038201456, 21.035656251635146 ], [ 153.099453600603994, 21.035845106566825 ], [ 153.097829192963587, 21.036224107856725 ], [ 153.097017325489816, 21.036413998807348 ], [ 153.093767664846297, 21.037175929625874 ], [ 153.092955804567652, 21.037366745978801 ], [ 153.091331875366137, 21.037749365241297 ], [ 153.090520467446169, 21.037941012568126 ], [ 153.084023062614762, 21.039479282243491 ], [ 153.083211678077333, 21.039671833388923 ], [ 153.081588261489429, 21.040058028355674 ], [ 153.080776891341117, 21.040251514796068 ], [ 153.077530113924496, 21.041027627923057 ], [ 153.076718798634175, 21.041222030772445 ], [ 153.075095964807389, 21.041611824826191 ], [ 153.074284752939576, 21.041807141386812 ], [ 153.073006659830099, 21.042115612446082 ], [ 153.072291449691335, 21.042288596142157 ], [ 153.07086104380258, 21.042635291086185 ], [ 153.070146128641824, 21.042808933985356 ], [ 153.067285883437222, 21.0435050964835 ], [ 153.066571301924597, 21.043679382398011 ], [ 153.065141938350081, 21.044028733939399 ], [ 153.064427738150385, 21.04420365747319 ], [ 153.05871003564053, 21.045606888547439 ], [ 153.057996189772695, 21.045782434412217 ], [ 153.056567910781069, 21.046134401181916 ], [ 153.05585406041692, 21.046310679094887 ], [ 153.052997479050902, 21.047017529136156 ], [ 153.052284015395713, 21.047194434775605 ], [ 153.050856892032499, 21.047549026666672 ], [ 153.050144217082249, 21.047726466503718 ], [ 153.038485341326037, 21.050634824538122 ], [ 153.036683177287415, 21.051086668215333 ], [ 153.033078499373488, 21.051995117481027 ], [ 153.031277265234309, 21.052451401111909 ], [ 153.024071262079502, 21.054286078340255 ], [ 153.022273632422554, 21.054746072573721 ], [ 153.018678648301403, 21.055670661072469 ], [ 153.016887025216676, 21.056133768758713 ], [ 153.014800760847237, 21.056675738894683 ], [ 153.012963661744521, 21.057142112019164 ], [ 153.010261446309556, 21.057833392097677 ], [ 153.004849403577538, 21.059228468119841 ], [ 153.002145540585076, 21.059930744208856 ], [ 152.991321847225919, 21.062763000712124 ], [ 152.988618790924903, 21.063475571340945 ], [ 152.983214141519994, 21.064910950480396 ], [ 152.980514749057107, 21.065633172633341 ], [ 152.958904495346616, 21.071456315257166 ], [ 152.956206932105175, 21.072188371496622 ], [ 152.950811884760952, 21.07366311486129 ], [ 152.948116599502242, 21.074405203937431 ], [ 152.937335684195006, 21.077394631357521 ], [ 152.934643101398279, 21.078146539231625 ], [ 152.929259564478258, 21.079660580271991 ], [ 152.926570212945791, 21.08042226287742 ], [ 152.913760851582452, 21.084075282048843 ], [ 152.912161704999477, 21.084533170969394 ], [ 152.908962793997972, 21.0854529184179 ], [ 152.90736433089981, 21.085914403727088 ], [ 152.900969241038325, 21.087768219428199 ], [ 152.899371885005195, 21.08823314194629 ], [ 152.896177441836272, 21.089166708377206 ], [ 152.894581655119993, 21.08963497007818 ], [ 152.881807728844052, 21.093398064469369 ], [ 152.880213024012306, 21.093869695030662 ], [ 152.877023033386791, 21.094816932056005 ], [ 152.875429046213782, 21.095292152711181 ], [ 152.869051935599174, 21.097200922384872 ], [ 152.8674590896658, 21.09767957125564 ], [ 152.864273699972188, 21.09864058679409 ], [ 152.862682454831912, 21.099122560458085 ], [ 152.849945019448029, 21.102995419803221 ], [ 152.848354888568025, 21.103480753334537 ], [ 152.84517408181901, 21.104455400796468 ], [ 152.843584703671951, 21.104944318126201 ], [ 152.837226100204731, 21.10690788349234 ], [ 152.835637893874633, 21.10740021914512 ], [ 152.832461822055762, 21.108388604650827 ], [ 152.830875249793309, 21.10888425160735 ], [ 152.818175361104437, 21.112866554847955 ], [ 152.81658993457873, 21.113365551779196 ], [ 152.813418576106898, 21.11436752873874 ], [ 152.811833936487375, 21.114870102273699 ], [ 152.805494367172088, 21.116888301454367 ], [ 152.803910933543619, 21.117394283420026 ], [ 152.800744442202841, 21.118409957054382 ], [ 152.799162674119003, 21.118919235934413 ], [ 152.78650138343292, 21.123010653918726 ], [ 152.785563187291615, 21.123314462892722 ], [ 152.783685516174529, 21.123923847108244 ], [ 152.782747156356692, 21.12422906172219 ], [ 152.778991850993663, 21.125453205401413 ], [ 152.778053750181158, 21.125759675468856 ], [ 152.776177483804673, 21.126373989768211 ], [ 152.775240081764679, 21.126681584887706 ], [ 152.767734763549043, 21.129149606069973 ], [ 152.766509845553657, 21.129553537466222 ], [ 152.764059755953753, 21.13036379965007 ], [ 152.762835427014267, 21.130769853446424 ], [ 152.757937282080348, 21.132398931265925 ], [ 152.756156025480806, 21.132993809417371 ], [ 152.75259449164335, 21.134188155859107 ], [ 152.750431943180644, 21.134916997022174 ], [ 152.749475676961112, 21.135240964299356 ], [ 152.7453610519714, 21.136637076340435 ], [ 152.744589855438363, 21.136899386997555 ], [ 152.74271323832582, 21.137538869723357 ], [ 152.741775827293196, 21.137858991499542 ], [ 152.731977543629029, 21.141211932085525 ], [ 152.730754493525438, 21.141631590825625 ], [ 152.728307861818877, 21.142473430904516 ], [ 152.727085276664781, 21.142895270500844 ], [ 152.722193864955244, 21.144587638109215 ], [ 152.720972479496965, 21.145011381570498 ], [ 152.718529849773319, 21.145861161763662 ], [ 152.717310423937448, 21.146286563574506 ], [ 152.695408545268634, 21.153946490538601 ], [ 152.694042746676274, 21.15442553061439 ], [ 152.691309197062679, 21.155387238630624 ], [ 152.689943304041066, 21.155869254562958 ], [ 152.684477308282027, 21.157804017341817 ], [ 152.683112052879693, 21.158288727643054 ], [ 152.680381833455641, 21.159260997297537 ], [ 152.67901798099561, 21.15974815915061 ], [ 152.668099354302427, 21.16365971362552 ], [ 152.66673628065567, 21.164149461928304 ], [ 152.664009694492421, 21.165132072887133 ], [ 152.662647294437789, 21.165624535344534 ], [ 152.657196804789606, 21.16760056711297 ], [ 152.655835396686854, 21.168095599832498 ], [ 152.653112895244846, 21.16908851342464 ], [ 152.651752832527933, 21.169586016581889 ], [ 152.642010096389555, 21.17316019848468 ], [ 152.641275020226686, 21.17343027478779 ], [ 152.639803856163581, 21.173971666659469 ], [ 152.639068629814261, 21.174242665666696 ], [ 152.636126218051317, 21.175328936981373 ], [ 152.635391167968379, 21.17560073008994 ], [ 152.633920980569627, 21.17614521922701 ], [ 152.633186442201264, 21.176417692222913 ], [ 152.627305235748764, 21.178602667080042 ], [ 152.62657103012944, 21.178875859533662 ], [ 152.625102134156492, 21.179423293950322 ], [ 152.624368043650776, 21.179697312880961 ], [ 152.621430705863105, 21.180795475031346 ], [ 152.620697124373152, 21.181070164856635 ], [ 152.619229878656853, 21.181620444728168 ], [ 152.618497210878132, 21.181895660656437 ], [ 152.606753270947394, 21.186313581107242 ], [ 152.605287256402249, 21.186866765788949 ], [ 152.602354910751416, 21.187976742333319 ], [ 152.600889773944601, 21.188533081836852 ], [ 152.595028581904359, 21.190765599353483 ], [ 152.593564706846479, 21.191324914713448 ], [ 152.590637452257084, 21.192446849542762 ], [ 152.589175264327679, 21.193009011257089 ], [ 152.577471703057, 21.19752220138875 ], [ 152.576010744500906, 21.198087279604437 ], [ 152.573088544101466, 21.199221044116229 ], [ 152.571628492061933, 21.199789269059949 ], [ 152.565787704739506, 21.202069332833815 ], [ 152.564328941428386, 21.202640522842188 ], [ 152.561411940909039, 21.203786203370754 ], [ 152.55995489170553, 21.204360226243921 ], [ 152.548292578739876, 21.208968354206775 ], [ 152.546836784090857, 21.209545282788923 ], [ 152.543924944781196, 21.210702751630947 ], [ 152.542470086326063, 21.211282819746884 ], [ 152.536650137194812, 21.213610261604686 ], [ 152.535196594447854, 21.214193284892644 ], [ 152.532290063835745, 21.215362626584209 ], [ 152.53083826127758, 21.215948468347506 ], [ 152.519218061764917, 21.22065119329838 ], [ 152.517767539841003, 21.22123992997939 ], [ 152.514866278356436, 21.222421016816867 ], [ 152.513416721405434, 21.223012886735631 ], [ 152.507618043038889, 21.225387534007865 ], [ 152.506169827875539, 21.225982347407836 ], [ 152.50327398480718, 21.227175263927705 ], [ 152.501827535013291, 21.227772880514323 ], [ 152.490250314101473, 21.232569855315091 ], [ 152.488805172821145, 21.233170357826168 ], [ 152.485914705000056, 21.23437497632446 ], [ 152.48447055657121, 21.234978602181144 ], [ 152.478693578846134, 21.237400280399015 ], [ 152.477250800085045, 21.238006839844076 ], [ 152.47436585859819, 21.23922324305849 ], [ 152.472924871286665, 21.239832591301479 ], [ 152.461391487827115, 21.244723461618747 ], [ 152.459951834210784, 21.24533568409484 ], [ 152.4570723749911, 21.246563744321861 ], [ 152.455633743003347, 21.247179082948946 ], [ 152.449878896694514, 21.249647613147232 ], [ 152.448441661353996, 21.250265872772246 ], [ 152.445567836387028, 21.251505673648523 ], [ 152.444132417677707, 21.252126707681697 ], [ 152.432643731423724, 21.257111111988593 ], [ 152.431209672489018, 21.257735010362808 ], [ 152.428341435908948, 21.258986422385874 ], [ 152.426908427382529, 21.259613427018252 ], [ 152.421176140567269, 21.262128627534565 ], [ 152.419744555667222, 21.262758542373263 ], [ 152.41688206125869, 21.264021647381583 ], [ 152.415452318170679, 21.264654322239778 ], [ 152.404009183477712, 21.269731892713082 ], [ 152.402580826244417, 21.270367419321417 ], [ 152.399724026343421, 21.271642090510369 ], [ 152.398296748297099, 21.272280716182536 ], [ 152.392587448152796, 21.274842399957151 ], [ 152.391161619813403, 21.275483924144169 ], [ 152.388310669102879, 21.276770241554004 ], [ 152.386886707756076, 21.277414509572395 ], [ 152.375489978979914, 21.282584870295949 ], [ 152.374067429568669, 21.283231979272841 ], [ 152.371222278586202, 21.284529815199221 ], [ 152.369800837139707, 21.285180014246635 ], [ 152.364114949046467, 21.287787992422182 ], [ 152.362694983387456, 21.288441077394225 ], [ 152.359855789513944, 21.289750510977655 ], [ 152.358437716927739, 21.290406325391984 ], [ 152.347088243028821, 21.295669094153567 ], [ 152.345671607559353, 21.296327737835213 ], [ 152.342838318634023, 21.297648642271355 ], [ 152.341422819907876, 21.298310367030354 ], [ 152.335760768345068, 21.300964446252607 ], [ 152.334346771486622, 21.301629044345532 ], [ 152.331519545791281, 21.302961497875344 ], [ 152.330107467186309, 21.303628810121864 ], [ 152.318806094426378, 21.308983597515294 ], [ 152.31739547901887, 21.309653726438654 ], [ 152.314574263492347, 21.310997603157375 ], [ 152.313164812706219, 21.311670803265287 ], [ 152.307527020356275, 21.314370787482289 ], [ 152.306119098418577, 21.315046849233227 ], [ 152.303304051341712, 21.316402224683316 ], [ 152.30189807373759, 21.317080985299754 ], [ 152.290645646579634, 21.322527395623297 ], [ 152.289241156454892, 21.323208960325644 ], [ 152.286432224767651, 21.324575708602509 ], [ 152.285028928043317, 21.325260335496637 ], [ 152.279415815787871, 21.328006025058471 ], [ 152.278014073091555, 21.328693501004523 ], [ 152.275211415974951, 21.330071697651192 ], [ 152.273811642793845, 21.33076185537584 ], [ 152.262609003003632, 21.336299485733122 ], [ 152.261210743381326, 21.336992436751927 ], [ 152.2584143050764, 21.338381955862815 ], [ 152.257017266734152, 21.339077958281621 ], [ 152.251429254557166, 21.341869149941715 ], [ 152.250033797222414, 21.342567988821997 ], [ 152.247243739607512, 21.343968905041294 ], [ 152.245850275170966, 21.344670409511991 ], [ 152.234698260916417, 21.350298849812475 ], [ 152.233306336119455, 21.351003135886202 ], [ 152.230522601637091, 21.352415322409485 ], [ 152.22913192599836, 21.353122649091347 ], [ 152.223569432083906, 21.355959136904858 ], [ 152.222180363533226, 21.356669287457976 ], [ 152.219403114062999, 21.358092818029604 ], [ 152.21801606449057, 21.358805617985212 ], [ 152.206915509443576, 21.364524452741705 ], [ 152.206021454726653, 21.364985781568947 ], [ 152.204232527809296, 21.365910399745644 ], [ 152.203338650259099, 21.366373174682678 ], [ 152.199762028495712, 21.36822789690018 ], [ 152.198868695933839, 21.368691912002419 ], [ 152.197082239454204, 21.369621374827091 ], [ 152.196189841288884, 21.370086444833845 ], [ 152.18904601186469, 21.373815398262479 ], [ 152.187762747653352, 21.37448680602165 ], [ 152.185196693173594, 21.375832570417202 ], [ 152.183914734777801, 21.376506489983058 ], [ 152.178787397620823, 21.379208240468415 ], [ 152.177249387849457, 21.380020957801321 ], [ 152.174174770350106, 21.381650273042084 ], [ 152.172638579008122, 21.382466651515188 ], [ 152.17148288362867, 21.383082608875668 ], [ 152.170713240224728, 21.383493174570731 ], [ 152.165285905420575, 21.386390992550787 ], [ 152.164642649139438, 21.386734725127752 ], [ 152.163997042030161, 21.387080158323045 ], [ 152.163026660053248, 21.387600058196426 ], [ 152.160251194837457, 21.389088879548495 ], [ 152.159606640834141, 21.389435055583988 ], [ 152.158282688596074, 21.390146967908549 ], [ 152.157674122763325, 21.39047460981584 ], [ 152.14416025409335, 21.397757601232797 ], [ 152.142473821110769, 21.398669199923916 ], [ 152.139101716871011, 21.400497636756967 ], [ 152.137417420677735, 21.401413731159067 ], [ 152.130681731477381, 21.405088503132362 ], [ 152.128999999251192, 21.406008803663894 ], [ 152.125638241712096, 21.407854141455886 ], [ 152.123959585167569, 21.408778425084535 ], [ 152.110527822801401, 21.416196091776442 ], [ 152.108851667271125, 21.417124496998298 ], [ 152.105500177292157, 21.418986537898775 ], [ 152.103826208912693, 21.419919417247655 ], [ 152.097131951479156, 21.423661311020993 ], [ 152.095460595630499, 21.424598370418721 ], [ 152.092119644806331, 21.426477207057701 ], [ 152.090451409605322, 21.427418218976129 ], [ 152.077103284190031, 21.434969728170699 ], [ 152.075437595868635, 21.435914835601693 ], [ 152.072107101461967, 21.437810272826027 ], [ 152.070443652453292, 21.438759831901109 ], [ 152.063791588511577, 21.442568428390672 ], [ 152.062130798797995, 21.443522141434073 ], [ 152.058811034202591, 21.445434267377948 ], [ 152.05715341100202, 21.446391900566169 ], [ 152.043890442390563, 21.454076406901066 ], [ 152.042235412834913, 21.455038110421015 ], [ 152.038926293514152, 21.456966729931054 ], [ 152.037273552732955, 21.457932862611926 ], [ 152.03066444131187, 21.461807734639621 ], [ 152.029014407489768, 21.462777993410015 ], [ 152.025716208636624, 21.464723194620092 ], [ 152.024069385394142, 21.465697342058888 ], [ 152.010893088046174, 21.473513981285606 ], [ 152.009248904314433, 21.474492172975744 ], [ 152.00596153869472, 21.476453759833504 ], [ 152.004319694998259, 21.47743635730248 ], [ 151.997754289729556, 21.481377069596391 ], [ 151.996115200656646, 21.48236376617524 ], [ 151.992838943463113, 21.484341823217051 ], [ 151.991203109036888, 21.485332376088678 ], [ 151.978114986617612, 21.493280272267043 ], [ 151.976481838466412, 21.494274841511242 ], [ 151.973216600666348, 21.496269174483245 ], [ 151.971585842013525, 21.497268126123686 ], [ 151.965064893830146, 21.501274237116746 ], [ 151.963436936566296, 21.502277260887269 ], [ 151.960182995149722, 21.504287951628214 ], [ 151.958558337498204, 21.505294798416628 ], [ 151.945559886480083, 21.513373057620953 ], [ 151.943937960069121, 21.514383894701496 ], [ 151.940695224205825, 21.516410749856504 ], [ 151.939075736756791, 21.517425944152222 ], [ 151.932599992096385, 21.52149700238499 ], [ 151.930983352799814, 21.522516240032672 ], [ 151.927752101278799, 21.524559339642451 ], [ 151.926138804762587, 21.525582367032968 ], [ 151.913231515322678, 21.533790082746464 ], [ 151.911620995013465, 21.534817072550226 ], [ 151.908401132507066, 21.536876222360178 ], [ 151.906793103319757, 21.537907545097539 ], [ 151.900363303224736, 21.542043094613433 ], [ 151.898758167156501, 21.543078431924528 ], [ 151.895549975151908, 21.545153710175896 ], [ 151.893948225031096, 21.546192803955194 ], [ 151.881133576554163, 21.554529053473516 ], [ 151.879534648505711, 21.555572080887202 ], [ 151.876338028977699, 21.557663294226131 ], [ 151.874741640614872, 21.558710629392294 ], [ 151.868358524327419, 21.56291020524219 ], [ 151.866765075848122, 21.563961525304592 ], [ 151.863580311182801, 21.566068748374477 ], [ 151.861990291818898, 21.567123791630081 ], [ 151.849269755595429, 21.575587638758861 ], [ 151.847682603270215, 21.576646586870993 ], [ 151.844509593643608, 21.578769628116191 ], [ 151.842925030466319, 21.579832858799762 ], [ 151.836589330034286, 21.584095987939776 ], [ 151.835007752606344, 21.58516317384192 ], [ 151.831846781304563, 21.587302105208352 ], [ 151.830268675259873, 21.58837297833071 ], [ 151.817643713587159, 21.596963471587259 ], [ 151.816068519547485, 21.598038220787657 ], [ 151.81291948494723, 21.600192851619113 ], [ 151.811346929517896, 21.60127185731065 ], [ 151.805059375190837, 21.605598061301976 ], [ 151.803489849577801, 21.606680991634846 ], [ 151.800353035864674, 21.608851391179201 ], [ 151.798787024801896, 21.609937974558278 ], [ 151.786259091884432, 21.618654147171469 ], [ 151.784696036893394, 21.619744576951007 ], [ 151.781571340645684, 21.621930555451087 ], [ 151.780010972829047, 21.623025214742285 ], [ 151.77377228856065, 21.627414007051243 ], [ 151.772214996425674, 21.628512560406733 ], [ 151.769102701828871, 21.630714183512964 ], [ 151.767548966512123, 21.631816354841476 ], [ 151.755119507559726, 21.640657226550047 ], [ 151.753568772381328, 21.641763214601156 ], [ 151.75046877421542, 21.643980293456138 ], [ 151.748920774774348, 21.645090483139711 ], [ 151.742731680023695, 21.649541370038492 ], [ 151.74118680123027, 21.650655423209628 ], [ 151.738099385478591, 21.652888022564611 ], [ 151.736558104873581, 21.654005657735325 ], [ 151.724228553405879, 21.662970232990347 ], [ 151.722690317005316, 21.664091654306759 ], [ 151.719615375749555, 21.66633958530403 ], [ 151.718079923649867, 21.667465180374165 ], [ 151.711941134276827, 21.671977660041421 ], [ 151.710408847790887, 21.673107088022164 ], [ 151.707346667015628, 21.675370411815436 ], [ 151.705818019186864, 21.676503384923564 ], [ 151.693589802427965, 21.685590654685484 ], [ 151.692594823992323, 21.686331318336073 ], [ 151.690604587432318, 21.687815513575487 ], [ 151.689610429178657, 21.68855822588182 ], [ 151.685633789867921, 21.691534356825542 ], [ 151.684640849296471, 21.692278795830305 ], [ 151.682655814415199, 21.693769709005267 ], [ 151.68166452949518, 21.694515574334673 ], [ 151.673731500908872, 21.700494922003401 ], [ 151.67225091015203, 21.701613823419535 ], [ 151.669291770998854, 21.703856072500002 ], [ 151.667814162394308, 21.704978709700072 ], [ 151.661911161771428, 21.709475488103863 ], [ 151.660364991551575, 21.710656599223171 ], [ 151.657275304112346, 21.713023411601512 ], [ 151.655732482968261, 21.714208580461985 ], [ 151.651388108175553, 21.717555159243716 ], [ 151.650862239501436, 21.717960623983913 ], [ 151.64981031509447, 21.718772469873983 ], [ 151.649284698231014, 21.71917851377782 ], [ 151.647087040234993, 21.720877857427695 ], [ 151.64655978120939, 21.721285829477893 ], [ 151.646037486441429, 21.721690376909805 ], [ 151.645259603448295, 21.722293534219489 ], [ 151.633083073425524, 21.731743519448145 ], [ 151.631770876225829, 21.732764290440059 ], [ 151.628585750032727, 21.735249430217294 ], [ 151.627089000257939, 21.736420475225117 ], [ 151.621105371815958, 21.741114656616446 ], [ 151.619611918955826, 21.742289436508486 ], [ 151.616627561913361, 21.744643391279851 ], [ 151.615137871816131, 21.745821605682863 ], [ 151.603222118207071, 21.75527076263603 ], [ 151.601735644984416, 21.756452637279608 ], [ 151.598764463010099, 21.758821408381522 ], [ 151.597280964744897, 21.760007341665897 ], [ 151.591350453860997, 21.764761041988891 ], [ 151.589870295678139, 21.765950676882426 ], [ 151.586912577454115, 21.768334315576482 ], [ 151.585436220705702, 21.769527347209618 ], [ 151.573627409078227, 21.77909502041939 ], [ 151.572154313271113, 21.780291679917468 ], [ 151.569209941885475, 21.782690002741901 ], [ 151.567739866902031, 21.783890690303537 ], [ 151.561863165153255, 21.788703372663008 ], [ 151.560396473419047, 21.789907728559086 ], [ 151.557465738453999, 21.792320782278608 ], [ 151.55600288862334, 21.793528496243539 ], [ 151.544302395839537, 21.80321360742235 ], [ 151.542842847420076, 21.804424915977506 ], [ 151.539925631063767, 21.806852518929048 ], [ 151.53846915113084, 21.808067825869813 ], [ 151.532646944701156, 21.81293894797443 ], [ 151.531193891185609, 21.814157888176368 ], [ 151.528290482120525, 21.816600085325945 ], [ 151.526841308280581, 21.817822344925617 ], [ 151.515250501309907, 21.827623801397749 ], [ 151.513804672048792, 21.828849622312646 ], [ 151.510914950665011, 21.831306231997388 ], [ 151.509472236654716, 21.832536020721221 ], [ 151.503705206330579, 21.837465032185804 ], [ 151.502265960106598, 21.838698419996348 ], [ 151.499390215986438, 21.841169484484311 ], [ 151.497954889007389, 21.842406153022125 ], [ 151.486475123129281, 21.852322847721666 ], [ 151.485043182996975, 21.853563043400158 ], [ 151.482181295630681, 21.856048381927508 ], [ 151.480752514816942, 21.857292513938773 ], [ 151.475041335989914, 21.8622788580833 ], [ 151.473616066129381, 21.863526554107494 ], [ 151.470768324199554, 21.866026207144046 ], [ 151.469347012254985, 21.867277144325271 ], [ 151.457979633753467, 21.877307956697109 ], [ 151.456561749126337, 21.878562386845118 ], [ 151.45372803122396, 21.881076174526243 ], [ 151.452313353579058, 21.882334508631061 ], [ 151.446658695343359, 21.887377622479562 ], [ 151.445247569120653, 21.888639486423557 ], [ 151.442428163929463, 21.891167444722242 ], [ 151.441021033394264, 21.892432509353256 ], [ 151.429767377762715, 21.902576307151065 ], [ 151.428363715913207, 21.903844829675421 ], [ 151.425558500225208, 21.906386781425141 ], [ 151.424158090323914, 21.907659176430144 ], [ 151.418560618178304, 21.912758490712093 ], [ 151.417163801968314, 21.914034378683994 ], [ 151.414373065365538, 21.916590357159521 ], [ 151.412980280816242, 21.917869406248485 ], [ 151.401841672755978, 21.928125042836882 ], [ 151.400452399159377, 21.929407514745293 ], [ 151.39767601573638, 21.931977343680103 ], [ 151.396290039054435, 21.93326365479416 ], [ 151.390750413101983, 21.938418593043934 ], [ 151.389368070580559, 21.939708361152242 ], [ 151.386606330818353, 21.942292071122665 ], [ 151.38522805772962, 21.943584959878194 ], [ 151.374205809351253, 21.953951276031034 ], [ 151.372831087684887, 21.955247552532825 ], [ 151.370083864779446, 21.95784496817123 ], [ 151.3687124840948, 21.959145049704574 ], [ 151.363231357242199, 21.964355028262304 ], [ 151.361863652086782, 21.96565853081691 ], [ 151.359131235618321, 21.968269680001981 ], [ 151.35776763676725, 21.969576261835442 ], [ 151.346942151959553, 21.980140960337422 ], [ 151.345574714802098, 21.981441665101158 ], [ 151.345119774758501, 21.981865881605472 ], [ 151.342844695027139, 21.984049016449319 ], [ 151.341483017127899, 21.98535741940978 ], [ 151.336037342450226, 21.990596997353919 ], [ 151.334677651153157, 21.991906969631231 ], [ 151.331959559086982, 21.994529192169011 ], [ 151.330611536493876, 21.995849586689474 ], [ 151.319893170833694, 22.006500577839688 ], [ 151.318555566886715, 22.007831503421357 ], [ 151.316977701860338, 22.009412613201874 ], [ 151.315889715538589, 22.010497745075298 ], [ 151.314572754629381, 22.011847012330293 ], [ 151.309079678485119, 22.017045130628475 ], [ 151.307741730996582, 22.018375657810793 ], [ 151.305068927889039, 22.021040795096923 ], [ 151.303735159550598, 22.022374319719574 ], [ 151.293069761260909, 22.033065586108307 ], [ 151.291739663055552, 22.034402388759815 ], [ 151.289081858841513, 22.03708078834805 ], [ 151.287755235616629, 22.038421294407641 ], [ 151.2824534731499, 22.043792832573558 ], [ 151.281130644164165, 22.045136647238792 ], [ 151.278488125727307, 22.047828328015356 ], [ 151.277169510965024, 22.049175096953604 ], [ 151.266625612882564, 22.059972275600302 ], [ 151.265310708722524, 22.061322286594674 ], [ 151.262683346559498, 22.064027078587202 ], [ 151.261371959648869, 22.065380757916103 ], [ 151.256131255753672, 22.070804940595735 ], [ 151.254823702651976, 22.072161889859785 ], [ 151.252211783647596, 22.074879808356911 ], [ 151.250908479843162, 22.076239670524757 ], [ 151.240487339219754, 22.087141537452453 ], [ 151.239601134685273, 22.088070244846364 ], [ 151.237829130310757, 22.0899306588733 ], [ 151.236944277456843, 22.09086137265453 ], [ 151.23340609901291, 22.094589726235057 ], [ 151.23252293148883, 22.095522063292947 ], [ 151.230757942725774, 22.097388755487003 ], [ 151.229876840044909, 22.098322349796945 ], [ 151.222827953847428, 22.105804538349332 ], [ 151.22153844564312, 22.107176959549378 ], [ 151.218962415883567, 22.109926056642564 ], [ 151.21767672170418, 22.111301850300492 ], [ 151.21253942185777, 22.116813935415053 ], [ 151.211255912131179, 22.118194787759535 ], [ 151.208692169808302, 22.120960468351541 ], [ 151.207412513676928, 22.122344676066291 ], [ 151.204060950853119, 22.125979909345659 ], [ 151.203633146053363, 22.126444331841071 ], [ 151.202777531058501, 22.127374032985671 ], [ 151.202350050015667, 22.127838951007078 ], [ 151.200833099668472, 22.129490246577944 ], [ 151.200452742200724, 22.129904621801415 ], [ 151.199692177452476, 22.130733883062589 ], [ 151.199312762474648, 22.131147902154396 ], [ 151.189040497421757, 22.142365053405001 ], [ 151.18853741037347, 22.14291478199209 ], [ 151.18726896249305, 22.144304752562562 ], [ 151.185137519781307, 22.146646768833705 ], [ 151.184462174790411, 22.147389906519493 ], [ 151.184073556150594, 22.147818525204997 ], [ 151.179019752959817, 22.153396928126114 ], [ 151.177758958309624, 22.154792353084986 ], [ 151.175240694703149, 22.157587125845566 ], [ 151.173984250973405, 22.158985334206221 ], [ 151.163938802134879, 22.170193800703743 ], [ 151.162686222791336, 22.171595099134805 ], [ 151.160183732393676, 22.174402362579542 ], [ 151.15893484117035, 22.175807185453664 ], [ 151.153944559794041, 22.18143573637056 ], [ 151.15269965616497, 22.182843671798537 ], [ 151.150213221363543, 22.1856634322221 ], [ 151.148972701929353, 22.187074106984682 ], [ 151.139054916352194, 22.198382245344789 ], [ 151.137818299076145, 22.199795971507513 ], [ 151.135347786771291, 22.202628063434787 ], [ 151.134114898984222, 22.204045277168007 ], [ 151.129188741967511, 22.209723337562309 ], [ 151.127959879545216, 22.211143623379797 ], [ 151.125505572125149, 22.21398805040846 ], [ 151.124281126273246, 22.215411032393519 ], [ 151.114492199156444, 22.226817557484736 ], [ 151.113271693234338, 22.228243551299329 ], [ 151.110833457598716, 22.231100150651855 ], [ 151.109616722534639, 22.232529593366451 ], [ 151.1047552843294, 22.238256517524547 ], [ 151.103542610603341, 22.239688992753116 ], [ 151.1011207273406, 22.242557764429677 ], [ 151.099912503459933, 22.24399289085963 ], [ 151.090253619209903, 22.255496506758618 ], [ 151.089049372131313, 22.256934605447981 ], [ 151.086643708140997, 22.259815386670965 ], [ 151.085443272389654, 22.261256896488788 ], [ 151.080647141153491, 22.267032034201378 ], [ 151.079450803612104, 22.268476536063673 ], [ 151.077061637685148, 22.271369325034811 ], [ 151.075869781465741, 22.272816433132249 ], [ 151.066342111000182, 22.284415832225307 ], [ 151.065154268455586, 22.285865872112936 ], [ 151.062781468390796, 22.288770508752322 ], [ 151.061597477641982, 22.290223921996926 ], [ 151.056867235235501, 22.296046615859012 ], [ 151.055687378670342, 22.297502979779125 ], [ 151.053331221458876, 22.300419457792174 ], [ 151.052155877692286, 22.301878382981386 ], [ 151.042760578438589, 22.313572245063227 ], [ 151.041589285217952, 22.315034061573215 ], [ 151.03924963686157, 22.317962221779425 ], [ 151.038082235906728, 22.319427373874817 ], [ 151.033418456996998, 22.325296961086195 ], [ 151.03225522709775, 22.326765021588699 ], [ 151.029932363688573, 22.329704856793995 ], [ 151.028773676265047, 22.331175433599583 ], [ 151.01951189306024, 22.342962427674223 ], [ 151.018357291256649, 22.344435854431367 ], [ 151.01605108059394, 22.347387205455561 ], [ 151.014900410626097, 22.34886392822807 ], [ 151.010303666281999, 22.354779742391571 ], [ 151.009157203343108, 22.35625933130359 ], [ 151.006867917920459, 22.359222189153144 ], [ 151.005726028034161, 22.360704249401891 ], [ 150.996598893124798, 22.372583033680257 ], [ 150.995461124831792, 22.374067903411515 ], [ 150.993188633349661, 22.377042108906636 ], [ 150.992054836462472, 22.37853023418333 ], [ 150.987525688760257, 22.384491599907761 ], [ 150.986396132176338, 22.385982549955202 ], [ 150.984140706229454, 22.388968092303912 ], [ 150.983015753275282, 22.390461466923625 ], [ 150.97402438541738, 22.402430687926483 ], [ 150.972903590029233, 22.403926831558579 ], [ 150.970665096517706, 22.40692355337967 ], [ 150.969548311206182, 22.408422912088326 ], [ 150.96508731592715, 22.414429150385445 ], [ 150.963974805993104, 22.41593129069696 ], [ 150.961753514713479, 22.418939177601487 ], [ 150.960645638086504, 22.420443697519204 ], [ 150.951791142547592, 22.432501990974401 ], [ 150.950687457660734, 22.434009236737097 ], [ 150.948483237312445, 22.437028132242943 ], [ 150.947383602072506, 22.438538553511876 ], [ 150.942991307803055, 22.444588979997746 ], [ 150.94189598121514, 22.446102139702589 ], [ 150.939709099795806, 22.449132028520722 ], [ 150.938618435293193, 22.450647521066685 ], [ 150.929901903850151, 22.462793511012137 ], [ 150.928815465262261, 22.464311688034286 ], [ 150.926645790571598, 22.467352413683329 ], [ 150.925563439401486, 22.468873724842865 ], [ 150.921240389332894, 22.474967648838316 ], [ 150.920162381888787, 22.476491656165422 ], [ 150.918010180126458, 22.479543199759064 ], [ 150.916936862646509, 22.481069492263714 ], [ 150.908359373586592, 22.493301793743171 ], [ 150.907290316195628, 22.494830728455696 ], [ 150.90515545605993, 22.497892937109725 ], [ 150.904090523859196, 22.499424964590958 ], [ 150.899837253986362, 22.505561690020357 ], [ 150.898776697886802, 22.507096370501472 ], [ 150.896659442879837, 22.51016922173261 ], [ 150.895603605522211, 22.511706139726925 ], [ 150.887166223643163, 22.524023356093409 ], [ 150.886114680548445, 22.525562873128507 ], [ 150.884014899368395, 22.528646214951095 ], [ 150.882967518336983, 22.5301887842854 ], [ 150.87878455746241, 22.536367610577258 ], [ 150.877741584906545, 22.537912788844551 ], [ 150.875659540156249, 22.541006596077978 ], [ 150.874621314223106, 22.542553965093731 ], [ 150.866325089931735, 22.554954688008934 ], [ 150.865594794564714, 22.556048505534648 ], [ 150.864135310896387, 22.558239115543131 ], [ 150.863406883421845, 22.559334769484394 ], [ 150.860495693421882, 22.563722818953352 ], [ 150.859769395541463, 22.564819879434282 ], [ 150.858318645190053, 22.567015879979351 ], [ 150.857594782673374, 22.568113926117007 ], [ 150.851806787353809, 22.576912104310736 ], [ 150.850785043295474, 22.57846985420079 ], [ 150.848745275674702, 22.581589110449556 ], [ 150.84772792120728, 22.583149594278552 ], [ 150.843665569311071, 22.589399467911562 ], [ 150.842652567562283, 22.59096266049869 ], [ 150.840630537270187, 22.594092432520142 ], [ 150.839616700051039, 22.595666506904138 ], [ 150.837036341854315, 22.59968512926568 ], [ 150.836365077087436, 22.600731672129427 ], [ 150.836047217106085, 22.601227761552309 ], [ 150.835457352675263, 22.602149263578099 ], [ 150.835162664626097, 22.602610047416192 ], [ 150.834350119962465, 22.60388178861416 ], [ 150.833809843250293, 22.604728270993462 ], [ 150.825709242188537, 22.617432498011652 ], [ 150.825259327556324, 22.618139010807113 ], [ 150.82435933101911, 22.619554251427985 ], [ 150.8233626123953, 22.621126438134866 ], [ 150.822269622246068, 22.622855814644595 ], [ 150.821724082700968, 22.623720452537242 ], [ 150.817755149681233, 22.630021324924655 ], [ 150.817271175924958, 22.630790783068619 ], [ 150.816765702975232, 22.631596930854101 ], [ 150.814790834030674, 22.634751475600694 ], [ 150.813806213086792, 22.636329129286253 ], [ 150.805939624614695, 22.648971829186991 ], [ 150.804959430134005, 22.650551906545729 ], [ 150.80300254852969, 22.653716232318686 ], [ 150.802026660902271, 22.655299192903698 ], [ 150.7981300801396, 22.661639311705216 ], [ 150.797158728692949, 22.663224701359269 ], [ 150.795220087138006, 22.666398773085263 ], [ 150.794253586634028, 22.66798616193239 ], [ 150.78653221618984, 22.680706637901665 ], [ 150.785570172725926, 22.682296406354453 ], [ 150.783649644416215, 22.685480078343517 ], [ 150.782691942879211, 22.687072686855345 ], [ 150.778868208101954, 22.693451325418636 ], [ 150.777915073322589, 22.695046317134228 ], [ 150.776012906471266, 22.698239552513627 ], [ 150.775064647815753, 22.699836494858573 ], [ 150.767489475659801, 22.712633290894019 ], [ 150.766545704620881, 22.714232567879094 ], [ 150.76466177332307, 22.717435220959146 ], [ 150.763722379284701, 22.719037293936367 ], [ 150.759971977025458, 22.725453722012162 ], [ 150.759037180322395, 22.727058132327443 ], [ 150.757171729192379, 22.730270165336435 ], [ 150.756241832895086, 22.731876477717577 ], [ 150.748813823100278, 22.744748126125501 ], [ 150.747888446795088, 22.746356729080162 ], [ 150.746041350828165, 22.749577996327957 ], [ 150.745120385698129, 22.751189351207984 ], [ 150.74144379349687, 22.757642832251406 ], [ 150.74052745447878, 22.759256477704753 ], [ 150.73869895739179, 22.762486939620771 ], [ 150.737787542161669, 22.764102438577055 ], [ 150.730507644412597, 22.777047462670794 ], [ 150.729600779752701, 22.778665206334608 ], [ 150.727790757438271, 22.781904719027921 ], [ 150.726888337227621, 22.783525169651199 ], [ 150.723286027228966, 22.790014963520065 ], [ 150.722388262809005, 22.79163765975045 ], [ 150.720596954486183, 22.794886179154133 ], [ 150.719704138135995, 22.796510678525522 ], [ 150.712573286828075, 22.809527593523939 ], [ 150.711685050725265, 22.81115429173758 ], [ 150.70991233408725, 22.814411676657954 ], [ 150.709028575708686, 22.816041038663457 ], [ 150.70550101106349, 22.82256639981992 ], [ 150.704621937253393, 22.824197959768412 ], [ 150.70286804792309, 22.827464164340199 ], [ 150.70199394556451, 22.829097478865862 ], [ 150.695013060705008, 22.842184788297772 ], [ 150.694143567372549, 22.843820254901146 ], [ 150.692408384839524, 22.847095138829985 ], [ 150.6915434034062, 22.848733223359886 ], [ 150.688091039170814, 22.855293402668821 ], [ 150.687230770184811, 22.85693363927632 ], [ 150.685514526474918, 22.86021715399886 ], [ 150.684659250524675, 22.861859094821625 ], [ 150.677829236830149, 22.875015295919411 ], [ 150.676978599583464, 22.876659342055433 ], [ 150.675281175986044, 22.879951349076009 ], [ 150.674435083013378, 22.881597968172031 ], [ 150.671058368849373, 22.8881922120014 ], [ 150.670217015303507, 22.889840935510961 ], [ 150.668538641146171, 22.893141382669285 ], [ 150.667702303119341, 22.894791760931327 ], [ 150.661024049121266, 22.908015341035764 ], [ 150.660192378575772, 22.909667778745188 ], [ 150.6585329369465, 22.912976529343837 ], [ 150.657705842151273, 22.914631494148495 ], [ 150.654405216928268, 22.921259042571108 ], [ 150.65358288943915, 22.922916065024765 ], [ 150.651942605167534, 22.926233065104157 ], [ 150.651125313882659, 22.927891691049012 ], [ 150.644599693721631, 22.941181128506798 ], [ 150.643787098696322, 22.942841767134013 ], [ 150.642165853971534, 22.946166879997833 ], [ 150.641357866173365, 22.947830000754152 ], [ 150.638133765161939, 22.954490091145317 ], [ 150.637330571649187, 22.956155220987171 ], [ 150.635728590403033, 22.959488391776233 ], [ 150.634930454677516, 22.961155074747325 ], [ 150.628558325406885, 22.974508838911987 ], [ 150.627764912920867, 22.976177487801095 ], [ 150.62618208003974, 22.979518580718377 ], [ 150.625393306256484, 22.981189664072105 ], [ 150.62224615213907, 22.987881531108087 ], [ 150.621462198721957, 22.989554575883318 ], [ 150.619898732740836, 22.992903534271079 ], [ 150.619119856896219, 22.994578081813415 ], [ 150.612902061181472, 23.007994633945714 ], [ 150.612127936455551, 23.009671100641299 ], [ 150.610583724959866, 23.013027787802599 ], [ 150.609814268613974, 23.014706643097384 ], [ 150.606744480474191, 23.021429514260973 ], [ 150.605979870574885, 23.023110282414166 ], [ 150.604455127602733, 23.026474640792458 ], [ 150.603695615061525, 23.028156860450963 ], [ 150.597632979378801, 23.041634654615933 ], [ 150.596878244935766, 23.043318744864621 ], [ 150.595372860769459, 23.046690641360414 ], [ 150.594622824384288, 23.048377073443447 ], [ 150.591630810514204, 23.055130173519046 ], [ 150.590885645756572, 23.056818470796316 ], [ 150.589399829939254, 23.060197841557482 ], [ 150.588659782323276, 23.061887539978329 ], [ 150.582753116963687, 23.075425020348803 ], [ 150.582220235376127, 23.076649659554477 ], [ 150.581156254658282, 23.079101741152868 ], [ 150.580625700516322, 23.080327930789906 ], [ 150.578507253007984, 23.085237766010607 ], [ 150.577979211571716, 23.086465038431186 ], [ 150.576925430964735, 23.088921205649513 ], [ 150.57640012076925, 23.090149100401163 ], [ 150.572203600815925, 23.099985763532572 ], [ 150.57148227708629, 23.101683155653745 ], [ 150.570044010223711, 23.105081074932031 ], [ 150.569327546429378, 23.106780474339729 ], [ 150.566470194344475, 23.113584790805731 ], [ 150.565758559910165, 23.115286178614667 ], [ 150.564339865892435, 23.118691653097699 ], [ 150.563633106683056, 23.120395024810904 ], [ 150.562020227451995, 23.12429805641068 ], [ 150.561663164224029, 23.125163258178162 ], [ 150.561031176448324, 23.126696889150594 ], [ 150.560547993195797, 23.127871651955502 ], [ 150.560340184152579, 23.128377621330515 ], [ 150.559902505696783, 23.129444681327328 ], [ 150.554169962574548, 23.143438821245127 ], [ 150.553699535306038, 23.144590274521846 ], [ 150.552762107186282, 23.146891129722263 ], [ 150.552069116597096, 23.148599022327375 ], [ 150.551618833243396, 23.149713344395877 ], [ 150.55139414302576, 23.15027013356007 ], [ 150.548637826175678, 23.157109229507768 ], [ 150.54795159129381, 23.158818939642657 ], [ 150.546549619270451, 23.162326385554678 ], [ 150.545902670372612, 23.163951959615446 ], [ 150.540468618532287, 23.177659094392197 ], [ 150.53979243537313, 23.179371729122408 ], [ 150.538444331841134, 23.182800546408487 ], [ 150.537772961852994, 23.184515333216609 ], [ 150.535095975099836, 23.191381517643322 ], [ 150.534429573866447, 23.193097971794487 ], [ 150.533101417297445, 23.196533474640432 ], [ 150.532440203353502, 23.198251123990644 ], [ 150.527165201113945, 23.212011648819043 ], [ 150.526508892971634, 23.213730926841208 ], [ 150.525200583540965, 23.217172987543904 ], [ 150.524549116449322, 23.218894369080317 ], [ 150.521951827615709, 23.225786847885075 ], [ 150.521305350861809, 23.227509847302002 ], [ 150.520017078326219, 23.230958393915074 ], [ 150.519375805949068, 23.232682537269739 ], [ 150.514260581761192, 23.246494859450507 ], [ 150.513624239467759, 23.248220581115447 ], [ 150.512355904901852, 23.251675486834642 ], [ 150.511724429739303, 23.253403264349487 ], [ 150.509207200352677, 23.260321238035118 ], [ 150.508580738910752, 23.262050583068344 ], [ 150.507332527574505, 23.265511775048935 ], [ 150.50671128579782, 23.267242210959665 ], [ 150.501756551924046, 23.281104730599338 ], [ 150.501140264512543, 23.282836696257164 ], [ 150.499912081077952, 23.286304046794612 ], [ 150.49930068777681, 23.288038019739304 ], [ 150.496863867674136, 23.294980687908804 ], [ 150.496257508777518, 23.296716178908781 ], [ 150.495049534908418, 23.300189613360317 ], [ 150.494448410965703, 23.301926142178132 ], [ 150.489654862582057, 23.315837253087295 ], [ 150.489058715488142, 23.317575262188825 ], [ 150.487870856755336, 23.321054654648833 ], [ 150.487279629851201, 23.322794621574758 ], [ 150.484923563472222, 23.329761180234925 ], [ 150.484337392557478, 23.331502614854088 ], [ 150.483169826127011, 23.334987889779654 ], [ 150.48258890455466, 23.33673031005614 ], [ 150.477957219750607, 23.350688397951444 ], [ 150.477381298409142, 23.352432249049457 ], [ 150.476233931651365, 23.355923280535478 ], [ 150.475662956581033, 23.357669039994676 ], [ 150.473387978473085, 23.364658679754456 ], [ 150.472822078277233, 23.366405855646349 ], [ 150.4716950856604, 23.369902566350703 ], [ 150.471134449195944, 23.371650676637813 ], [ 150.466665288073528, 23.385654120941325 ], [ 150.46610967432278, 23.387403611687716 ], [ 150.465002965015657, 23.390905876605274 ], [ 150.464452321817504, 23.392657226250321 ], [ 150.462258758435638, 23.399669135023032 ], [ 150.461713211696207, 23.401421850738188 ], [ 150.460626953871184, 23.404929590728557 ], [ 150.460086684353797, 23.406683187779237 ], [ 150.455780690826629, 23.420730361617416 ], [ 150.455245464706678, 23.422485288765643 ], [ 150.454179572029972, 23.425998380621195 ], [ 150.453649340744875, 23.427755116305747 ], [ 150.451537508649636, 23.434788480204702 ], [ 150.451012393607954, 23.436546530698138 ], [ 150.449967028856037, 23.440064893480411 ], [ 150.449447204525796, 23.441823772249791 ], [ 150.445305005422171, 23.455913044252043 ], [ 150.444790245174573, 23.457673202756496 ], [ 150.443765324710881, 23.461196713258005 ], [ 150.443255582679541, 23.462958630836511 ], [ 150.44122579123794, 23.470012631478141 ], [ 150.440721184335899, 23.471775812604051 ], [ 150.439716866440932, 23.475304388986615 ], [ 150.439217561941661, 23.477068345328405 ], [ 150.43523976610291, 23.491198076030855 ], [ 150.434745548169218, 23.492963261745501 ], [ 150.433761751004596, 23.496496780802232 ], [ 150.43327257377112, 23.498263675228742 ], [ 150.431325123356061, 23.505337492431863 ], [ 150.430841099237938, 23.507105599144722 ], [ 150.429877976588301, 23.51064397723826 ], [ 150.429399267462628, 23.512412806106624 ], [ 150.425586465743123, 23.526581350649394 ], [ 150.425112862968973, 23.528351358528766 ], [ 150.424170334793558, 23.531894474251004 ], [ 150.42370179610171, 23.533666139581271 ], [ 150.421836977195568, 23.540758948666848 ], [ 150.421373609604785, 23.542531775921248 ], [ 150.420451825192259, 23.546079543836356 ], [ 150.419993783386786, 23.547853040186027 ], [ 150.416346550453255, 23.562058746514282 ], [ 150.415893633884735, 23.563833369714672 ], [ 150.414992518590708, 23.567385670212872 ], [ 150.414544687687595, 23.569161900501683 ], [ 150.412762783576483, 23.576272874993492 ], [ 150.412320141762081, 23.578050215045693 ], [ 150.411439837679296, 23.581606959993678 ], [ 150.411002531541868, 23.583384916081286 ], [ 150.407521423175496, 23.597626129442574 ], [ 150.407089262060509, 23.599405161119734 ], [ 150.406229696344127, 23.602966230907242 ], [ 150.405802643378166, 23.604746819310549 ], [ 150.404103925656301, 23.61187513093293 ], [ 150.403682078865387, 23.613656776039761 ], [ 150.402843389112007, 23.617222082533516 ], [ 150.40242688789138, 23.619004290615976 ], [ 150.399112440987238, 23.633279349962464 ], [ 150.398809348773256, 23.634590995878085 ], [ 150.398205552944802, 23.637216778831657 ], [ 150.397905155998643, 23.638529592067641 ], [ 150.396708453332877, 23.643785292157787 ], [ 150.39641085237966, 23.645098780784451 ], [ 150.395818330452499, 23.647727016189236 ], [ 150.395523648697946, 23.649040691874802 ], [ 150.393175090758433, 23.659562635707289 ], [ 150.392778975370135, 23.661349453714621 ], [ 150.391991683670113, 23.664925500811449 ], [ 150.391600771759016, 23.666713530205698 ], [ 150.390046869168401, 23.673870929500367 ], [ 150.389661144547091, 23.67566015499267 ], [ 150.388894748594709, 23.679240535922162 ], [ 150.388514237342775, 23.681030948520004 ], [ 150.387670602217014, 23.685029574455683 ], [ 150.387401311022614, 23.68631021714333 ], [ 150.387003959065765, 23.688206039277702 ], [ 150.38689587134823, 23.688722923724413 ], [ 150.386680087117298, 23.689756999286487 ], [ 150.386572619032023, 23.690273088732511 ], [ 150.383549368109271, 23.704820639960872 ], [ 150.383245462008887, 23.706291716789679 ], [ 150.382640798334734, 23.709236464991136 ], [ 150.38227511330652, 23.711030705103354 ], [ 150.382112585128226, 23.711834397739693 ], [ 150.380632548353589, 23.719170264796276 ], [ 150.380273467946751, 23.720963577707238 ], [ 150.37956039279814, 23.724552066924844 ], [ 150.379380577852004, 23.725460474821489 ], [ 150.379206684941352, 23.726345781832833 ], [ 150.376395270226368, 23.740712357089905 ], [ 150.376046779336235, 23.742506940743141 ], [ 150.375354700659756, 23.746098922027812 ], [ 150.375011397958389, 23.747894856462949 ], [ 150.373647984367295, 23.75508416820017 ], [ 150.373309948096136, 23.756880950695745 ], [ 150.372638984602219, 23.760476329619223 ], [ 150.372306328075098, 23.762273461051791 ], [ 150.36966354613665, 23.776667185942244 ], [ 150.369336121865132, 23.778465133059854 ], [ 150.368686215096915, 23.782063794508844 ], [ 150.368363997900957, 23.783863041146759 ], [ 150.367085002771518, 23.791065504569588 ], [ 150.366768067293293, 23.792865547107709 ], [ 150.36613932786841, 23.796467394854716 ], [ 150.36582777932918, 23.798267732370391 ], [ 150.363354075331102, 23.812686919765952 ], [ 150.363047774335683, 23.814488021705188 ], [ 150.3624401491941, 23.818092940636916 ], [ 150.362139073260238, 23.81989528903668 ], [ 150.36094471602658, 23.827110059681786 ], [ 150.360648934401439, 23.828913151820842 ], [ 150.360062527864244, 23.832521045710081 ], [ 150.359772140372939, 23.834324378867365 ], [ 150.357467943291368, 23.848767338942139 ], [ 150.357182818632992, 23.85057138346292 ], [ 150.356617580337712, 23.854182137196261 ], [ 150.356337698726662, 23.855987376916119 ], [ 150.355228188030907, 23.86321360942074 ], [ 150.354953613319395, 23.865019538920905 ], [ 150.354409643091259, 23.868633056270966 ], [ 150.354140467908934, 23.870439172829862 ], [ 150.35200618693662, 23.884904212160109 ], [ 150.35174228897634, 23.886710987921987 ], [ 150.351219539150776, 23.890327153775502 ], [ 150.350960902224671, 23.892135071676421 ], [ 150.349936437717048, 23.899371917980147 ], [ 150.349683119380785, 23.901180472601141 ], [ 150.349181684387787, 23.904799188931719 ], [ 150.348933770077821, 23.90660787755192 ], [ 150.346969795520437, 23.92109329731818 ], [ 150.346727173720893, 23.922902592081357 ], [ 150.346247009492259, 23.926523744675393 ], [ 150.346009663115666, 23.928334129417067 ], [ 150.345070436352358, 23.935580739659883 ], [ 150.344838421156766, 23.937391708061341 ], [ 150.34437961492759, 23.941015198892728 ], [ 150.344153009154326, 23.94282624553523 ], [ 150.34235971333058, 23.957330345119544 ], [ 150.342138412658215, 23.959141945744705 ], [ 150.341700924858543, 23.962767660599525 ], [ 150.341484916696487, 23.964580298142522 ], [ 150.340631107540077, 23.971835821566202 ], [ 150.340420441351142, 23.973648988810282 ], [ 150.340004353818614, 23.977276827863619 ], [ 150.339799100648776, 23.979090022087462 ], [ 150.33817683519365, 23.993611094576977 ], [ 150.337976900614279, 23.995424788823215 ], [ 150.337582175577523, 23.99905463876101 ], [ 150.337387547897862, 24.000869316865845 ], [ 150.336619329019669, 24.008132898215052 ], [ 150.336430054104454, 24.009948052960681 ], [ 150.336056768905706, 24.013579813957676 ], [ 150.335872909707888, 24.015394940824251 ], [ 150.334422009169231, 24.029931278406252 ], [ 150.334243481152072, 24.031746852235841 ], [ 150.333891602516502, 24.03538041007846 ], [ 150.333718395787997, 24.037196914706328 ], [ 150.333035928166197, 24.044467700524365 ], [ 150.332868084095736, 24.046284628733133 ], [ 150.332537682168578, 24.04991988269694 ], [ 150.332375257413076, 24.05173672816781 ], [ 150.331096034754779, 24.066286619432248 ], [ 150.330938952871094, 24.068103858806353 ], [ 150.330629997077523, 24.071740696476468 ], [ 150.330478250871266, 24.073558813588789 ], [ 150.329881686491063, 24.080835946821708 ], [ 150.329735311935821, 24.08265443445498 ], [ 150.329447867026175, 24.086292754207562 ], [ 150.329306912684643, 24.08811110424449 ], [ 150.328199664683353, 24.102672833285027 ], [ 150.328064064905021, 24.104491525064077 ], [ 150.32779810389971, 24.108131213585125 ], [ 150.327667854188604, 24.109950730042556 ], [ 150.327157336042802, 24.117233351838195 ], [ 150.327032466076076, 24.119053183058327 ], [ 150.326788048330656, 24.122694139623377 ], [ 150.32666860037628, 24.124513781086648 ], [ 150.325733601325652, 24.139085630198281 ], [ 150.325619517827278, 24.140905558544887 ], [ 150.325396620858129, 24.144547668940191 ], [ 150.325287899117626, 24.146368368905485 ], [ 150.324863561205262, 24.153655620411087 ], [ 150.324760228202848, 24.155476582078933 ], [ 150.324558904170459, 24.159119744680766 ], [ 150.324460993180566, 24.160940461733247 ], [ 150.323698499386779, 24.175520711412133 ], [ 150.323605963644951, 24.177341661388908 ], [ 150.323426192765083, 24.18098576378253 ], [ 150.323339032271321, 24.18280743231756 ], [ 150.32300099599982, 24.190098452881841 ], [ 150.322919230538929, 24.191920330059588 ], [ 150.322761059575924, 24.195565268822577 ], [ 150.32268471702676, 24.197386846526086 ], [ 150.32209496501153, 24.211973772771643 ], [ 150.322041935587578, 24.21332185651886 ], [ 150.321938759966457, 24.216020096950302 ], [ 150.321888666829437, 24.217368898356341 ], [ 150.321694088612077, 24.222767715657824 ], [ 150.321646950646738, 24.224116733800514 ], [ 150.321555611902255, 24.226815587569888 ], [ 150.321511447995846, 24.228164323325217 ], [ 150.321169612987916, 24.238965179299981 ], [ 150.321114624840362, 24.240788028645056 ], [ 150.321010015700523, 24.244435321833066 ], [ 150.320960431579266, 24.246258539000792 ], [ 150.320772824007037, 24.253555052624051 ], [ 150.320728643912076, 24.255378621426672 ], [ 150.320645675158431, 24.259026852607462 ], [ 150.320606905385176, 24.260850761353822 ], [ 150.320527677810361, 24.264862111797441 ], [ 150.320502477907922, 24.266184668288247 ], [ 150.320461695451314, 24.268410252931062 ], [ 150.320435169048466, 24.269924896517352 ], [ 150.320184820274136, 24.284913891663223 ], [ 150.320158450352693, 24.286638106064345 ], [ 150.320110708043472, 24.290075595512718 ], [ 150.320087075658449, 24.291992798129741 ], [ 150.320006241894845, 24.299501308039567 ], [ 150.319989273486755, 24.301330571349013 ], [ 150.31996087469534, 24.304978251245643 ], [ 150.319952332934264, 24.306242613506214 ], [ 150.319949389453342, 24.306801118577027 ], [ 150.319879084052815, 24.321397718829957 ], [ 150.319873008233145, 24.323220603248473 ], [ 150.319866270512449, 24.326868360486969 ], [ 150.319865612208815, 24.32869174762638 ], [ 150.319873821220682, 24.335989215430459 ], [ 150.31987858133229, 24.337812595375453 ], [ 150.319893527164851, 24.341460325633733 ], [ 150.319903705692383, 24.343283190267385 ], [ 150.320006888507834, 24.35787955579724 ], [ 150.320022482752307, 24.359702384457876 ], [ 150.320059111239658, 24.363349975321626 ], [ 150.320080131992796, 24.365173251844453 ], [ 150.320175110293491, 24.372470170162728 ], [ 150.320201553059775, 24.374293385531814 ], [ 150.320259879490578, 24.377940732679065 ], [ 150.320291737074882, 24.379763378777199 ], [ 150.320568547500926, 24.394357778389207 ], [ 150.320605827997298, 24.396180334555112 ], [ 150.320685855069001, 24.399827325570953 ], [ 150.320728570168313, 24.401650275640179 ], [ 150.320910381609593, 24.408945777525901 ], [ 150.320958524117174, 24.410768612481746 ], [ 150.321060260823259, 24.414415143044948 ], [ 150.32111381365192, 24.416237354770459 ], [ 150.321564367702337, 24.430828055470897 ], [ 150.321623348839381, 24.432650122405846 ], [ 150.32174680237361, 24.436296080999796 ], [ 150.321811226207529, 24.438118487878285 ], [ 150.322079924749261, 24.445411707284734 ], [ 150.322149777790656, 24.44723394419168 ], [ 150.322294950851784, 24.450879225596339 ], [ 150.322370210617493, 24.45270078531334 ], [ 150.322994604518072, 24.467286053209023 ], [ 150.323075298886778, 24.469107414176221 ], [ 150.323242202266243, 24.472751906875402 ], [ 150.323328344728026, 24.47457355382673 ], [ 150.323683973537101, 24.481863622908094 ], [ 150.323775548802956, 24.48368504592861 ], [ 150.323964178904276, 24.487328643802243 ], [ 150.324061155498413, 24.489149335673915 ], [ 150.324859466591903, 24.503727435073273 ], [ 150.324961881386145, 24.505547874235361 ], [ 150.325172252598151, 24.509190466667235 ], [ 150.325280123579461, 24.511011136954835 ], [ 150.325722715032185, 24.51829718876445 ], [ 150.325836020616663, 24.520117581161799 ], [ 150.326068122146836, 24.523759062930822 ], [ 150.326186823663448, 24.525578670219744 ], [ 150.327159106807841, 24.540147865432232 ], [ 150.327283250122406, 24.541967165152954 ], [ 150.327537100856972, 24.545607424743253 ], [ 150.327666706653559, 24.547426900731267 ], [ 150.328196284132133, 24.554708067423775 ], [ 150.328331324531888, 24.556527211561956 ], [ 150.328606909182014, 24.560166142853632 ], [ 150.32874733921895, 24.561984448823864 ], [ 150.329893630387147, 24.576543004156605 ], [ 150.330039505818974, 24.578360948599226 ], [ 150.330336845069979, 24.581998440076319 ], [ 150.33048818837986, 24.58381650592753 ], [ 150.331104763574587, 24.591091919656776 ], [ 150.331261542386557, 24.592909598799338 ], [ 150.331580613754824, 24.596545546140419 ], [ 150.331742775009644, 24.598362333155478 ], [ 150.333063089490594, 24.612908512917869 ], [ 150.333230698838321, 24.614724883547069 ], [ 150.33357152840361, 24.618359173437426 ], [ 150.333744610126161, 24.620175612414982 ], [ 150.334448186634773, 24.627444404436233 ], [ 150.334626703860209, 24.629260402745643 ], [ 150.334989261945367, 24.6328929308645 ], [ 150.335173154418356, 24.634707983087594 ], [ 150.336667485916365, 24.649240049788773 ], [ 150.336856828280276, 24.651054631666341 ], [ 150.337241145463423, 24.65468528649734 ], [ 150.33743596379955, 24.656499880965271 ], [ 150.338226533528342, 24.663761183432314 ], [ 150.338426786467636, 24.665575283273057 ], [ 150.338832826773825, 24.669203959595507 ], [ 150.339038446867136, 24.671017059390238 ], [ 150.340706768403066, 24.685533278238722 ], [ 150.340917841086394, 24.687345852829225 ], [ 150.341345636892385, 24.690972439126966 ], [ 150.341562188244694, 24.69278497234879 ], [ 150.342439732308691, 24.700037917416267 ], [ 150.342661716465528, 24.7018499011524 ], [ 150.343111227301989, 24.705474292205281 ], [ 150.343338570519137, 24.707285223734459 ], [ 150.345180836227115, 24.721783857239529 ], [ 150.345413631134562, 24.723594208706118 ], [ 150.345884893873432, 24.727216292098632 ], [ 150.346123171048049, 24.729026547337668 ], [ 150.347087660667768, 24.736270267159512 ], [ 150.34733136884816, 24.738079919852794 ], [ 150.347824334925718, 24.741699591263682 ], [ 150.348073392273619, 24.74350813599213 ], [ 150.350089533805573, 24.757987450261226 ], [ 150.350344042843773, 24.759795362765999 ], [ 150.35085875362941, 24.763412508880521 ], [ 150.351118747632796, 24.765220269400288 ], [ 150.352170143238396, 24.772453897929353 ], [ 150.352435564650278, 24.774261001044692 ], [ 150.352971966184128, 24.777875519340114 ], [ 150.353242725971342, 24.779681462330018 ], [ 150.355432654293764, 24.794139722570435 ], [ 150.35563572660854, 24.795470435012902 ], [ 150.356045111493387, 24.798133446301904 ], [ 150.356251218119638, 24.799464401561323 ], [ 150.357082073879297, 24.804790853115804 ], [ 150.357291150966404, 24.806121553867001 ], [ 150.357712358339114, 24.808783290816592 ], [ 150.357924316854479, 24.810113243332012 ], [ 150.359633531463174, 24.820761801816332 ], [ 150.359925838107216, 24.822565590929685 ], [ 150.360516095542295, 24.826173877822612 ], [ 150.360813848480717, 24.827977162416431 ], [ 150.36201627173412, 24.835192174979397 ], [ 150.362319488953545, 24.836994939765106 ], [ 150.362931495592335, 24.84060068607323 ], [ 150.363240160005745, 24.842402920258934 ], [ 150.363932099287268, 24.846406601284031 ], [ 150.364157908261774, 24.847707721534505 ], [ 150.364494990352483, 24.849642201027194 ], [ 150.364584191407658, 24.850152716474895 ], [ 150.36476307016008, 24.851173918242125 ], [ 150.364852551804489, 24.85168349749577 ], [ 150.367420350070148, 24.866268834639328 ], [ 150.367694989532794, 24.867817034628871 ], [ 150.368248617580463, 24.870914818664374 ], [ 150.368573194597985, 24.872715435869054 ], [ 150.368687715166317, 24.873345223003838 ], [ 150.370022379229937, 24.880669133573946 ], [ 150.370352854900858, 24.882467292032175 ], [ 150.371019382039577, 24.886063752840272 ], [ 150.371236013432195, 24.887226381992321 ], [ 150.371355161012644, 24.88786059109384 ], [ 150.374065705967979, 24.902245293985516 ], [ 150.374406932135031, 24.904041281480403 ], [ 150.375095148222982, 24.907634350945045 ], [ 150.375441860254142, 24.909429968818358 ], [ 150.376840279056324, 24.916614564510951 ], [ 150.377192401408848, 24.91840930824344 ], [ 150.377902226407542, 24.921998885640363 ], [ 150.378259640370771, 24.923792257007335 ], [ 150.381143406443726, 24.938148980191642 ], [ 150.381506263104171, 24.939941445941344 ], [ 150.382237757267291, 24.943527415258387 ], [ 150.382606097994, 24.945319456528068 ], [ 150.384091070247251, 24.952489632490909 ], [ 150.384464815898838, 24.954280746559533 ], [ 150.385217891992767, 24.957863007971838 ], [ 150.385596915765319, 24.95965269661508 ], [ 150.388653708702037, 24.973979712494071 ], [ 150.389038171574867, 24.975768441560632 ], [ 150.389812893450681, 24.979346878156207 ], [ 150.390202838591023, 24.981135127884329 ], [ 150.391774260874087, 24.988290021667467 ], [ 150.39216960374452, 24.990077289335886 ], [ 150.392965879671948, 24.993651803988087 ], [ 150.393366487174404, 24.995437594070012 ], [ 150.396596089338942, 25.009733176845089 ], [ 150.39700213144377, 25.011517954290639 ], [ 150.397820027072868, 25.015088428288522 ], [ 150.398231547847928, 25.016872670637412 ], [ 150.399889307745894, 25.024011418892172 ], [ 150.400306219057057, 25.025794626121524 ], [ 150.401145635463223, 25.029360962339069 ], [ 150.401567797016497, 25.03114263892212 ], [ 150.404969973686121, 25.045405067290403 ], [ 150.405397565346249, 25.047185676378149 ], [ 150.406258572675853, 25.050747757003819 ], [ 150.406691639408024, 25.052527777035721 ], [ 150.408435612813975, 25.05964951911028 ], [ 150.408874061988996, 25.061428450063488 ], [ 150.409756555920609, 25.064986177970155 ], [ 150.410561457246018, 25.067552231550621 ], [ 150.412010259666459, 25.073336054915501 ], [ 150.412765274698558, 25.076472597932366 ], [ 150.413405137837373, 25.07912803962779 ], [ 150.414836934077613, 25.085006474369692 ], [ 150.415094885720947, 25.086054351827215 ], [ 150.415320027398167, 25.086938680376363 ], [ 150.417187265480635, 25.094032243993297 ], [ 150.418352794046911, 25.09842704916943 ], [ 150.419299339493733, 25.1019697799818 ], [ 150.420096208073829, 25.104937190199593 ], [ 150.423767416933316, 25.119000265849905 ], [ 150.424246922857975, 25.120728961572752 ], [ 150.427300758823236, 25.132428370673182 ], [ 150.428269196466914, 25.135967595029001 ], [ 150.428755818726387, 25.137735644184886 ], [ 150.432674081244642, 25.151888292311469 ], [ 150.433166112926443, 25.153655111194752 ], [ 150.434156039869805, 25.157189435144687 ], [ 150.43465353403397, 25.158955500396416 ], [ 150.436655297205021, 25.166021073514116 ], [ 150.43715814503301, 25.167785888708181 ], [ 150.438169438969254, 25.171315219622102 ], [ 150.438677471388502, 25.173078297326128 ], [ 150.442767145587965, 25.18719092472179 ], [ 150.443280580235211, 25.188952718193804 ], [ 150.444313323901525, 25.192476933764112 ], [ 150.444832214735385, 25.194237920543884 ], [ 150.446919587969461, 25.201283057467492 ], [ 150.447443821675421, 25.203042740230558 ], [ 150.448497886468914, 25.206561748726017 ], [ 150.449027287680025, 25.208319642737706 ], [ 150.453288029120159, 25.222390540691435 ], [ 150.453822822665785, 25.224147095612238 ], [ 150.454898295820414, 25.227660775624599 ], [ 150.45543853925804, 25.229416469894574 ], [ 150.45761134628745, 25.236440318066457 ], [ 150.458156920905736, 25.238194655259576 ], [ 150.459253666623709, 25.241702915957262 ], [ 150.459804389861034, 25.243455412238063 ], [ 150.464235834316952, 25.257482874735302 ], [ 150.464791940896049, 25.259233978865552 ], [ 150.465910050009171, 25.262736697940596 ], [ 150.466471599285768, 25.264486886560945 ], [ 150.468729651252858, 25.2714885943235 ], [ 150.469296520019185, 25.273237372806761 ], [ 150.470435851334429, 25.276734461226852 ], [ 150.471007848933851, 25.278481346637221 ], [ 150.475609606998233, 25.292463673060496 ], [ 150.476186978946799, 25.294209114159798 ], [ 150.477347625992735, 25.297700446918611 ], [ 150.477930431644978, 25.29944491764914 ], [ 150.480273529800144, 25.306423635142977 ], [ 150.480861642351698, 25.308166642676838 ], [ 150.482043458539721, 25.311652132540331 ], [ 150.482636680139564, 25.313393196638913 ], [ 150.487408343521139, 25.327328689967715 ], [ 150.48800692777823, 25.329068254896356 ], [ 150.489210010234643, 25.332547777758009 ], [ 150.489814020101477, 25.334286318359432 ], [ 150.492241954003504, 25.341241198422949 ], [ 150.492851257280137, 25.342978223666591 ], [ 150.494075452221097, 25.346451693191398 ], [ 150.494689843861607, 25.348186723738706 ], [ 150.499630982684408, 25.362073689649264 ], [ 150.500080961168038, 25.363333920424452 ], [ 150.500984364337825, 25.365855448570386 ], [ 150.501437331268363, 25.367115461709545 ], [ 150.503255951101579, 25.372157104267188 ], [ 150.503711756293313, 25.373416420431795 ], [ 150.504626387498121, 25.375934908869311 ], [ 150.505084840293677, 25.377193055915058 ], [ 150.508767410288129, 25.387264846795659 ], [ 150.509402729153209, 25.388994386082572 ], [ 150.510679109953372, 25.392453241624196 ], [ 150.511319747408635, 25.394181405847547 ], [ 150.513894032484046, 25.401094061842116 ], [ 150.514540020006535, 25.402820832116163 ], [ 150.515837579840792, 25.406273693676667 ], [ 150.516488880558228, 25.40799906100824 ], [ 150.517977065189854, 25.41192366104849 ], [ 150.518341072083359, 25.412882030781475 ], [ 150.518977650898279, 25.414555107932529 ], [ 150.519425748000714, 25.415730341982339 ], [ 150.519616675869344, 25.416230326369032 ], [ 150.519955519732349, 25.417116422984918 ], [ 150.525342840100649, 25.43118514098191 ], [ 150.525836912344545, 25.432470989844774 ], [ 150.526827448128898, 25.435040419480231 ], [ 150.52749359035775, 25.436760792876584 ], [ 150.527917550554918, 25.437850694754133 ], [ 150.530683411910246, 25.444946771076957 ], [ 150.531355943822092, 25.446664583204324 ], [ 150.532706582543398, 25.450099460122345 ], [ 150.532949436368, 25.450716100068377 ], [ 150.533384138068328, 25.451815126467324 ], [ 150.538830900026852, 25.465546396349538 ], [ 150.539513766947294, 25.467260350385118 ], [ 150.54088544350887, 25.47068841583814 ], [ 150.54157369557052, 25.472401129708601 ], [ 150.544338658502994, 25.479252228008107 ], [ 150.545032143718828, 25.480963216079886 ], [ 150.546424680955198, 25.484384390028197 ], [ 150.5471231655022, 25.486093181955084 ], [ 150.55273746216497, 25.499769197490764 ], [ 150.553441245517462, 25.501476224948107 ], [ 150.55485475674223, 25.504890376989721 ], [ 150.55556391174585, 25.50659611032242 ], [ 150.558412499038383, 25.513419166861581 ], [ 150.559126870109395, 25.515123123134003 ], [ 150.560561173659636, 25.518530175028047 ], [ 150.561280520680072, 25.520231885693306 ], [ 150.567061813352922, 25.533850976841478 ], [ 150.567786442990638, 25.535550869077696 ], [ 150.56924165487888, 25.538950691321702 ], [ 150.569971644476624, 25.540649236373497 ], [ 150.572903580037092, 25.547443418379288 ], [ 150.57363876771538, 25.549140133310971 ], [ 150.575114698185672, 25.552532648563243 ], [ 150.575854838430843, 25.554227068424893 ], [ 150.581802565037179, 25.567787572338972 ], [ 150.582547972611252, 25.569480121610553 ], [ 150.584044741272265, 25.57286519857027 ], [ 150.584795495316172, 25.574556346698472 ], [ 150.587810494059823, 25.581320824097247 ], [ 150.588566427299639, 25.583010090843374 ], [ 150.590083839897972, 25.586387654866684 ], [ 150.590844700523149, 25.588074577080505 ], [ 150.596958279201914, 25.601574835410872 ], [ 150.597724390968125, 25.603259834873938 ], [ 150.599262569812055, 25.60662975196189 ], [ 150.600034012760062, 25.608313297221457 ], [ 150.603131777909795, 25.615047241737329 ], [ 150.603908382066521, 25.616728853454219 ], [ 150.605467128405536, 25.620091052560355 ], [ 150.60624863386775, 25.621770271181504 ], [ 150.612527459375457, 25.635208630973921 ], [ 150.613314198891914, 25.636885873784422 ], [ 150.614893636832704, 25.640240219111064 ], [ 150.61568569314116, 25.641915955557209 ], [ 150.61886591622968, 25.648618542512168 ], [ 150.619663113962389, 25.650292293255148 ], [ 150.62126303845892, 25.653638715554592 ], [ 150.622065111416219, 25.655310024638538 ], [ 150.62850855782429, 25.668684841033212 ], [ 150.629315846849437, 25.670354122145199 ], [ 150.630936384707212, 25.673692484721016 ], [ 150.631748974336034, 25.675360205509406 ], [ 150.635011337903421, 25.682030614721413 ], [ 150.635829049171804, 25.683696299445074 ], [ 150.637469990847677, 25.687026534847178 ], [ 150.638292550361513, 25.688689729347885 ], [ 150.644899969258773, 25.701999361082045 ], [ 150.645727725954231, 25.703660476350308 ], [ 150.647389200951721, 25.706982446083487 ], [ 150.648222242962476, 25.708641947967749 ], [ 150.65156641695674, 25.71527936015454 ], [ 150.652404559922871, 25.716936774712849 ], [ 150.654086351504844, 25.720250414925204 ], [ 150.654929314836892, 25.721905290696924 ], [ 150.661700036228268, 25.735148105501139 ], [ 150.662548177856394, 25.736800849879643 ], [ 150.664250420921036, 25.740106019377833 ], [ 150.665103830777781, 25.741757099111283 ], [ 150.668529473457426, 25.748360698587874 ], [ 150.669387961785588, 25.750009639733548 ], [ 150.671110434199619, 25.753306277363095 ], [ 150.671973715015525, 25.754952631159313 ], [ 150.678907047323179, 25.768127001260467 ], [ 150.679775485750753, 25.769771173301478 ], [ 150.681518322413382, 25.773059136970005 ], [ 150.682392011982614, 25.774701589507089 ], [ 150.685898774409708, 25.781270566883535 ], [ 150.686777519967364, 25.782910831370259 ], [ 150.688540495148146, 25.786190060823031 ], [ 150.68942400441486, 25.787827691195503 ], [ 150.696519234475687, 25.800931997813819 ], [ 150.697407881569376, 25.802567393370936 ], [ 150.699191131966046, 25.805837746515408 ], [ 150.700085011314997, 25.807471372206578 ], [ 150.703672530163914, 25.814004917193557 ], [ 150.704571443018295, 25.81563630447215 ], [ 150.706374738403753, 25.818897722852057 ], [ 150.707278385289698, 25.820526427453018 ], [ 150.714534777458795, 25.833559057205207 ], [ 150.715443539688437, 25.835185476628794 ], [ 150.717267019457751, 25.838437816352553 ], [ 150.718180995956942, 25.8400624128505 ], [ 150.721848898008631, 25.846559723252994 ], [ 150.722767884630713, 25.848182030976346 ], [ 150.724611312263136, 25.851425236285991 ], [ 150.725535002339285, 25.853044814566999 ], [ 150.732951800286202, 25.866004163961406 ], [ 150.73388058412209, 25.867621405803533 ], [ 150.73574410260872, 25.870855331908388 ], [ 150.73667808003043, 25.872470699563308 ], [ 150.740425982174003, 25.878930973186215 ], [ 150.741364945436345, 25.880544001704891 ], [ 150.743248312860402, 25.883768595544836 ], [ 150.74419194899977, 25.885378847855776 ], [ 150.751768374811292, 25.898263317898142 ], [ 150.752441155834987, 25.899404637614197 ], [ 150.75379022703774, 25.901687834626273 ], [ 150.754465818443492, 25.902828529313609 ], [ 150.757174954161115, 25.90739188003181 ], [ 150.757853123023693, 25.908531500928376 ], [ 150.759212302606358, 25.910810162659345 ], [ 150.759892760243616, 25.91194827629235 ], [ 150.765352047059906, 25.921057369902087 ], [ 150.766315194891177, 25.922659054372275 ], [ 150.76824713379861, 25.925861258690361 ], [ 150.76921529085385, 25.927460727231079 ], [ 150.773099597669244, 25.933856693931688 ], [ 150.77407281161166, 25.935453919563372 ], [ 150.776024656113151, 25.938646813200222 ], [ 150.777010135010215, 25.940253604020967 ], [ 150.77953369562411, 25.944354535034336 ], [ 150.780311101077274, 25.945616081517329 ], [ 150.780622542596603, 25.946120898860812 ], [ 150.781192870155479, 25.947044397381319 ], [ 150.781478198060682, 25.947505977119761 ], [ 150.782165396116653, 25.948616560706 ], [ 150.782622873147403, 25.949355188291861 ], [ 150.790592186680925, 25.962207875393574 ], [ 150.791129743843186, 25.963073210260973 ], [ 150.792207376269772, 25.964804879142321 ], [ 150.7931988140746, 25.966392920896965 ], [ 150.794103619287313, 25.967837553161075 ], [ 150.794556254368018, 25.968559183559904 ], [ 150.798541745705762, 25.974903584933145 ], [ 150.799458532585874, 25.976358607963817 ], [ 150.801542009057385, 25.979653964958914 ], [ 150.802544875445989, 25.981235052256267 ], [ 150.81059529523705, 25.993885380206422 ], [ 150.811603159158977, 25.995463929616903 ], [ 150.813624818931004, 25.998620234336698 ], [ 150.814637792800596, 26.000196703615387 ], [ 150.818701640269325, 26.006500906192514 ], [ 150.819719494759198, 26.008074839382772 ], [ 150.821760580786957, 26.011221025829968 ], [ 150.822782979551704, 26.01279199935172 ], [ 150.830989696117769, 26.025361139205614 ], [ 150.832017067234659, 26.026929524478305 ], [ 150.834077731502504, 26.030065441567331 ], [ 150.835110188284972, 26.031631695446805 ], [ 150.839251953914896, 26.037894919515253 ], [ 150.840289265237772, 26.039458589642777 ], [ 150.842369243346553, 26.042584196004327 ], [ 150.843411063870263, 26.044144860597271 ], [ 150.851773191380431, 26.056631254729069 ], [ 150.85281995637618, 26.058189282509801 ], [ 150.854919403008722, 26.06130442436006 ], [ 150.855971231187851, 26.062860269486208 ], [ 150.860190468016214, 26.06908173893143 ], [ 150.861247121957632, 26.070634950842532 ], [ 150.863365767317219, 26.073739589510978 ], [ 150.864426896284755, 26.075289752720437 ], [ 150.872943526423484, 26.087691855195288 ], [ 150.874009572883921, 26.089239331230601 ], [ 150.876147573452414, 26.092333311133643 ], [ 150.877218658814428, 26.093878554152326 ], [ 150.881514906388389, 26.100057497356005 ], [ 150.882590787835426, 26.10160006039473 ], [ 150.884747870218717, 26.104683346459694 ], [ 150.885828191618344, 26.106222814031867 ], [ 150.894498396284831, 26.118539087009708 ], [ 150.895583607298505, 26.120075819743931 ], [ 150.897759928878514, 26.123148253689322 ], [ 150.89885015361213, 26.124682703943989 ], [ 150.903222942485428, 26.130818354683754 ], [ 150.904317934525494, 26.132350076395255 ], [ 150.906513216512536, 26.135411626745395 ], [ 150.907612612532972, 26.136940208923903 ], [ 150.916435440244157, 26.149169122657383 ], [ 150.917539697100239, 26.150694921433683 ], [ 150.919754099572657, 26.153745428109374 ], [ 150.920863344968012, 26.155268894944015 ], [ 150.925312194902318, 26.161360490594689 ], [ 150.92642617612799, 26.162881180322699 ], [ 150.928659417598311, 26.165920615444492 ], [ 150.929777766830995, 26.167438122471737 ], [ 150.938752245420602, 26.179578157106562 ], [ 150.939875426710188, 26.1810928321689 ], [ 150.942127667258916, 26.184121033859014 ], [ 150.943255809208637, 26.185633326617335 ], [ 150.947780229174697, 26.191680109949516 ], [ 150.948913077277126, 26.19318957973573 ], [ 150.951184030019846, 26.196206521014574 ], [ 150.95232120925678, 26.197712764932447 ], [ 150.961446346772078, 26.209762410507381 ], [ 150.962588328389444, 26.211265773896798 ], [ 150.964878155203024, 26.214271291986847 ], [ 150.966025070501047, 26.215772223609747 ], [ 150.970624558676974, 26.221773443689898 ], [ 150.97177614775174, 26.223271504676632 ], [ 150.974084559955173, 26.226265576195715 ], [ 150.975240443292392, 26.227760369046081 ], [ 150.984515224398962, 26.239718127289933 ], [ 150.985675878639796, 26.241209991048692 ], [ 150.988003039009897, 26.244192452320249 ], [ 150.989168599052419, 26.245681835748485 ], [ 150.993842642824262, 26.251636744340573 ], [ 150.995012844268018, 26.253123210368358 ], [ 150.997358459625872, 26.256094040707779 ], [ 150.998532916661048, 26.257577195431622 ], [ 151.007956307138585, 26.269441577067511 ], [ 151.009135504500392, 26.270921755035261 ], [ 151.011499737623609, 26.273880788068254 ], [ 151.012683812908364, 26.275358437142472 ], [ 151.017431888870902, 26.281266292306043 ], [ 151.018620572282344, 26.282740979013283 ], [ 151.021003127293312, 26.285688196753171 ], [ 151.022196027625256, 26.287159528989491 ], [ 151.031766970769496, 26.298929053733076 ], [ 151.032964579052788, 26.300397362448763 ], [ 151.035365619628038, 26.303332598521195 ], [ 151.036568076156442, 26.304798328880224 ], [ 151.041389651911715, 26.310658394069947 ], [ 151.042596684189931, 26.312121116196835 ], [ 151.045015910856392, 26.315044354413828 ], [ 151.046227119586234, 26.316503680700663 ], [ 151.055944538909927, 26.328176879959443 ], [ 151.057160422316571, 26.329633135960904 ], [ 151.059598000547595, 26.332544208149017 ], [ 151.060818703420779, 26.333997838130301 ], [ 151.065713234878245, 26.339809380399231 ], [ 151.066938478428511, 26.341259956282357 ], [ 151.069394104255281, 26.344158849851567 ], [ 151.07062348558614, 26.345605987626868 ], [ 151.080486282116823, 26.357181404498647 ], [ 151.081720303949197, 26.358625426122785 ], [ 151.084194143745577, 26.361511970201661 ], [ 151.085432954467848, 26.362953317242045 ], [ 151.090399887645589, 26.368715612635867 ], [ 151.091643204870849, 26.370153859713128 ], [ 151.094134951068014, 26.373028046207793 ], [ 151.095382364704875, 26.374462815606819 ], [ 151.105389419686873, 26.385939003082967 ], [ 151.106247718258288, 26.386921282191679 ], [ 151.107967756207785, 26.388885933938923 ], [ 151.108828581874178, 26.3898672615652 ], [ 151.112278393833122, 26.393792229428271 ], [ 151.113141433631114, 26.39477220267554 ], [ 151.114870058307162, 26.396731209377975 ], [ 151.115734939016789, 26.397709446034469 ], [ 151.122669569945543, 26.40553717480114 ], [ 151.123823365956042, 26.406836118692269 ], [ 151.126135561607867, 26.409432450647387 ], [ 151.12729317613983, 26.410728957375682 ], [ 151.13193323093472, 26.415912144230333 ], [ 151.133094708054983, 26.417206185017903 ], [ 151.135421941270266, 26.419792334848722 ], [ 151.136587224321744, 26.421083918688254 ], [ 151.138999851762065, 26.423751091140389 ], [ 151.139583384066583, 26.424395630754248 ], [ 151.140604387083641, 26.42552234637958 ], [ 151.14148328282775, 26.426491033135108 ], [ 151.142196985703123, 26.427276672780636 ], [ 151.150845485231827, 26.4367878658677 ], [ 151.151635642171442, 26.437655252088689 ], [ 151.153216661120524, 26.43938778162115 ], [ 151.154278659733137, 26.440548851348808 ], [ 151.154955467021665, 26.441287001394244 ], [ 151.159348903429674, 26.446073407362178 ], [ 151.160414366230412, 26.447231416696809 ], [ 151.162548820772059, 26.449545883136466 ], [ 151.162959425138212, 26.449990710303666 ], [ 151.163616943767266, 26.450701397751658 ], [ 151.172182235322481, 26.459945235884391 ], [ 151.173253428603317, 26.461098515684313 ], [ 151.175399919671491, 26.46340413369424 ], [ 151.176474344216473, 26.464555533011634 ], [ 151.180780324253448, 26.469159183250099 ], [ 151.181857726453273, 26.470308365738816 ], [ 151.184016046304379, 26.472605147909661 ], [ 151.185096085316474, 26.473751813195946 ], [ 151.193756706807363, 26.482924690322619 ], [ 151.19429727220168, 26.483496513453673 ], [ 151.195380305956888, 26.484640850395323 ], [ 151.195922041369414, 26.485212586292278 ], [ 151.198092225976012, 26.487500277216441 ], [ 151.198634848120292, 26.488071610217162 ], [ 151.19972111583732, 26.489214031602842 ], [ 151.200264318944079, 26.489784655038193 ], [ 151.204617693252231, 26.494352315307395 ], [ 151.20516159243428, 26.494922305620292 ], [ 151.206250710102864, 26.496062348299233 ], [ 151.206795484324431, 26.496631936614932 ], [ 151.208977239608686, 26.498910404092385 ], [ 151.209522476981448, 26.499479145246823 ], [ 151.21061397245731, 26.500616379342887 ], [ 151.211159237708927, 26.501183838963328 ], [ 151.223635380468892, 26.514151047533346 ], [ 151.224160480222537, 26.514696135618692 ], [ 151.225213043148329, 26.515787553753228 ], [ 151.225739516166215, 26.516332855876954 ], [ 151.227849033407011, 26.518515369289247 ], [ 151.228376466901324, 26.519060441186724 ], [ 151.229432288069944, 26.520150361050611 ], [ 151.22996024676857, 26.520694766550491 ], [ 151.23419183668446, 26.525053172566231 ], [ 151.234720560705483, 26.525597117613188 ], [ 151.235779253410357, 26.526685080552397 ], [ 151.236308789519541, 26.527228653280105 ], [ 151.238429437669339, 26.529403076391191 ], [ 151.23895950707643, 26.529945978224816 ], [ 151.240020600071176, 26.53103155436304 ], [ 151.240550902402816, 26.531573492123471 ], [ 151.249059374790619, 26.540258253216166 ], [ 151.250123327630405, 26.541341762712506 ], [ 151.252255049131946, 26.54350786259829 ], [ 151.253321951747267, 26.544589571651812 ], [ 151.257597261304937, 26.548914511196358 ], [ 151.258666859188708, 26.549994103245609 ], [ 151.260809286220052, 26.552151768390047 ], [ 151.261881243925046, 26.553228963746164 ], [ 151.270476014357115, 26.561845974412591 ], [ 151.27155073387965, 26.562921011395929 ], [ 151.273703983353045, 26.565070137477392 ], [ 151.2747816364637, 26.566143351534834 ], [ 151.279099932716377, 26.570434249041654 ], [ 151.280180261310335, 26.571505325410754 ], [ 151.282344137172828, 26.57364593221439 ], [ 151.283426802205469, 26.574714592105096 ], [ 151.292107242056119, 26.583263170659393 ], [ 151.293192651819965, 26.584329650593162 ], [ 151.295367270083744, 26.586461632898363 ], [ 151.296455594550736, 26.587526266524407 ], [ 151.300816561835717, 26.591782783848799 ], [ 151.301907542899158, 26.592845258202459 ], [ 151.304092708412583, 26.594968637592984 ], [ 151.305186002532793, 26.596028677482025 ], [ 151.313951475081041, 26.604508148532574 ], [ 151.315047494146853, 26.605565986881061 ], [ 151.31724332202262, 26.607680657236841 ], [ 151.318342238703764, 26.608736625895062 ], [ 151.322745556862657, 26.612958424891758 ], [ 151.323847109457489, 26.614012214492504 ], [ 151.326053403642533, 26.6161181973971 ], [ 151.32715724680989, 26.617169533647427 ], [ 151.336007108142013, 26.625579224501962 ], [ 151.337113655571244, 26.626628338527297 ], [ 151.339330532078776, 26.62872552786132 ], [ 151.340439960036889, 26.629772748813593 ], [ 151.344885304414021, 26.633959495834574 ], [ 151.345997347600274, 26.635004516145841 ], [ 151.348224608579386, 26.63709293619047 ], [ 151.349338918956875, 26.638135486064357 ], [ 151.358272517063398, 26.646474730324996 ], [ 151.359389511017781, 26.647515036390132 ], [ 151.361627273380492, 26.649594579226886 ], [ 151.362747129876908, 26.650632969736108 ], [ 151.367234173119215, 26.654784331132277 ], [ 151.36835662505851, 26.655820500316139 ], [ 151.370604688256691, 26.657891192924467 ], [ 151.37172938400434, 26.658924872785093 ], [ 151.380746058784126, 26.667193009450216 ], [ 151.381873417425055, 26.668224423918446 ], [ 151.384131898369361, 26.67028615658117 ], [ 151.385262102464736, 26.671315633010522 ], [ 151.38979051182335, 26.675431281428928 ], [ 151.390923288879236, 26.676458516747601 ], [ 151.39319198881995, 26.678511315545052 ], [ 151.394326986301991, 26.679536044453357 ], [ 151.403426070457641, 26.687732417017827 ], [ 151.404563710147642, 26.688754859849382 ], [ 151.406842743298654, 26.690798616863162 ], [ 151.407983209558125, 26.691819098273271 ], [ 151.41255264958582, 26.695898706360708 ], [ 151.4136956690202, 26.69691692687519 ], [ 151.415984836631225, 26.698951669983956 ], [ 151.417130051311034, 26.69996736610139 ], [ 151.426310869451953, 26.708091324355422 ], [ 151.427458704755992, 26.709104713712122 ], [ 151.429758121041374, 26.711130333198753 ], [ 151.430908765827581, 26.712141738650757 ], [ 151.435518897479739, 26.716184982651441 ], [ 151.436672073857864, 26.717194106523266 ], [ 151.438981538267882, 26.719210632964746 ], [ 151.440136886508782, 26.720217215352505 ], [ 151.449398754249984, 26.728268113583169 ], [ 151.450556701531156, 26.729272368525386 ], [ 151.452876330079476, 26.731279690405756 ], [ 151.454037066158577, 26.732281938960568 ], [ 151.4586875467933, 26.736288497816275 ], [ 151.45985079377968, 26.737288445006129 ], [ 151.462180383218453, 26.739286593801609 ], [ 151.463345777786145, 26.740283982420237 ], [ 151.472688006246841, 26.748261182108251 ], [ 151.473855978271359, 26.749256222597012 ], [ 151.476195644614251, 26.751245085892407 ], [ 151.47736638744928, 26.752238099309238 ], [ 151.482056869029662, 26.756207653760782 ], [ 151.48323009939034, 26.757198345128018 ], [ 151.485579641187911, 26.759177957996684 ], [ 151.486754994847644, 26.760166073705591 ], [ 151.496176885255778, 26.768068939030741 ], [ 151.49735479478889, 26.769054685925539 ], [ 151.49971432535645, 26.771024934154013 ], [ 151.500894985915721, 26.772008631493492 ], [ 151.505625117705705, 26.775940865878709 ], [ 151.506808244205587, 26.77692222318268 ], [ 151.509177561196367, 26.778883141843806 ], [ 151.510362786714182, 26.779861906402289 ], [ 151.519863634000245, 26.787689807838831 ], [ 151.521051392908277, 26.788666183797773 ], [ 151.523430610534916, 26.7906176586784 ], [ 151.524621100683959, 26.791591963498604 ], [ 151.52939052745117, 26.795486564853604 ], [ 151.530583461958003, 26.796458508953663 ], [ 151.532972376974527, 26.798400577824793 ], [ 151.534167384417771, 26.799369912092061 ], [ 151.543746475419795, 26.807122228208755 ], [ 151.544943994670035, 26.808089154091562 ], [ 151.547342720390844, 26.810021701840697 ], [ 151.548542951096607, 26.810986535000978 ], [ 151.553351314912078, 26.814843193059318 ], [ 151.554553967492353, 26.815805646613683 ], [ 151.556962300670563, 26.81772871101154 ], [ 151.558167001007206, 26.818688539444906 ], [ 151.567823615368326, 26.826364650608411 ], [ 151.568665063342479, 26.827032430502811 ], [ 151.570350418937466, 26.828367876077095 ], [ 151.571193444322518, 26.829034840286113 ], [ 151.574570106325865, 26.831702126052591 ], [ 151.575414398855884, 26.832368002981582 ], [ 151.577104590105506, 26.833698961838024 ], [ 151.577949799943809, 26.834363500575591 ], [ 151.584723083504315, 26.839680395034605 ], [ 151.586078913111834, 26.840742009636529 ], [ 151.588794419627135, 26.842862980642451 ], [ 151.590153268259229, 26.843921689534739 ], [ 151.595596101079678, 26.848151675959343 ], [ 151.596991616870156, 26.849233433576501 ], [ 151.599786444489183, 26.851394382145401 ], [ 151.601185094417502, 26.852473060483703 ], [ 151.605494019734152, 26.855787709735466 ], [ 151.60602410712707, 26.856195072045239 ], [ 151.607085302645515, 26.85700979576589 ], [ 151.607615974598417, 26.857416820830025 ], [ 151.609738465458378, 26.859043181797716 ], [ 151.610213350666328, 26.859406744426167 ], [ 151.611145899963759, 26.860120069586173 ], [ 151.611729993445152, 26.860566380634452 ], [ 151.624249392696044, 26.870121212424408 ], [ 151.625800039740767, 26.871301219176274 ], [ 151.629008618453355, 26.873735977134004 ], [ 151.630457468537799, 26.874832137393639 ], [ 151.636681948913548, 26.879528817101544 ], [ 151.638239092660825, 26.880700411595143 ], [ 151.641357874966303, 26.883040377411817 ], [ 151.642918242783395, 26.88420779545379 ], [ 151.655428133501829, 26.893539961400535 ], [ 151.656992326135565, 26.8947034116336 ], [ 151.660126036288176, 26.897027697770483 ], [ 151.661694279467753, 26.898187586688181 ], [ 151.667977989193702, 26.902821798587382 ], [ 151.669549908801542, 26.903977765561791 ], [ 151.672698203260012, 26.906286432273305 ], [ 151.674273296575876, 26.907438191319642 ], [ 151.686900904053942, 26.916644814607025 ], [ 151.688479773623072, 26.917792568072997 ], [ 151.691642807070735, 26.920085406716566 ], [ 151.693225683119664, 26.921229558397698 ], [ 151.69956786406604, 26.92580071253326 ], [ 151.701154369779061, 26.926940906298086 ], [ 151.704331796875778, 26.929217980725866 ], [ 151.705921424135028, 26.930353935086487 ], [ 151.718665221323391, 26.939433845695902 ], [ 151.720258578071622, 26.94056575580521 ], [ 151.723450550802823, 26.942826856474568 ], [ 151.725047869064753, 26.943955125229252 ], [ 151.731447753211825, 26.948462641538072 ], [ 151.733048652573444, 26.949586916403462 ], [ 151.736254827399165, 26.951832108964936 ], [ 151.737858796147208, 26.952952112950129 ], [ 151.75071723980912, 26.961904157950983 ], [ 151.752324888583672, 26.963020081711761 ], [ 151.755545413890019, 26.965249155724507 ], [ 151.757156981010809, 26.966361397660819 ], [ 151.763613792243092, 26.970804703274752 ], [ 151.765228891001385, 26.971912916248584 ], [ 151.768463423248846, 26.974125940959624 ], [ 151.770081540131883, 26.975229853375339 ], [ 151.783053067246129, 26.984052894226068 ], [ 151.784674813791895, 26.985152688646224 ], [ 151.787923500470043, 26.987349452715449 ], [ 151.789549120396629, 26.988445526640049 ], [ 151.796062072707429, 26.992824055885876 ], [ 151.79769117390893, 26.993916066673449 ], [ 151.800953671475696, 26.996096642046695 ], [ 151.802585738641284, 26.997184321699365 ], [ 151.815668769998666, 27.005877234247379 ], [ 151.817304416466101, 27.006960759931758 ], [ 151.82058086971179, 27.009124934368657 ], [ 151.822220342795305, 27.010204701785824 ], [ 151.828788642982346, 27.014517897083806 ], [ 151.830431549677115, 27.015593565391129 ], [ 151.833721614161533, 27.017741414435164 ], [ 151.835367431062963, 27.018812722829352 ], [ 151.848560371264767, 27.027374400008995 ], [ 151.850209718004663, 27.028441518461818 ], [ 151.853513536720953, 27.030572828073986 ], [ 151.855166664210884, 27.031636150488453 ], [ 151.861789510078239, 27.035883462352103 ], [ 151.863446019918825, 27.036942651482548 ], [ 151.866763249325373, 27.039057500803551 ], [ 151.868422616311051, 27.040112300342798 ], [ 151.881723851975067, 27.048541652175885 ], [ 151.883386696639519, 27.049592227599504 ], [ 151.886717476131281, 27.051690399892323 ], [ 151.888384055680405, 27.052737141506327 ], [ 151.89506063604037, 27.056918028544573 ], [ 151.896730546678128, 27.057960603599327 ], [ 151.900074534513038, 27.060042182501093 ], [ 151.901747248337557, 27.061080340985427 ], [ 151.915155148991204, 27.069376290084136 ], [ 151.916831288333725, 27.070410188479826 ], [ 151.920188621208723, 27.07247495635454 ], [ 151.921868448670836, 27.073504984067995 ], [ 151.928597943341316, 27.077618912982842 ], [ 151.930281050630157, 27.078644740862387 ], [ 151.933651385903232, 27.080692784944432 ], [ 151.935337241521012, 27.081714167475155 ], [ 151.948850159607815, 27.089875657136247 ], [ 151.950539388582825, 27.090892746303524 ], [ 151.953922861152051, 27.092923846258941 ], [ 151.955615729682478, 27.093937028771336 ], [ 151.9623973130862, 27.097983473458839 ], [ 151.964093409284175, 27.098992423761786 ], [ 151.967489678306634, 27.101006669522462 ], [ 151.969188467074702, 27.102011147496682 ], [ 151.982804740646912, 27.110037134506598 ], [ 151.984506850611439, 27.111037284943194 ], [ 151.987916047388495, 27.113034457075059 ], [ 151.989621748345513, 27.114030664883842 ], [ 151.99645458411274, 27.11800910913351 ], [ 151.998163459676817, 27.119001052357078 ], [ 152.001585244264135, 27.120981244389299 ], [ 152.003296758439234, 27.121968688304719 ], [ 152.01701470846254, 27.129858146536606 ], [ 152.018729488076275, 27.130841230538636 ], [ 152.022163989077768, 27.132804220338841 ], [ 152.02388231112073, 27.133783324841033 ], [ 152.030765556585976, 27.137693260535883 ], [ 152.03248700197426, 27.138668069876076 ], [ 152.03593387854599, 27.140613954570767 ], [ 152.03765790588821, 27.141584238522086 ], [ 152.051475837141112, 27.149336159836366 ], [ 152.053203076861251, 27.150302051499125 ], [ 152.056662454909002, 27.152230607157321 ], [ 152.058393187596295, 27.153192485145411 ], [ 152.065325991102242, 27.157033411363017 ], [ 152.067059792276524, 27.15799096181388 ], [ 152.070531335453353, 27.159902290059051 ], [ 152.072267661923689, 27.160855289940116 ], [ 152.086183864794378, 27.168468683283521 ], [ 152.087265035154275, 27.169058955106948 ], [ 152.089430414682766, 27.170238865631518 ], [ 152.09051338638406, 27.170827828042178 ], [ 152.094850676318202, 27.173181973469582 ], [ 152.095934997902106, 27.173769349476345 ], [ 152.09810537406409, 27.174942750707885 ], [ 152.099190544608888, 27.175528299292012 ], [ 152.107885659596292, 27.180210603337031 ], [ 152.109410992524175, 27.181029689668776 ], [ 152.11246508119919, 27.18266520033913 ], [ 152.113992831504476, 27.18348108508448 ], [ 152.120111208965596, 27.186739461057613 ], [ 152.121864620756384, 27.187670274663901 ], [ 152.125375193610836, 27.189528000617059 ], [ 152.127176639990722, 27.190478196411988 ], [ 152.12849017718068, 27.191168730053278 ], [ 152.134227405770758, 27.194180770026804 ], [ 152.134812233098927, 27.19448745593175 ], [ 152.135920517118763, 27.195068031264981 ], [ 152.136656580737537, 27.195453105676791 ], [ 152.139538954659912, 27.196959001557161 ], [ 152.140220828729213, 27.197314800338177 ], [ 152.141551321736898, 27.198008189326885 ], [ 152.142215817306834, 27.19835407578023 ], [ 152.156323369828129, 27.205687504774943 ], [ 152.158086694845252, 27.206601086471295 ], [ 152.16161812387773, 27.208424877406628 ], [ 152.163384790775837, 27.209334342006628 ], [ 152.170461084712173, 27.212965326888792 ], [ 152.172230658219092, 27.213870374918486 ], [ 152.175773601271004, 27.215676582309072 ], [ 152.177545529203741, 27.216577006923671 ], [ 152.19174613008002, 27.223769035513044 ], [ 152.193521047359383, 27.224664943732762 ], [ 152.197075618645414, 27.226453339150567 ], [ 152.198853825644306, 27.227345097898478 ], [ 152.205976196344892, 27.230905158646522 ], [ 152.207757255094094, 27.231792471145923 ], [ 152.211323120966, 27.233563169704894 ], [ 152.213106476583135, 27.234445835407371 ], [ 152.227398355050497, 27.241495540886945 ], [ 152.229184642457909, 27.242373660516478 ], [ 152.232761912632924, 27.244126431989685 ], [ 152.234551438498812, 27.245000368872468 ], [ 152.24171899833371, 27.24848904953032 ], [ 152.243511319292821, 27.249358512285994 ], [ 152.247099662820034, 27.251093474484776 ], [ 152.24889422309073, 27.251958267960021 ], [ 152.263275593993768, 27.258864746511222 ], [ 152.265073029397655, 27.259724965135547 ], [ 152.268672551497872, 27.261441886933881 ], [ 152.270473172299745, 27.262297890435832 ], [ 152.277685023745477, 27.265714743141388 ], [ 152.279488384781445, 27.266566245536211 ], [ 152.28309875630319, 27.268265248342914 ], [ 152.284904296396718, 27.26911205897477 ], [ 152.299373361992053, 27.275874422966638 ], [ 152.301181719661173, 27.27671662906954 ], [ 152.304803042227178, 27.278397480859667 ], [ 152.306614534034367, 27.27923544126304 ], [ 152.313869774171422, 27.282580027146935 ], [ 152.315683947756298, 27.283413459463958 ], [ 152.319315895812821, 27.285076285242894 ], [ 152.321132190898794, 27.285905003313758 ], [ 152.335687136353187, 27.292522384900735 ], [ 152.337506190559026, 27.293346471462996 ], [ 152.341148860332311, 27.29499103830608 ], [ 152.342970993816863, 27.295810846793643 ], [ 152.350268713431234, 27.29908273687937 ], [ 152.352093472936332, 27.299897991199686 ], [ 152.355746541569971, 27.301524425912021 ], [ 152.357573363220723, 27.302334946201199 ], [ 152.372212362910687, 27.308806494624406 ], [ 152.374041883426486, 27.309612354626779 ], [ 152.37770544355206, 27.31122042428342 ], [ 152.379537991185799, 27.312021976533401 ], [ 152.386877273868009, 27.315220749938135 ], [ 152.388712389965491, 27.316017721940653 ], [ 152.392386119624376, 27.317607556943699 ], [ 152.394223237613033, 27.31839977423067 ], [ 152.408944451526082, 27.324724656717734 ], [ 152.41078420992406, 27.325512188536891 ], [ 152.414468199048571, 27.327083554163124 ], [ 152.416310929706498, 27.327866746753358 ], [ 152.423690851851717, 27.330991991587666 ], [ 152.425536093417037, 27.331770578749797 ], [ 152.429230022747817, 27.333323608997745 ], [ 152.431077205948696, 27.334097421659152 ], [ 152.445878780582035, 27.34027482612268 ], [ 152.447728544836792, 27.341043926336511 ], [ 152.451432498911259, 27.342578385584432 ], [ 152.453285181466896, 27.343343118690427 ], [ 152.460704813176818, 27.346394432957112 ], [ 152.462559947284291, 27.34715453455442 ], [ 152.466273610439686, 27.34867056039829 ], [ 152.46813062682773, 27.349425869508764 ], [ 152.483010695188142, 27.355454999149458 ], [ 152.484870232375926, 27.356205569731856 ], [ 152.488593684651761, 27.35770292564996 ], [ 152.490456084381577, 27.358449100346206 ], [ 152.497914490361865, 27.361426091041579 ], [ 152.499779283188246, 27.362167609947591 ], [ 152.503512211620119, 27.363646436234433 ], [ 152.505378826472139, 27.364383143767469 ], [ 152.520335510775482, 27.370263223369534 ], [ 152.522204585274295, 27.370995167193655 ], [ 152.525947065405518, 27.372455226428059 ], [ 152.527818947587122, 27.373182746487032 ], [ 152.535315184449047, 27.376085030500235 ], [ 152.537189400371318, 27.376807870487113 ], [ 152.540941121935504, 27.378249307459924 ], [ 152.542817098730467, 27.378967318087859 ], [ 152.55784850860212, 27.384697589522375 ], [ 152.559726884788262, 27.38541081305894 ], [ 152.56348791883309, 27.386833387651109 ], [ 152.565369046045049, 27.387542158644123 ], [ 152.572902165902548, 27.39036936275636 ], [ 152.574785568400074, 27.3910734311944 ], [ 152.57855560825513, 27.39247729179408 ], [ 152.580440711370244, 27.393176513785505 ], [ 152.595544942046303, 27.398756238709836 ], [ 152.597432381599475, 27.399450649328514 ], [ 152.601211493816237, 27.400835556716061 ], [ 152.603101628638143, 27.401525487811512 ], [ 152.610670677310765, 27.404277245998514 ], [ 152.612563027162793, 27.404962452055997 ], [ 152.616350907768862, 27.406328556418089 ], [ 152.61824489618553, 27.40700889894174 ], [ 152.627963925295404, 27.41044841456312 ], [ 152.63342844346883, 27.412414111322619 ], [ 152.635323041625412, 27.413094222720645 ], [ 152.639115548344563, 27.41445290947479 ], [ 152.641015569413668, 27.415120194741547 ], [ 152.648632551951351, 27.417758102354782 ], [ 152.65053643021227, 27.418416078739455 ], [ 152.654346488100742, 27.419730111455863 ], [ 152.65625111729608, 27.420385634489776 ], [ 152.658088932258607, 27.421016805681518 ], [ 152.671468980909054, 27.425739182617605 ], [ 152.672579716481465, 27.426122656235975 ], [ 152.674803961134813, 27.426888714942578 ], [ 152.675916134722257, 27.427270839577972 ], [ 152.680369534327355, 27.428797213920802 ], [ 152.681482640512087, 27.429177789923529 ], [ 152.683710155999876, 27.429937541684581 ], [ 152.684823658785064, 27.430316408975528 ], [ 152.693743921745437, 27.433343863328872 ], [ 152.695187580043495, 27.433832242864099 ], [ 152.698077270849609, 27.434806710461828 ], [ 152.699522305110833, 27.435292463077104 ], [ 152.705307571887403, 27.437230941854949 ], [ 152.707221836418995, 27.437869636774849 ], [ 152.711053161475064, 27.439142551587963 ], [ 152.712990149176932, 27.439783333834157 ], [ 152.715069289116883, 27.440468199947844 ], [ 152.715590626107343, 27.440639725843198 ], [ 152.716518105926781, 27.440944466514566 ], [ 152.723106025722956, 27.443105546384288 ], [ 152.723904162348077, 27.443366873182981 ], [ 152.725515925520455, 27.443893656467509 ], [ 152.726300341188249, 27.444149565750251 ], [ 152.729497557866949, 27.445190774734897 ], [ 152.730296298835611, 27.445450421600242 ], [ 152.731894555989612, 27.445969034543481 ], [ 152.732692812224315, 27.446227593229054 ], [ 152.748069070731304, 27.451198129090727 ], [ 152.749990356270501, 27.451816418393491 ], [ 152.753836960807888, 27.453048915875172 ], [ 152.755760713186788, 27.453662621333365 ], [ 152.763463819300483, 27.456109146020651 ], [ 152.765389543893235, 27.456718043703063 ], [ 152.769243954545487, 27.457931406309712 ], [ 152.771171070389101, 27.458535379304692 ], [ 152.786610465801033, 27.463351964721795 ], [ 152.78853960511961, 27.463951017525773 ], [ 152.79240186325606, 27.465145002440266 ], [ 152.794333410958558, 27.465739447118381 ], [ 152.80206759044782, 27.468108848644817 ], [ 152.804001048310198, 27.468698466661266 ], [ 152.807870868846209, 27.46987323935889 ], [ 152.809805655907184, 27.470457918298735 ], [ 152.825306219607143, 27.475119930940537 ], [ 152.82724296539098, 27.475699669904373 ], [ 152.831120385198261, 27.476854988467323 ], [ 152.833059480911203, 27.477430095922671 ], [ 152.840823746319444, 27.479722068519095 ], [ 152.84276469103807, 27.480292329527828 ], [ 152.846649428629149, 27.481428361230314 ], [ 152.848591639593025, 27.481993670571882 ], [ 152.864151392173454, 27.486500507892629 ], [ 152.866095498009514, 27.487060857472898 ], [ 152.869987583960466, 27.488177359497939 ], [ 152.871933980369391, 27.488733055986245 ], [ 152.879727340644564, 27.49094730287635 ], [ 152.881675524007022, 27.491498134032042 ], [ 152.885574681326972, 27.492595277250643 ], [ 152.887524067982184, 27.493141145048185 ], [ 152.903141021041989, 27.497492222488404 ], [ 152.905092237817342, 27.498033111639273 ], [ 152.908998492586676, 27.499110653234425 ], [ 152.910951941479453, 27.499646865011272 ], [ 152.918773399273419, 27.501783100210332 ], [ 152.920728572166155, 27.502314430467095 ], [ 152.924641650991845, 27.503372544007874 ], [ 152.926597964225294, 27.503898898315924 ], [ 152.942270120370637, 27.508093654698882 ], [ 152.944228198972866, 27.508615012373355 ], [ 152.948148122538242, 27.509653454143972 ], [ 152.950108373003928, 27.510170113759955 ], [ 152.957956928270079, 27.512228060277153 ], [ 152.959918840682604, 27.512739820386798 ], [ 152.96384534009124, 27.513758766654178 ], [ 152.965808328991471, 27.514265540022961 ], [ 152.981533680935541, 27.518303432158092 ], [ 152.983498369554894, 27.518805191806678 ], [ 152.987431460993463, 27.519804398854546 ], [ 152.989398262121, 27.520301437961393 ], [ 152.997272908518568, 27.522280830496413 ], [ 152.999241308639768, 27.522772953909026 ], [ 153.003180725910653, 27.523752601601757 ], [ 153.005150138668597, 27.524239727481842 ], [ 153.020926671029457, 27.528120232862875 ], [ 153.022897718755559, 27.528602328834893 ], [ 153.026843472648608, 27.529562172556837 ], [ 153.028816572627562, 27.53003952730279 ], [ 153.036716301116968, 27.531940108649565 ], [ 153.03869093623851, 27.532412532412792 ], [ 153.042642765951229, 27.533352753826932 ], [ 153.04461835075702, 27.533820171064576 ], [ 153.060444040060844, 27.537542786970334 ], [ 153.062421193283768, 27.538005157212496 ], [ 153.066379103313267, 27.538925512602617 ], [ 153.06835824853502, 27.539383120934929 ], [ 153.076282044680994, 27.541204645578318 ], [ 153.078262662092499, 27.541657307639127 ], [ 153.082226397031519, 27.542557982265464 ], [ 153.084207899375684, 27.543005628806981 ], [ 153.100080713154767, 27.546569872302172 ], [ 153.102063719165727, 27.547012457459317 ], [ 153.106033277214834, 27.547893205807185 ], [ 153.108018214069972, 27.548331009269106 ], [ 153.115965059840306, 27.550073240687965 ], [ 153.117951405034233, 27.550506083489495 ], [ 153.121926535281688, 27.551367093516774 ], [ 153.123913701556859, 27.551794911806184 ], [ 153.139831600149165, 27.555200321537995 ], [ 153.141820203540448, 27.555623063154371 ], [ 153.145800898793169, 27.556464090245981 ], [ 153.147791371875343, 27.556882031280992 ], [ 153.155760246539018, 27.55854474464445 ], [ 153.157752064107086, 27.558957710630125 ], [ 153.161738078849709, 27.55977894544219 ], [ 153.163730653647491, 27.560186879721073 ], [ 153.179691590195631, 27.563433015022071 ], [ 153.181685533761112, 27.563835859137839 ], [ 153.185676855402932, 27.564637055256156 ], [ 153.187672608404824, 27.565035080804677 ], [ 153.195662486734619, 27.566618059376367 ], [ 153.197659519472182, 27.567011096385357 ], [ 153.201655906095681, 27.567792448063301 ], [ 153.203653632210177, 27.568180446170885 ], [ 153.219655552662431, 27.571266886158213 ], [ 153.221654581894001, 27.571649779714107 ], [ 153.225656015513124, 27.572411042336114 ], [ 153.22765679122827, 27.572789099337911 ], [ 153.235666644400823, 27.574292138072082 ], [ 153.23766863599954, 27.574665195742625 ], [ 153.241674879193084, 27.575406563562296 ], [ 153.243677500316863, 27.575774574237556 ], [ 153.259718343427636, 27.578700918712912 ], [ 153.261722199320758, 27.579063813144757 ], [ 153.265733229605559, 27.579785042446105 ], [ 153.267738770828174, 27.580143082337713 ], [ 153.275767566420797, 27.581565986981332 ], [ 153.277774259674771, 27.581919015850303 ], [ 153.281789844126735, 27.582620304483868 ], [ 153.283797101256056, 27.58296828006263 ], [ 153.299874799483206, 27.585734148612374 ], [ 153.300963360471229, 27.585920602354406 ], [ 153.303142982563287, 27.586292423457024 ], [ 153.304232656912433, 27.586477553396776 ], [ 153.308595365284333, 27.587215690851849 ], [ 153.309685613400831, 27.587399386373022 ], [ 153.311867016150728, 27.587765415841631 ], [ 153.312957282252938, 27.587947601401083 ], [ 153.321689988003101, 27.589400577574935 ], [ 153.322957181329372, 27.589610366925285 ], [ 153.325493168775012, 27.590028168565766 ], [ 153.326761027600043, 27.590236026172164 ], [ 153.331835859638119, 27.591063878195826 ], [ 153.333467944790556, 27.591328417372949 ], [ 153.336733477568799, 27.591854337308291 ], [ 153.338748328572962, 27.59217626582236 ], [ 153.33975995256074, 27.592336563682068 ], [ 153.342875620513979, 27.592828941602619 ], [ 153.343620784372234, 27.592946339102696 ], [ 153.345111654379963, 27.593180517167553 ], [ 153.345856657259702, 27.593297186216546 ], [ 153.353236293421133, 27.594449223153504 ], [ 153.354157837714553, 27.594592530121417 ], [ 153.356002135890236, 27.594878258225435 ], [ 153.356924137939444, 27.595020562449378 ], [ 153.360614567109252, 27.595587978902586 ], [ 153.3615364828228, 27.595729184154692 ], [ 153.363381017520311, 27.596010629687186 ], [ 153.364302292018152, 27.596150664921709 ], [ 153.380447221762466, 27.598594491642871 ], [ 153.382463974832973, 27.598897109914105 ], [ 153.386500623206047, 27.599497691565716 ], [ 153.388518874547032, 27.59979540943101 ], [ 153.396598149085918, 27.600976828118519 ], [ 153.398617356406731, 27.601269501686659 ], [ 153.402657788227231, 27.601850017664418 ], [ 153.404677366967832, 27.602137625351702 ], [ 153.420852914130961, 27.604419967108356 ], [ 153.422873456945268, 27.604702413585841 ], [ 153.426917624549361, 27.605262621073535 ], [ 153.428939603580403, 27.605540151856957 ], [ 153.437033662074697, 27.606640762861247 ], [ 153.439056531434545, 27.606913240354174 ], [ 153.44310422438096, 27.607453346195371 ], [ 153.445127400409802, 27.607720754209851 ], [ 153.461331474968489, 27.609841316024358 ], [ 153.463355546721715, 27.610103553836439 ], [ 153.467406711950872, 27.610623314315006 ], [ 153.469432156069871, 27.610880622043396 ], [ 153.477539954405785, 27.61190028237263 ], [ 153.479566224102342, 27.612152529616083 ], [ 153.483620655669625, 27.612652153374711 ], [ 153.485647165484608, 27.612899328441699 ], [ 153.501877674715757, 27.614857834222278 ], [ 153.503905013705804, 27.615099830093527 ], [ 153.507962652255316, 27.615579074315349 ], [ 153.509991299759605, 27.615816127512687 ], [ 153.518111789327946, 27.616754704966041 ], [ 153.52014119765866, 27.61698668778584 ], [ 153.524201843540965, 27.617445765610114 ], [ 153.52623142723931, 27.617672673555347 ], [ 153.542486271224703, 27.619468869692952 ], [ 153.544516614850551, 27.619690592147407 ], [ 153.548580202414684, 27.620129259857833 ], [ 153.550611791601597, 27.620346025249319 ], [ 153.558743921995216, 27.621203398418686 ], [ 153.560776206357701, 27.621415087137052 ], [ 153.564842540451679, 27.621833558772096 ], [ 153.566874935430661, 27.622040172616266 ], [ 153.583152013355544, 27.623673824387993 ], [ 153.585185099013955, 27.623875243747761 ], [ 153.589254109490327, 27.624273278289706 ], [ 153.591288377757138, 27.624469728895264 ], [ 153.599431096767859, 27.625245785365109 ], [ 153.601465993661151, 27.62543715300265 ], [ 153.605537490763282, 27.625814964489564 ], [ 153.607572433521767, 27.626001255453986 ], [ 153.623869637374156, 27.627472152418221 ], [ 153.625905202463883, 27.627653243502749 ], [ 153.629979109748461, 27.62801059091646 ], [ 153.632015792695285, 27.628186702454769 ], [ 153.640168047217941, 27.628881341501142 ], [ 153.642205294039314, 27.629052362876621 ], [ 153.646281427146533, 27.629389464752194 ], [ 153.648318654182759, 27.629555409454952 ], [ 153.664633875054136, 27.63086336005631 ], [ 153.666671656072907, 27.63102409858368 ], [ 153.670749932264499, 27.631340714802604 ], [ 153.672788767288154, 27.631496462092514 ], [ 153.680949500619391, 27.632109593783184 ], [ 153.68298883296896, 27.632260247312843 ], [ 153.687069074179277, 27.632556596410268 ], [ 153.689108321992109, 27.632702173267148 ], [ 153.705439448272301, 27.633847006634454 ], [ 153.707479179920512, 27.633987371020709 ], [ 153.711561297117129, 27.634263214675997 ], [ 153.713602020717104, 27.634398578831792 ], [ 153.721770177052946, 27.634930124026596 ], [ 153.72381133052923, 27.635060388126817 ], [ 153.727895151940317, 27.635315945774835 ], [ 153.729936156129526, 27.635441135900123 ], [ 153.746281071714435, 27.636422704544515 ], [ 153.748322491390496, 27.636542677702693 ], [ 153.752407920789807, 27.636777711922321 ], [ 153.754450266767122, 27.636892674957608 ], [ 153.7626247885037, 27.637342564408186 ], [ 153.76466749960619, 27.637452423790563 ], [ 153.768754370618382, 27.637667156714286 ], [ 153.770796867681867, 27.637771943021193 ], [ 153.787153454668925, 27.638590118339636 ], [ 153.789196297071641, 27.6386896849815 ], [ 153.793284509873075, 27.638883880087633 ], [ 153.795328215625005, 27.638978426713351 ], [ 153.803508041563731, 27.639346601065256 ], [ 153.805552045891119, 27.639436042239794 ], [ 153.809641438602426, 27.639609922560254 ], [ 153.811685162340751, 27.639694292458159 ], [ 153.828051301926536, 27.640348968330613 ], [ 153.830095303555737, 27.640428114965914 ], [ 153.834185769158495, 27.640581444878308 ], [ 153.836230567587478, 27.640655563404039 ], [ 153.844414640124029, 27.640941975891906 ], [ 153.846459671477447, 27.641010985369235 ], [ 153.850551055287411, 27.641143990603155 ], [ 153.85259574220018, 27.641207932400448 ], [ 153.86896931288382, 27.641699024290801 ], [ 153.871014207540185, 27.641757741027334 ], [ 153.875106396243638, 27.641870185960698 ], [ 153.877152024746493, 27.641923866493613 ], [ 153.885339281783359, 27.642128479346411 ], [ 153.887385075761046, 27.642177049032 ], [ 153.891477920969834, 27.642269161193383 ], [ 153.893523304857439, 27.642312667695677 ], [ 153.909902185138463, 27.642640110852994 ], [ 153.911947708420513, 27.642678389596369 ], [ 153.916041089624997, 27.64274993516193 ], [ 153.918087282003199, 27.64278317140662 ], [ 153.926276662338665, 27.642905958543594 ], [ 153.928322953642265, 27.642934082142688 ], [ 153.9324167287497, 27.64298528953978 ], [ 153.934462546110382, 27.643008353552887 ], [ 153.950844612689394, 27.643172106607892 ], [ 153.951866569887017, 27.643181640321018 ], [ 153.95391272089617, 27.643199465783084 ], [ 153.954935525254797, 27.643207745841323 ], [ 153.959030098960767, 27.643238332683381 ], [ 153.960053193800633, 27.6432453366034 ], [ 153.962099949154009, 27.64325808449334 ], [ 153.963122776894835, 27.6432638230674 ], [ 153.971314281429869, 27.643304552463434 ], [ 153.972337381665767, 27.643308986121127 ], [ 153.974384699095054, 27.643316593486531 ], [ 153.975408083516442, 27.643319764495942 ], [ 153.979503847025313, 27.643329896258052 ], [ 153.980527486854754, 27.643331788431851 ], [ 153.982575323192947, 27.64333430923142 ], [ 153.983599188752038, 27.643334936957984 ], [ 153.984385844631589, 27.643334936957984 ], [ 153.98540971019068, 27.64333430923142 ], [ 153.987457546529214, 27.643331788431851 ], [ 153.988481186358484, 27.643329896258052 ], [ 153.992576949867185, 27.643319764495942 ], [ 153.993600334288914, 27.643316593486531 ], [ 153.995647651718201, 27.643308986121127 ], [ 153.996670751954554, 27.643304552463434 ], [ 154.004862256488792, 27.6432638230674 ], [ 154.005885084229959, 27.64325808449334 ], [ 154.007931839583335, 27.6432453366034 ], [ 154.008954934423201, 27.643238332683381 ], [ 154.013049508129171, 27.643207745841323 ], [ 154.014072312487798, 27.643199465783084 ], [ 154.016118463496952, 27.643181640321018 ], [ 154.017140420694233, 27.643172106607892 ], [ 154.033522487273586, 27.643008353552887 ], [ 154.035568304634268, 27.64298528953978 ], [ 154.039662079741703, 27.642934082142688 ], [ 154.041708371044962, 27.642905958543594 ], [ 154.049897751380769, 27.64278317140662 ], [ 154.05194394375863, 27.64274993516193 ], [ 154.056037324963455, 27.642678389596369 ], [ 154.058082848245505, 27.642640110852994 ], [ 154.074461728526359, 27.642312667695677 ], [ 154.076507112414134, 27.642269161193383 ], [ 154.080599957622923, 27.642177049032 ], [ 154.082645751601063, 27.642128479346411 ], [ 154.090833008637361, 27.641923866493613 ], [ 154.092878637140331, 27.641870185960698 ], [ 154.096970825843783, 27.641757741027334 ], [ 154.099015720499978, 27.641699024290801 ], [ 154.115389291183448, 27.641207932400448 ], [ 154.117433978096557, 27.641143990603155 ], [ 154.121525361906521, 27.641010985369235 ], [ 154.123570393259939, 27.640941975891906 ], [ 154.13175446579649, 27.640655563404039 ], [ 154.133799264225473, 27.640581444878308 ], [ 154.13788972982789, 27.640428114965914 ], [ 154.139933731457432, 27.640348968330613 ], [ 154.156299871043046, 27.639694292458159 ], [ 154.158343594781996, 27.639609922560254 ], [ 154.162432987492849, 27.639436042239794 ], [ 154.164476991820067, 27.639346601065256 ], [ 154.172656817758622, 27.638978426713351 ], [ 154.174700523510893, 27.638883880087633 ], [ 154.178788736311986, 27.6386896849815 ], [ 154.180831578715043, 27.638590118339636 ], [ 154.197188165702102, 27.637771943021193 ], [ 154.199230662765586, 27.637667156714286 ], [ 154.203317533777778, 27.637452423790563 ], [ 154.205360244880268, 27.637342564408186 ], [ 154.213534765717753, 27.636892674957608 ], [ 154.215577112594161, 27.636777711922321 ], [ 154.219662541993131, 27.636542677702693 ], [ 154.221703961669533, 27.636422704544515 ], [ 154.238048877254442, 27.635441135900123 ], [ 154.240089881443311, 27.635315945774835 ], [ 154.244173702854738, 27.635060388126817 ], [ 154.246214856331022, 27.634930124026596 ], [ 154.254383012666864, 27.634398578831792 ], [ 154.256423736266839, 27.634263214675997 ], [ 154.260505853462661, 27.633987371020709 ], [ 154.262545585111553, 27.633847006634454 ], [ 154.27887671139186, 27.632702173267148 ], [ 154.280915959204691, 27.632556596410268 ], [ 154.284996200414668, 27.632260247312843 ], [ 154.287035532764236, 27.632109593783184 ], [ 154.295196266095815, 27.631496462092514 ], [ 154.297235101119469, 27.631340714802604 ], [ 154.30131337731089, 27.63102409858368 ], [ 154.303351158329662, 27.63086336005631 ], [ 154.319666379200868, 27.629555409454952 ], [ 154.321703606237094, 27.629389464752194 ], [ 154.325779739344313, 27.629052362876621 ], [ 154.327816986165686, 27.628881341501142 ], [ 154.335969240688684, 27.628186702454769 ], [ 154.338005923635336, 27.62801059091646 ], [ 154.342079830920085, 27.627653243502749 ], [ 154.344115396009471, 27.627472152418221 ], [ 154.36041259986203, 27.626001255453986 ], [ 154.362447542620686, 27.625814964489564 ], [ 154.366519039722817, 27.62543715300265 ], [ 154.368553936615768, 27.625245785365109 ], [ 154.37669665562683, 27.624469728895264 ], [ 154.378730923893642, 27.624273278289706 ], [ 154.382799934369842, 27.623875243747761 ], [ 154.384833020028424, 27.623673824387993 ], [ 154.401110097953307, 27.622040172616266 ], [ 154.40314249293229, 27.621833558772096 ], [ 154.407208827026267, 27.621415087137052 ], [ 154.409241111388752, 27.621203398418686 ], [ 154.417373241782371, 27.620346025249319 ], [ 154.419404830968489, 27.620129259857833 ], [ 154.423468418533417, 27.619690592147407 ], [ 154.425498762158469, 27.619468869692952 ], [ 154.441753606144658, 27.617672673555347 ], [ 154.443783189842662, 27.617445765610114 ], [ 154.447843835725308, 27.61698668778584 ], [ 154.449873244055681, 27.616754704966041 ], [ 154.457993733624363, 27.615816127512687 ], [ 154.460022381128653, 27.615579074315349 ], [ 154.464080019678164, 27.615099830093527 ], [ 154.466107358668097, 27.614857834222278 ], [ 154.48233786789902, 27.612899328441699 ], [ 154.484364377714797, 27.612652153374711 ], [ 154.488418809281626, 27.612152529616083 ], [ 154.490445078977842, 27.61190028237263 ], [ 154.498552877314097, 27.610880622043396 ], [ 154.500578321432755, 27.610623314315006 ], [ 154.504629486662253, 27.610103553836439 ], [ 154.506653558415479, 27.609841316024358 ], [ 154.522857632974166, 27.607720754209851 ], [ 154.524880809003008, 27.607453346195371 ], [ 154.528928501949423, 27.606913240354174 ], [ 154.530951371309271, 27.606640762861247 ], [ 154.539045429803565, 27.605540151856957 ], [ 154.541067408834607, 27.605262621073535 ], [ 154.5451115764387, 27.604702413585841 ], [ 154.547132120151929, 27.604419967108356 ], [ 154.563307666416591, 27.602137625351702 ], [ 154.565327245156737, 27.601850017664418 ], [ 154.569367676977237, 27.601269501686659 ], [ 154.57138688429805, 27.600976828118519 ], [ 154.579466158836595, 27.59979540943101 ], [ 154.581484410177751, 27.599497691565716 ], [ 154.585521058550654, 27.598897109914105 ], [ 154.587537811621502, 27.598594491642871 ], [ 154.603682741365816, 27.596150664921709 ], [ 154.604604015863657, 27.596010629687186 ], [ 154.606448550560827, 27.595729184154692 ], [ 154.607370466274716, 27.595587978902586 ], [ 154.611060895444353, 27.595020562449378 ], [ 154.611982897493561, 27.594878258225435 ], [ 154.613827195669074, 27.594592530121417 ], [ 154.614748740862552, 27.594449223153504 ], [ 154.622128376124266, 27.593297186216546 ], [ 154.622873379003664, 27.593180517167553 ], [ 154.624364249011734, 27.592946339102696 ], [ 154.625109412869989, 27.592828942501995 ], [ 154.628225080823228, 27.592336563682068 ], [ 154.629236704811007, 27.59217626582236 ], [ 154.631251555814998, 27.591854337308291 ], [ 154.634517088593412, 27.591328417372949 ], [ 154.636149173746304, 27.591063878195826 ], [ 154.641224005783926, 27.590236026172164 ], [ 154.642491864608161, 27.590028168565766 ], [ 154.645027852054596, 27.589610366925285 ], [ 154.646295045380867, 27.589400577574935 ], [ 154.655027751130689, 27.587947601401083 ], [ 154.65611801723324, 27.587765415841631 ], [ 154.658299419983138, 27.587399386373022 ], [ 154.659389668099635, 27.587215690851849 ], [ 154.663752376471535, 27.586477553396776 ], [ 154.664842050820681, 27.586292423457024 ], [ 154.667021672912398, 27.585920602354406 ], [ 154.668110233900762, 27.585734148612374 ], [ 154.684187932127571, 27.58296828006263 ], [ 154.686195189257234, 27.582620304483868 ], [ 154.690210773708856, 27.581919015850303 ], [ 154.692217466963172, 27.581565986981332 ], [ 154.700246262555794, 27.580143082337713 ], [ 154.70225180377841, 27.579785042446105 ], [ 154.70626283406321, 27.579063813144757 ], [ 154.708266689956332, 27.578700918712912 ], [ 154.724307533067105, 27.575774574237556 ], [ 154.726310154190884, 27.575406563562296 ], [ 154.730316397384428, 27.574665195742625 ], [ 154.732318388982804, 27.574292138072082 ], [ 154.740328242155357, 27.572789099337911 ], [ 154.742329017870503, 27.572411042336114 ], [ 154.746330451489968, 27.571649779714107 ], [ 154.748329480721537, 27.571266886158213 ], [ 154.76433140117345, 27.568180446170885 ], [ 154.766329127288287, 27.567792448063301 ], [ 154.770325513911786, 27.567011096385357 ], [ 154.772322546649008, 27.566618059376367 ], [ 154.780312424978803, 27.565035080804677 ], [ 154.782308177980866, 27.564637055256156 ], [ 154.786299499622857, 27.563835859137839 ], [ 154.788293443188223, 27.563433015022071 ], [ 154.804254379736477, 27.560186879721073 ], [ 154.806246954534259, 27.55977894544219 ], [ 154.810232969276541, 27.558957710630125 ], [ 154.812224786844837, 27.55854474464445 ], [ 154.820193661508625, 27.556882031280992 ], [ 154.822184134590799, 27.556464090245981 ], [ 154.82616482984352, 27.555623063154371 ], [ 154.828153433235258, 27.555200321537995 ], [ 154.844071331827109, 27.551794911806184 ], [ 154.846058498101485, 27.551367093516774 ], [ 154.850033628350189, 27.550506083489495 ], [ 154.852019973543321, 27.550073240687965 ], [ 154.859966819313996, 27.548331009269106 ], [ 154.861951756168793, 27.547893205807185 ], [ 154.8659213142179, 27.547012457459317 ], [ 154.867904320229087, 27.546569872302172 ], [ 154.883777134008284, 27.543005628806981 ], [ 154.885758636352449, 27.542557982265464 ], [ 154.889722371290674, 27.541657307639127 ], [ 154.89170298870286, 27.541204645578318 ], [ 154.899626784848607, 27.539383120934929 ], [ 154.90160593007036, 27.538925512602617 ], [ 154.905563840099859, 27.538005157212496 ], [ 154.907540993323124, 27.537542786970334 ], [ 154.923366682626948, 27.533820171064576 ], [ 154.925342267432399, 27.533352753826932 ], [ 154.929294097145458, 27.532412532412792 ], [ 154.931268732267, 27.531940108649565 ], [ 154.939168460756406, 27.53003952730279 ], [ 154.94114156073536, 27.529562172556837 ], [ 154.94508731462841, 27.528602328834893 ], [ 154.94705836235434, 27.528120232862875 ], [ 154.962834894715371, 27.524239727481842 ], [ 154.964804307473315, 27.523752601601757 ], [ 154.968743724743405, 27.522772953909026 ], [ 154.970712124865059, 27.522280830496413 ], [ 154.978586771262854, 27.520301437961393 ], [ 154.980553572390335, 27.519804398854546 ], [ 154.984486663828903, 27.518805191806678 ], [ 154.986451352448881, 27.518303432158092 ], [ 155.002176704392156, 27.514265540022961 ], [ 155.004139693292728, 27.513758766654178 ], [ 155.008066192701364, 27.512739820386798 ], [ 155.010028105113548, 27.512228060277153 ], [ 155.01787666038004, 27.510170113759955 ], [ 155.019836910845555, 27.509653454143972 ], [ 155.023756834410761, 27.508615012373355 ], [ 155.025714913013218, 27.508093654698882 ], [ 155.041387069158674, 27.503898898315924 ], [ 155.043343382391782, 27.503372544007874 ], [ 155.047256461217017, 27.502314430467095 ], [ 155.049211634110208, 27.501783100210332 ], [ 155.057033091904515, 27.499646865011272 ], [ 155.058986540796496, 27.499110653234425 ], [ 155.062892795566455, 27.498033111639273 ], [ 155.064844012341638, 27.497492222488404 ], [ 155.080460965401613, 27.493141145048185 ], [ 155.082410352056996, 27.492595277250643 ], [ 155.086309509376775, 27.491498134032042 ], [ 155.088257692738608, 27.49094730287635 ], [ 155.096051053014577, 27.488733055986245 ], [ 155.097997449423161, 27.488177359497939 ], [ 155.101889536273831, 27.487060857472898 ], [ 155.103833641210514, 27.486500507892629 ], [ 155.119393393790943, 27.481993670571882 ], [ 155.121335604754819, 27.481428361230314 ], [ 155.125220342345727, 27.480292329527828 ], [ 155.127161287064183, 27.479722068519095 ], [ 155.134925552472652, 27.477430095922671 ], [ 155.136864648185366, 27.476854988467323 ], [ 155.140742067992988, 27.475699669904373 ], [ 155.142678813776826, 27.475119930940537 ], [ 155.158179377476614, 27.470457918298735 ], [ 155.16011416453776, 27.46987323935889 ], [ 155.163983985073429, 27.468698466661266 ], [ 155.165917442936035, 27.468108848644817 ], [ 155.173651622425069, 27.465739447118381 ], [ 155.175583170127908, 27.465145002440266 ], [ 155.179445428264245, 27.463951017525773 ], [ 155.181374567582935, 27.463351964721795 ], [ 155.196813962994867, 27.458535379304692 ], [ 155.198741078838481, 27.457931406309712 ], [ 155.202595489490733, 27.456718043703063 ], [ 155.204521214083144, 27.456109146020651 ], [ 155.21222432019718, 27.453662621333365 ], [ 155.21414807257591, 27.453048915875172 ], [ 155.217994677113467, 27.451816418393491 ], [ 155.219915962651868, 27.451198129090727 ], [ 155.235292221159654, 27.446227593229054 ], [ 155.236090477394015, 27.445969034543481 ], [ 155.237688734548016, 27.445450421600242 ], [ 155.238487475517019, 27.445190774734897 ], [ 155.241684692195719, 27.444149565750251 ], [ 155.242469107863513, 27.443893656467509 ], [ 155.244080871035777, 27.443366873182981 ], [ 155.244879007661012, 27.443105546384288 ], [ 155.251466927457187, 27.440944466514566 ], [ 155.252394407276626, 27.440639725843198 ], [ 155.252915744267085, 27.440468199947844 ], [ 155.254994884207036, 27.439783333834157 ], [ 155.256931871908733, 27.439142551587963 ], [ 155.260763196964803, 27.437869636774849 ], [ 155.262677461496224, 27.437230941854949 ], [ 155.268462728273136, 27.435292463077104 ], [ 155.269907762534018, 27.434806710461828 ], [ 155.272797453340473, 27.433832242864099 ], [ 155.274241111638531, 27.433343863328872 ], [ 155.283161374598563, 27.430316408975528 ], [ 155.284274877384092, 27.429937541684581 ], [ 155.286502392871881, 27.429177789923529 ], [ 155.287615499056443, 27.428797213920802 ], [ 155.292068899560633, 27.427270839577972 ], [ 155.293181072249155, 27.426888714942578 ], [ 155.295405316902503, 27.426122656235975 ], [ 155.296516052474118, 27.425739182617605 ], [ 155.3117601717951, 27.42046268930207 ], [ 155.313662806294388, 27.419801313480235 ], [ 155.317468047412859, 27.418473143421153 ], [ 155.319369104500794, 27.41780688697861 ], [ 155.326973121513021, 27.415130929049582 ], [ 155.328872023825653, 27.414459926884462 ], [ 155.332668734874943, 27.413112866566053 ], [ 155.334564998576553, 27.412437357898028 ], [ 155.349740137198438, 27.40700889894174 ], [ 155.351634125614765, 27.406328556418089 ], [ 155.355422006220834, 27.404962452055997 ], [ 155.357314356073203, 27.404277245998514 ], [ 155.364883404745825, 27.401525487811512 ], [ 155.366773539567731, 27.400835556716061 ], [ 155.370552651784323, 27.399450649328514 ], [ 155.372440091337495, 27.398756238709836 ], [ 155.387544322013383, 27.393176513785505 ], [ 155.389429425128498, 27.39247729179408 ], [ 155.393199464983724, 27.3910734311944 ], [ 155.395082867480625, 27.39036936275636 ], [ 155.402615987338578, 27.387542158644123 ], [ 155.404497114550878, 27.386833387651109 ], [ 155.408258148595536, 27.38541081305894 ], [ 155.410136524781507, 27.384697589522375 ], [ 155.425167934653331, 27.378967318087859 ], [ 155.427043911448123, 27.378249307459924 ], [ 155.43079563301265, 27.376807870487113 ], [ 155.432669848934921, 27.376085030500235 ], [ 155.440166085796847, 27.373182746487032 ], [ 155.44203796797845, 27.372455226428059 ], [ 155.445780448109673, 27.370995167193655 ], [ 155.447649522607691, 27.370263223369534 ], [ 155.462606206911829, 27.364383143767469 ], [ 155.464472821763849, 27.363646436234433 ], [ 155.468205750195722, 27.362167609947591 ], [ 155.470070543021933, 27.361426091041579 ], [ 155.477528949002391, 27.358449100346206 ], [ 155.479391348732207, 27.35770292564996 ], [ 155.483114801008043, 27.356205569731856 ], [ 155.484974338195826, 27.355454999149458 ], [ 155.499854406556238, 27.349425869508764 ], [ 155.501711422944283, 27.34867056039829 ], [ 155.505425086099677, 27.34715453455442 ], [ 155.507280220206809, 27.346394432957112 ], [ 155.514699851917072, 27.343343118690427 ], [ 155.516552534472709, 27.342578385584432 ], [ 155.520256488546835, 27.341043926336511 ], [ 155.522106252801933, 27.34027482612268 ], [ 155.536907827435101, 27.334097421659152 ], [ 155.538755010636152, 27.333323608997745 ], [ 155.542448939966931, 27.331770578749797 ], [ 155.544294181532138, 27.330991991587666 ], [ 155.55167410367747, 27.327866746753358 ], [ 155.553516834335227, 27.327083554163124 ], [ 155.557200823459908, 27.325512188536891 ], [ 155.559040581857545, 27.324724656717734 ], [ 155.573761795770935, 27.31839977423067 ], [ 155.575598913759251, 27.317607556943699 ], [ 155.579272643418477, 27.316017721940653 ], [ 155.581107759515959, 27.315220749938135 ], [ 155.588447042197828, 27.312021976533401 ], [ 155.590279589831908, 27.31122042428342 ], [ 155.593943149956687, 27.309612354626779 ], [ 155.595772670473281, 27.308806494624406 ], [ 155.610411670163245, 27.302334946201199 ], [ 155.612238491813827, 27.301524425912021 ], [ 155.615891560447636, 27.299897991199686 ], [ 155.617716319952734, 27.29908273687937 ], [ 155.625014039566764, 27.295810846793643 ], [ 155.626836173051657, 27.29499103830608 ], [ 155.630478842824942, 27.293346471462996 ], [ 155.632297897030782, 27.292522384900735 ], [ 155.646852842485174, 27.285905003313758 ], [ 155.648669137570806, 27.285076285242894 ], [ 155.652301085627329, 27.283413459463958 ], [ 155.654115259212546, 27.282580027146935 ], [ 155.661370499349488, 27.27923544126304 ], [ 155.663181991156449, 27.278397480859667 ], [ 155.666803313722795, 27.27671662906954 ], [ 155.668611671391915, 27.275874422966638 ], [ 155.683080736986909, 27.26911205897477 ], [ 155.684886277080778, 27.268265248342914 ], [ 155.688496648601728, 27.266566245536211 ], [ 155.69030000963815, 27.265714743141388 ], [ 155.697511861084223, 27.262297890435832 ], [ 155.699312481885755, 27.261441886933881 ], [ 155.702912003986313, 27.259724965135547 ], [ 155.704709439389404, 27.258864746511222 ], [ 155.719090810293238, 27.251958267960021 ], [ 155.720885370563934, 27.251093474484776 ], [ 155.724473714091147, 27.249358512285994 ], [ 155.726266035050259, 27.24848904953032 ], [ 155.733433594885156, 27.245000368872468 ], [ 155.735223120751044, 27.244126431989685 ], [ 155.738800390926059, 27.242373660516478 ], [ 155.740586678333472, 27.241495540886945 ], [ 155.754878556800833, 27.234445835407371 ], [ 155.756661912417968, 27.233563169704894 ], [ 155.760227778289874, 27.231792471145923 ], [ 155.762008837039076, 27.230905158646522 ], [ 155.769131207739321, 27.227345097898478 ], [ 155.770909414738554, 27.226453339150567 ], [ 155.774463986024585, 27.224664943732762 ], [ 155.776238903303607, 27.223769035513044 ], [ 155.790439504180227, 27.216577006923671 ], [ 155.792211432112168, 27.215676582309072 ], [ 155.795754375164876, 27.213870374918486 ], [ 155.797523948671625, 27.212965326888792 ], [ 155.804600242607961, 27.209334342006628 ], [ 155.806366909506067, 27.208424877406628 ], [ 155.809898338538375, 27.206601086471295 ], [ 155.811661663555839, 27.205687504774943 ], [ 155.825769216077134, 27.19835407578023 ], [ 155.82643371164707, 27.198008189326885 ], [ 155.827764204654756, 27.197314800338177 ], [ 155.828446078724056, 27.196959001557161 ], [ 155.831328452646886, 27.195453105676791 ], [ 155.832064516265206, 27.195068031264981 ], [ 155.833172800284871, 27.19448745593175 ], [ 155.833757627612869, 27.194180770026804 ], [ 155.839494856203288, 27.191168730053278 ], [ 155.84080839429285, 27.190478196411988 ], [ 155.842609839773132, 27.189528000617059 ], [ 155.846120412627243, 27.187670274663901 ], [ 155.847873824418372, 27.186739461057613 ], [ 155.853992201879493, 27.18348108508448 ], [ 155.855519952184778, 27.18266520033913 ], [ 155.858574040859622, 27.181029689668776 ], [ 155.860099373787676, 27.180210603337031 ], [ 155.86879448877508, 27.175528299292012 ], [ 155.869879659319764, 27.174942750707885 ], [ 155.872050035481521, 27.173769349476345 ], [ 155.873134357065766, 27.173181973469582 ], [ 155.877471646999567, 27.170827828042178 ], [ 155.878554618701202, 27.170238865631518 ], [ 155.880719998229694, 27.169058955106948 ], [ 155.881801168589419, 27.168468683283521 ], [ 155.895717371460279, 27.160855289940116 ], [ 155.897453697930615, 27.159902290059051 ], [ 155.900925241107899, 27.15799096181388 ], [ 155.902659042281726, 27.157033411363017 ], [ 155.909591845787673, 27.153192485145411 ], [ 155.911322578474966, 27.152230607157321 ], [ 155.914781956522376, 27.150302051499125 ], [ 155.916509196243311, 27.149336159836366 ], [ 155.930327127495758, 27.141584238522086 ], [ 155.932051154837637, 27.140613954570767 ], [ 155.935498031409708, 27.138668069876076 ], [ 155.937219476797992, 27.137693260535883 ], [ 155.944102722263239, 27.133783324841033 ], [ 155.9458210443062, 27.132804220338841 ], [ 155.949255545307579, 27.130841230538636 ], [ 155.950970324921087, 27.129858146536606 ], [ 155.964688274944734, 27.121968688304719 ], [ 155.966399789119833, 27.120981244389299 ], [ 155.969821573707151, 27.119001052357078 ], [ 155.971530449271228, 27.11800910913351 ], [ 155.978363285937832, 27.114030664883842 ], [ 155.980068985995473, 27.113034457075059 ], [ 155.983478182772529, 27.111037284943194 ], [ 155.985180292736715, 27.110037134506598 ], [ 155.998796566308926, 27.102011147496682 ], [ 156.000495355077334, 27.101006669522462 ], [ 156.003891624099793, 27.098992423761786 ], [ 156.005587720297768, 27.097983473458839 ], [ 156.012369303700694, 27.093937028771336 ], [ 156.014062172231917, 27.092923846258941 ], [ 156.017445644801597, 27.090892746303524 ], [ 156.019134873775812, 27.089875657136247 ], [ 156.032647791862956, 27.081714167475155 ], [ 156.034333647480736, 27.080692784944432 ], [ 156.03770398275347, 27.078644740862387 ], [ 156.039387090042652, 27.077618912982842 ], [ 156.046116584712792, 27.073504984067995 ], [ 156.047796412175245, 27.07247495635454 ], [ 156.051153745050129, 27.070410188479826 ], [ 156.052829884391969, 27.069376290084136 ], [ 156.06623778504607, 27.061080340985427 ], [ 156.067910498870589, 27.060042182501093 ], [ 156.07125448670584, 27.057960603599327 ], [ 156.072924397343428, 27.056918028544573 ], [ 156.079600977703564, 27.052737141506327 ], [ 156.081267557252687, 27.051690399892323 ], [ 156.084598336744449, 27.049592227599504 ], [ 156.086261181408901, 27.048541652175885 ], [ 156.099562417072747, 27.040112300342798 ], [ 156.101221784058254, 27.039057500803551 ], [ 156.104539013465143, 27.036942651482548 ], [ 156.106195523305558, 27.035883462352103 ], [ 156.112818369172743, 27.031636150488453 ], [ 156.114471496663015, 27.030572828073986 ], [ 156.117567254525881, 27.028413359789084 ], [ 156.122777134157587, 27.025072710237595 ], [ 156.130778552588964, 27.01991696619541 ], [ 156.131810639749943, 27.019256763089544 ], [ 156.13264161332043, 27.018719818365298 ], [ 156.135928692056297, 27.016567495194067 ], [ 156.136735199570495, 27.016039025680925 ], [ 156.143263926889432, 27.011758052192704 ], [ 156.146008321427786, 27.009917068918071 ], [ 156.149266531026029, 27.007727007495731 ], [ 156.153388058312686, 27.005149416512751 ], [ 156.160944051527537, 27.000110183238718 ], [ 156.166336040276889, 26.996479628232748 ], [ 156.171813568941758, 26.992756232614255 ], [ 156.172654580745217, 26.992183672039232 ], [ 156.180061532913925, 26.987349452715449 ], [ 156.183310219591277, 26.985152688646224 ], [ 156.184931966137839, 26.984052894226068 ], [ 156.197903493251971, 26.975229853375339 ], [ 156.199521610135122, 26.974125940959624 ], [ 156.202756142382583, 26.971912916248584 ], [ 156.204371241140706, 26.970804703274752 ], [ 156.210828052373046, 26.966361397660819 ], [ 156.212439619493153, 26.965249155724507 ], [ 156.215660144800296, 26.963020081711761 ], [ 156.217267793574678, 26.961904157950983 ], [ 156.230126237236419, 26.952952112950129 ], [ 156.231730206884009, 26.951832108964936 ], [ 156.234936380810183, 26.949586916403462 ], [ 156.236537280172143, 26.948462641538072 ], [ 156.242937164318874, 26.943955125229252 ], [ 156.244534482581145, 26.942826856474568 ], [ 156.247726455312346, 26.94056575580521 ], [ 156.249319812060577, 26.939433845695902 ], [ 156.262063609248941, 26.930353935086487 ], [ 156.263653236508191, 26.929217980725866 ], [ 156.266830663604907, 26.926940906298086 ], [ 156.268417169317587, 26.92580071253326 ], [ 156.274759350264304, 26.921229558397698 ], [ 156.276342226313119, 26.920085406716566 ], [ 156.279505259760555, 26.917792568072997 ], [ 156.281084129329685, 26.916644814607025 ], [ 156.293711736808092, 26.907438191319642 ], [ 156.295286830123615, 26.906286432273305 ], [ 156.29843512458163, 26.903977765561791 ], [ 156.300007044190153, 26.902821798587382 ], [ 156.306290753916045, 26.898187586688181 ], [ 156.307858997095792, 26.897027697770483 ], [ 156.310992707248062, 26.8947034116336 ], [ 156.312556899881343, 26.893539961400535 ], [ 156.325066790600232, 26.88420779545379 ], [ 156.328354496163485, 26.881740421783434 ], [ 156.334915307696207, 26.876787275212934 ], [ 156.336101790466188, 26.875889557557343 ], [ 156.339995961045616, 26.872916164149927 ], [ 156.34298046647578, 26.870621281347667 ], [ 156.352231799558496, 26.863612040863643 ], [ 156.353188813113576, 26.862886020873475 ], [ 156.35555937026939, 26.861085613210861 ], [ 156.356375087740645, 26.860465137656206 ], [ 156.358005801427481, 26.859222897818967 ], [ 156.360811088161682, 26.857075059566654 ], [ 156.364785820909248, 26.854016343879522 ], [ 156.366769827865738, 26.852484038507868 ], [ 156.371011132258587, 26.84919648403104 ], [ 156.372671528069219, 26.847905542307217 ], [ 156.375988535343396, 26.845318770145582 ], [ 156.377644449832388, 26.844023485595557 ], [ 156.383876303748849, 26.839133761014693 ], [ 156.385072664672776, 26.838193652915152 ], [ 156.387336954337258, 26.836411848628273 ], [ 156.39083756630103, 26.833639363766054 ], [ 156.391894603353677, 26.832796823115473 ], [ 156.399156139644703, 26.827124357403477 ], [ 156.405188130028847, 26.822359996517037 ], [ 156.417335889840075, 26.812658371087366 ], [ 156.418850964201425, 26.81144487178392 ], [ 156.421878971637767, 26.809012805497161 ], [ 156.423390669944212, 26.807795228667118 ], [ 156.429432999833949, 26.802914749116951 ], [ 156.430940837350164, 26.80169340232905 ], [ 156.433953520339543, 26.799246313766702 ], [ 156.435457140035766, 26.798021570239655 ], [ 156.447481256555562, 26.78819923061053 ], [ 156.448980867073629, 26.78697067485723 ], [ 156.451977885671369, 26.784508519952738 ], [ 156.45347407157206, 26.783275921746849 ], [ 156.4594542277313, 26.778335402557161 ], [ 156.460946506976626, 26.777099072165072 ], [ 156.463928022161241, 26.774622049668267 ], [ 156.465416044015598, 26.77338236570381 ], [ 156.477315082825697, 26.763440553839018 ], [ 156.478799050536537, 26.762197099017243 ], [ 156.481764722364829, 26.759705166660524 ], [ 156.483245217793211, 26.758457702661303 ], [ 156.489162486160154, 26.753457767961976 ], [ 156.490639030867015, 26.752206611346423 ], [ 156.493589022116595, 26.749699966980302 ], [ 156.495061268962814, 26.74844549996007 ], [ 156.506833811831626, 26.738385473111464 ], [ 156.508301961367266, 26.737127275703585 ], [ 156.511235932992378, 26.734605881556604 ], [ 156.512700561682351, 26.733343710044409 ], [ 156.518554239887095, 26.728284992059116 ], [ 156.520014872888936, 26.727019167500885 ], [ 156.522932990365831, 26.724483218725823 ], [ 156.524389286836623, 26.723214126031507 ], [ 156.536033938016118, 26.713037157639235 ], [ 156.537486093109266, 26.711764375925611 ], [ 156.540388018292703, 26.709213837449084 ], [ 156.541836605775558, 26.707937118503594 ], [ 156.547625999540656, 26.70282025665 ], [ 156.549070549067238, 26.701539924228484 ], [ 156.551956446533296, 26.698974990303952 ], [ 156.553396620858308, 26.697691433812906 ], [ 156.564911999889461, 26.687398807209604 ], [ 156.566347990568175, 26.686111603068298 ], [ 156.569217524869288, 26.683532243118833 ], [ 156.57064989937399, 26.682241135920094 ], [ 156.576374324316049, 26.677066776810733 ], [ 156.577802619496225, 26.675772097504733 ], [ 156.580655956108359, 26.673178503085865 ], [ 156.582079837415364, 26.671880643777229 ], [ 156.593464585422709, 26.661473658482805 ], [ 156.59488424171505, 26.660172193792107 ], [ 156.597721046989392, 26.657564337924327 ], [ 156.599137040342981, 26.656259007047879 ], [ 156.604795821070894, 26.651027801791884 ], [ 156.606207692831191, 26.649718940177422 ], [ 156.60902813314263, 26.647097011718188 ], [ 156.610435554158272, 26.645785014167586 ], [ 156.621688332051491, 26.635264982293506 ], [ 156.623091485783817, 26.633949421628927 ], [ 156.625895228382973, 26.631313397195953 ], [ 156.627294674210276, 26.629994007218073 ], [ 156.632887146125796, 26.624706615917802 ], [ 156.634282428991838, 26.623383736570418 ], [ 156.63706964115184, 26.620733805021473 ], [ 156.638460436400948, 26.619407833804985 ], [ 156.649579922176287, 26.608776080951884 ], [ 156.650966409672748, 26.607446588889388 ], [ 156.65373676134331, 26.604782729539579 ], [ 156.655119495069044, 26.603449445935524 ], [ 156.660645002565303, 26.598106534988773 ], [ 156.662023533759481, 26.596769804283554 ], [ 156.664777190415776, 26.594092203292917 ], [ 156.666151198020003, 26.592752424784976 ], [ 156.677136090358687, 26.582010290043144 ], [ 156.67850574974139, 26.580667034756232 ], [ 156.681242385828028, 26.577975675937068 ], [ 156.682608246474302, 26.576628665980508 ], [ 156.688066144737064, 26.571230908080395 ], [ 156.689427762381484, 26.569880493290526 ], [ 156.692147543375228, 26.567175560104459 ], [ 156.693504601457136, 26.565822144276979 ], [ 156.70435362062338, 26.554970978428173 ], [ 156.70570629181239, 26.553614128989238 ], [ 156.708408893056259, 26.550895607946472 ], [ 156.709757722341493, 26.549535042508637 ], [ 156.715147374652162, 26.544083115743661 ], [ 156.716491920466325, 26.542719186841396 ], [ 156.719177509235379, 26.539987261403354 ], [ 156.72051746041339, 26.538620377328812 ], [ 156.731229344659056, 26.527661544644985 ], [ 156.732564870273251, 26.526291271025798 ], [ 156.735233123710287, 26.523545930400559 ], [ 156.736564763353641, 26.522171979453788 ], [ 156.741885545582051, 26.516666569107315 ], [ 156.743212863084096, 26.51528929876244 ], [ 156.745863947563777, 26.512530723714235 ], [ 156.747186637153987, 26.511150543163239 ], [ 156.757760144515743, 26.500085420506252 ], [ 156.759078370770823, 26.498701895376769 ], [ 156.761711967034472, 26.495930079609991 ], [ 156.76302626325176, 26.494542915823217 ], [ 156.76827755846287, 26.488984712574791 ], [ 156.76958749476799, 26.487594272557999 ], [ 156.772203770088282, 26.484809395037928 ], [ 156.773509044307303, 26.483416092478905 ], [ 156.783942954404466, 26.472246066603105 ], [ 156.785243728415736, 26.470849464431694 ], [ 156.787842363534907, 26.468051520661589 ], [ 156.789084499950405, 26.466710492995247 ], [ 156.794320369090002, 26.461041020227299 ], [ 156.795275918549379, 26.460004134283793 ], [ 156.797185346527414, 26.457927850590266 ], [ 156.798474889804908, 26.456521667941018 ], [ 156.799314134440039, 26.455603811766849 ], [ 156.809774756200824, 26.444146976802017 ], [ 156.81014037288017, 26.44374616605316 ], [ 156.810872647655202, 26.442942756703275 ], [ 156.811238509850142, 26.442541030444715 ], [ 156.812684118777639, 26.440952419418949 ], [ 156.813118744934656, 26.440474338020664 ], [ 156.813987692378788, 26.439517595161334 ], [ 156.814421686312386, 26.439039293428891 ], [ 156.817800963544556, 26.435311328355539 ], [ 156.818731660238228, 26.434282461666896 ], [ 156.820591194728792, 26.432222544735112 ], [ 156.821519551387013, 26.431192025092514 ], [ 156.825213750514678, 26.427082735780033 ], [ 156.826135742671255, 26.426055013028872 ], [ 156.827977923842951, 26.423997354294897 ], [ 156.82889757956039, 26.422968013663223 ], [ 156.833066181859209, 26.418292490506417 ], [ 156.833586371314624, 26.417708339468732 ], [ 156.834626573058841, 26.416538873670675 ], [ 156.83514616176663, 26.415954034651236 ], [ 156.837224136185824, 26.413612344834235 ], [ 156.837742958671157, 26.413026987805608 ], [ 156.83878014139114, 26.41185542838582 ], [ 156.839298053762974, 26.411269731413313 ], [ 156.84396947781002, 26.405980397577679 ], [ 156.84481729568202, 26.405019182389879 ], [ 156.846230100039435, 26.403415351237896 ], [ 156.847076880993683, 26.402452840126898 ], [ 156.849616628505174, 26.399562231112355 ], [ 156.850462247535262, 26.398598539191596 ], [ 156.851870938393887, 26.39699108646991 ], [ 156.852715440466085, 26.3960261867594 ], [ 156.853412991517217, 26.395228271368126 ], [ 156.854003672532173, 26.394551608870074 ], [ 156.855184123548753, 26.393197506859821 ], [ 156.855773694801002, 26.39252029397673 ], [ 156.858130691978005, 26.38980923460889 ], [ 156.8587191210909, 26.389131489327042 ], [ 156.859895311120368, 26.387774943859085 ], [ 156.860482592698219, 26.387096694956881 ], [ 156.865180610597378, 26.381663416533797 ], [ 156.865766713163936, 26.380984640628981 ], [ 156.866938565762808, 26.379625666091982 ], [ 156.867523838255153, 26.378946020542912 ], [ 156.869864188082687, 26.376224585696349 ], [ 156.870448297751665, 26.375544435627461 ], [ 156.87161584259789, 26.374183084182391 ], [ 156.872198486371218, 26.373502806409789 ], [ 156.881529749398993, 26.362592042489268 ], [ 156.882693003579703, 26.361228077614072 ], [ 156.885016796888323, 26.358495948029827 ], [ 156.886176389029657, 26.357128894883147 ], [ 156.89080917640311, 26.351652270036624 ], [ 156.891964728789873, 26.350282488346693 ], [ 156.89427246560254, 26.347539479663652 ], [ 156.895423712034955, 26.346167370528178 ], [ 156.904625634565747, 26.335169259054368 ], [ 156.905772721634463, 26.333794406087264 ], [ 156.908064134852822, 26.331040524600951 ], [ 156.909207526606366, 26.329662616636938 ], [ 156.913775418901281, 26.32414262917942 ], [ 156.914914741223271, 26.322762031343018 ], [ 156.917189981033431, 26.319997423642548 ], [ 156.91832497311978, 26.318614539729566 ], [ 156.927396627952277, 26.307530303780936 ], [ 156.928527433694654, 26.30614471470733 ], [ 156.93078623569707, 26.303369388886523 ], [ 156.931913311950467, 26.301980779889476 ], [ 156.936415849612644, 26.296418043158781 ], [ 156.937538828554381, 26.295026782960178 ], [ 156.939781342035786, 26.292240882910761 ], [ 156.940899966460876, 26.290847377105251 ], [ 156.949840442582882, 26.279678250551143 ], [ 156.95095485278469, 26.27828208005451 ], [ 156.953180817841059, 26.275485616568403 ], [ 156.95429146527934, 26.274086462120977 ], [ 156.958728196849307, 26.268481593950696 ], [ 156.959834719097699, 26.267079826073541 ], [ 156.962044283217466, 26.264272943941563 ], [ 156.963146426667123, 26.262868971826208 ], [ 156.971954831950512, 26.25161619393262 ], [ 156.973052735096331, 26.250209596695896 ], [ 156.975245640175018, 26.247392307609346 ], [ 156.976339747281969, 26.24598276149564 ], [ 156.980710232092207, 26.240336385116393 ], [ 156.981800187029449, 26.238924266042545 ], [ 156.983976581454755, 26.236096712093968 ], [ 156.985062134210608, 26.234682429251109 ], [ 156.993737590018128, 26.223347250076017 ], [ 156.994818877289759, 26.22193038258149 ], [ 156.996978503855786, 26.219092579958897 ], [ 156.998055963612757, 26.217672799560404 ], [ 157.002359765491548, 26.2119855409004 ], [ 157.0034330451995, 26.21056322621223 ], [ 157.005576053192868, 26.207715314310718 ], [ 157.006644908236723, 26.20629087812199 ], [ 157.015186554816097, 26.194874554917163 ], [ 157.016251117395967, 26.193447573646949 ], [ 157.018377252308625, 26.190589572251326 ], [ 157.019437957696056, 26.189159714949255 ], [ 157.02367465036528, 26.183432205332451 ], [ 157.024731149623136, 26.18199985241165 ], [ 157.026840558045734, 26.179131900017495 ], [ 157.02789261015667, 26.177697467864164 ], [ 157.036299603044569, 26.166201265076751 ], [ 157.037347338409432, 26.164764328311435 ], [ 157.039439771229155, 26.161886444704095 ], [ 157.040483616126522, 26.16044666877923 ], [ 157.044652783200235, 26.154679542227541 ], [ 157.045692396787359, 26.153237311153219 ], [ 157.047767999693889, 26.150349633928954 ], [ 157.048803144550021, 26.148905364990924 ], [ 157.057074656370929, 26.137330556060732 ], [ 157.058105460199528, 26.135883823879851 ], [ 157.060163985880109, 26.132986376420376 ], [ 157.061190869563262, 26.131536841052821 ], [ 157.065292100050925, 26.125730736085075 ], [ 157.066314726343904, 26.124278785138216 ], [ 157.068356319589299, 26.121371703241948 ], [ 157.06937445646625, 26.119917757598955 ], [ 157.077509677829909, 26.108265623160293 ], [ 157.078523449398205, 26.106809254743951 ], [ 157.080547866491457, 26.103892564490621 ], [ 157.081557687337778, 26.102433429759458 ], [ 157.085590581940579, 26.096588988491362 ], [ 157.086596121114809, 26.095127478650738 ], [ 157.088603505048383, 26.092201314939047 ], [ 157.089604534122856, 26.090737851770797 ], [ 157.097602671826195, 26.079009681452135 ], [ 157.098599312209132, 26.077543837778421 ], [ 157.100589422864147, 26.074608226688639 ], [ 157.101582082847159, 26.073139654472016 ], [ 157.105546249460446, 26.067257522617069 ], [ 157.106534603489905, 26.065786615759976 ], [ 157.108507583858824, 26.06284169129151 ], [ 157.10949140710332, 26.06136887427445 ], [ 157.117351685033015, 26.049565962199722 ], [ 157.118331098002415, 26.048090805146956 ], [ 157.120286709764542, 26.045136597876052 ], [ 157.121262113556583, 26.043658750051662 ], [ 157.125157167270373, 26.037739576920387 ], [ 157.126128240826489, 26.03625943492537 ], [ 157.12806662607457, 26.033296076153306 ], [ 157.129033149060916, 26.031814067165783 ], [ 157.13675480818884, 26.019937716452773 ], [ 157.137716897517322, 26.018453408798223 ], [ 157.139637823327377, 26.015480930900708 ], [ 157.140595875599644, 26.013993970245906 ], [ 157.144421441397213, 26.008038409645337 ], [ 157.145375140950847, 26.006549196188871 ], [ 157.14727874401936, 26.003567730466813 ], [ 157.148227875016715, 26.002076692285897 ], [ 157.155810172502385, 25.990128212347457 ], [ 157.156638544333902, 25.988819180761141 ], [ 157.158640901057623, 25.985644497495969 ], [ 157.159581510079221, 25.984148588586862 ], [ 157.163337221936018, 25.978157297021966 ], [ 157.16361926461812, 25.977706934527646 ], [ 157.164183466893775, 25.976805199600562 ], [ 157.165118650305914, 25.975306011763564 ], [ 157.166423088155994, 25.973208502271177 ], [ 157.167074977029102, 25.972158033866549 ], [ 157.174699765682277, 25.959843662955222 ], [ 157.175269391769376, 25.958922630375497 ], [ 157.175546184209367, 25.958474635796279 ], [ 157.17618944768563, 25.957432371007599 ], [ 157.177040185656807, 25.956051932351329 ], [ 157.177520998295932, 25.955270854066953 ], [ 157.179654754064273, 25.951800869415081 ], [ 157.180605123428364, 25.950250408529968 ], [ 157.182501521128671, 25.947146743827489 ], [ 157.183447152864602, 25.945594188421296 ], [ 157.187221622780072, 25.939377265049103 ], [ 157.188162463827354, 25.937822614222711 ], [ 157.190040027025958, 25.934710200915362 ], [ 157.190976122351032, 25.93315347895026 ], [ 157.196436752754977, 25.92404282951361 ], [ 157.197117377665364, 25.922904521626805 ], [ 157.198476891795536, 25.920625470489313 ], [ 157.19915522613357, 25.919485655339145 ], [ 157.201865024652108, 25.914921523110166 ], [ 157.202540781532349, 25.913780633269965 ], [ 157.203890181886919, 25.911497045052954 ], [ 157.204563127486864, 25.91035553018412 ], [ 157.212140136958539, 25.897470990893765 ], [ 157.213083845943544, 25.895860729589202 ], [ 157.214967358157566, 25.892636119561672 ], [ 157.215906393366168, 25.891023082049941 ], [ 157.219654582393588, 25.884562774253141 ], [ 157.220588631760421, 25.882947398504058 ], [ 157.222452292339796, 25.879713454412695 ], [ 157.223381147223023, 25.878096204476606 ], [ 157.230798509944208, 25.865136787633219 ], [ 157.23172226926809, 25.863517201258247 ], [ 157.23356583719422, 25.860273977961924 ], [ 157.234484893963582, 25.85865166214478 ], [ 157.238153073006316, 25.852154319366832 ], [ 157.239067118753411, 25.850529714775007 ], [ 157.240890736119155, 25.84727735706474 ], [ 157.241799566697324, 25.845650930446482 ], [ 157.249056504754464, 25.832618234144576 ], [ 157.249960219089559, 25.830989521449737 ], [ 157.25176364937343, 25.82772808688199 ], [ 157.252662629676962, 25.82609669150952 ], [ 157.256250415624578, 25.819563113247369 ], [ 157.257144361523757, 25.817929480361784 ], [ 157.258927745019747, 25.814659111029641 ], [ 157.259816457763947, 25.813023706479271 ], [ 157.266912213928009, 25.799919336008912 ], [ 157.267795787946142, 25.798281697542478 ], [ 157.269558893528739, 25.795002451901951 ], [ 157.270437704737077, 25.793362179321434 ], [ 157.273944724370352, 25.786793170468826 ], [ 157.274818477791342, 25.785150709837666 ], [ 157.2765614421576, 25.781862729981299 ], [ 157.277429944436932, 25.780218550745872 ], [ 157.284363783062787, 25.767044117692222 ], [ 157.285227126831074, 25.765397755802042 ], [ 157.286949724250718, 25.762101102883918 ], [ 157.287808275532171, 25.760452154543827 ], [ 157.291234166424289, 25.753848523590904 ], [ 157.292087638334152, 25.752197436662755 ], [ 157.293790003705936, 25.748892250977178 ], [ 157.2946382064886, 25.747239498504428 ], [ 157.301409414413371, 25.733996623445819 ], [ 157.302252438000124, 25.732341739580249 ], [ 157.303934350990431, 25.729028084978609 ], [ 157.304772554210871, 25.727370662326507 ], [ 157.308116965626397, 25.720733220462193 ], [ 157.308950066992935, 25.719073711382975 ], [ 157.310611659800571, 25.715751726361503 ], [ 157.311439475851927, 25.714090603898626 ], [ 157.318047362396356, 25.700780911909902 ], [ 157.318869980365918, 25.699117710214438 ], [ 157.320511037155399, 25.695787460423304 ], [ 157.321328805980244, 25.694121767606021 ], [ 157.324591397975297, 25.687451329615442 ], [ 157.325404045160923, 25.685783601632352 ], [ 157.327024696333211, 25.682445224667617 ], [ 157.327832041116409, 25.680775935461384 ], [ 157.334275936285877, 25.667401062409454 ], [ 157.335078065001511, 25.665729746131177 ], [ 157.336678099215334, 25.662383309442703 ], [ 157.337475352706207, 25.660709551504965 ], [ 157.340655794330047, 25.654006935771861 ], [ 157.341447905496835, 25.652331193030562 ], [ 157.343027451356107, 25.648976833314634 ], [ 157.34381424483243, 25.647299583309518 ], [ 157.350093499316273, 25.633861166859674 ], [ 157.350875057838522, 25.632181941044024 ], [ 157.352433910297378, 25.62881972844832 ], [ 157.353210567514139, 25.627138109536645 ], [ 157.356308541306845, 25.620404138040925 ], [ 157.357080036415169, 25.618720585586857 ], [ 157.358618319580643, 25.615350655009252 ], [ 157.35938448260859, 25.613665648351315 ], [ 157.365498470478798, 25.600165336061991 ], [ 157.366259381465994, 25.598478407552932 ], [ 157.36777689568774, 25.595100830039684 ], [ 157.368532879289688, 25.593411556098886 ], [ 157.371548077681979, 25.586647052619725 ], [ 157.372298881189266, 25.584955897297277 ], [ 157.373795748775052, 25.581570807747028 ], [ 157.374541204913299, 25.579878252180038 ], [ 157.380489321825195, 25.566317695205726 ], [ 157.381229510634199, 25.564623269049008 ], [ 157.382705537331418, 25.561230740306627 ], [ 157.383440772674163, 25.559534019080104 ], [ 157.386372898891096, 25.552739811893275 ], [ 157.387102936152047, 25.551041260546071 ], [ 157.388558240671074, 25.547641425711618 ], [ 157.389282917972452, 25.545941527180162 ], [ 157.395064581166167, 25.532322384770595 ], [ 157.395783974051511, 25.530620668709389 ], [ 157.397218369332819, 25.527213603325436 ], [ 157.397932785370614, 25.525509641656953 ], [ 157.400781552527093, 25.518686559937237 ], [ 157.40149075249704, 25.51698082030893 ], [ 157.40290435365344, 25.513566656576245 ], [ 157.403608181072997, 25.511859622823664 ], [ 157.409222829370748, 25.498183558724691 ], [ 157.409921357085437, 25.496474760502224 ], [ 157.411313981555764, 25.493053574862984 ], [ 157.41200750903991, 25.491342580496166 ], [ 157.414772642843701, 25.484491458814119 ], [ 157.415460937173322, 25.48277873864825 ], [ 157.416832698270838, 25.479350661504327 ], [ 157.417515607459592, 25.47763670117331 ], [ 157.422962702167325, 25.463905385425591 ], [ 157.42339465014382, 25.462813400718403 ], [ 157.423640298161928, 25.46218971278546 ], [ 157.424991018721158, 25.458754824176253 ], [ 157.425663591102676, 25.457037006652826 ], [ 157.42842910531968, 25.449942227152405 ], [ 157.428850527630772, 25.448858925399577 ], [ 157.42951671752283, 25.447138548405917 ], [ 157.430509363117523, 25.4445638271593 ], [ 157.431004476775598, 25.44327534957813 ], [ 157.436391479683977, 25.429208251260121 ], [ 157.43672836032593, 25.428327343732235 ], [ 157.436919149699662, 25.427827755047133 ], [ 157.437367067836277, 25.426653068684544 ], [ 157.438004781595765, 25.424977119998687 ], [ 157.438369567301862, 25.424016761864408 ], [ 157.439857303172886, 25.420093581853791 ], [ 157.440508644359198, 25.418368209125987 ], [ 157.441806285132799, 25.414915338572428 ], [ 157.442452313124164, 25.413188563801413 ], [ 157.445026759178376, 25.406275888921442 ], [ 157.445667435304387, 25.404547720201322 ], [ 157.446943895245482, 25.401088856565821 ], [ 157.447579252780798, 25.399359312782423 ], [ 157.451262696017267, 25.389285727754412 ], [ 157.451721256731304, 25.388027355878194 ], [ 157.45263610377404, 25.385508418678938 ], [ 157.453092015984595, 25.384248877684058 ], [ 157.454911061197464, 25.379206335804184 ], [ 157.455364133348809, 25.377946097834553 ], [ 157.456267747858789, 25.375424119128155 ], [ 157.456717830663848, 25.374163663522495 ], [ 157.461659244678714, 25.360276656243087 ], [ 157.462273670493829, 25.358541621199265 ], [ 157.463497931984676, 25.355068141781743 ], [ 157.46410726853648, 25.353331112041616 ], [ 157.466535336437261, 25.346376211293602 ], [ 157.467139378680059, 25.344637666195581 ], [ 157.468342525887607, 25.341158133441553 ], [ 157.468941142520322, 25.339418563116624 ], [ 157.473713062208873, 25.325483032016706 ], [ 157.474306315284508, 25.323741962521893 ], [ 157.475488194425026, 25.320256462765883 ], [ 157.476076338453169, 25.318513450735537 ], [ 157.478419559815535, 25.311534713456439 ], [ 157.479002395145045, 25.309790239128603 ], [ 157.480163103345177, 25.306298896477188 ], [ 157.480740504971237, 25.304553451780862 ], [ 157.485342500456824, 25.290571087586017 ], [ 157.485914526834819, 25.288824197678991 ], [ 157.487053916605447, 25.285327100265903 ], [ 157.487620814149551, 25.283578317285787 ], [ 157.489878980331497, 25.276576591536923 ], [ 157.490440557486323, 25.274826399319267 ], [ 157.491558722357951, 25.271323671250798 ], [ 157.492114856815903, 25.269572562624148 ], [ 157.496546518907422, 25.255545065053184 ], [ 157.497097269124509, 25.25379256517499 ], [ 157.498194067902347, 25.250284295484221 ], [ 157.498739669500566, 25.248529953794701 ], [ 157.500912580851406, 25.241506088535516 ], [ 157.501452849469871, 25.239750390668519 ], [ 157.502528373885895, 25.236236702562081 ], [ 157.503063192613155, 25.234480143144509 ], [ 157.507324133702269, 25.220409212815184 ], [ 157.507853559194956, 25.218651315206358 ], [ 157.508907672551828, 25.21513229861722 ], [ 157.509431930540046, 25.213372611357386 ], [ 157.511519399101786, 25.206327458246108 ], [ 157.512038313318186, 25.204566468767865 ], [ 157.513071102849864, 25.201042245103849 ], [ 157.513584560879195, 25.199280448034557 ], [ 157.517674415841981, 25.18516778916262 ], [ 157.518182470744847, 25.183404707861399 ], [ 157.519193807848325, 25.17987537065207 ], [ 157.51969667815959, 25.17811055096152 ], [ 157.521698525866924, 25.171044963454619 ], [ 157.522196041614535, 25.169278893706405 ], [ 157.523186010826663, 25.165744562561855 ], [ 157.523678062293612, 25.163977740980357 ], [ 157.527596487588681, 25.149825064075827 ], [ 157.528083129633302, 25.148057012221841 ], [ 157.529051606846934, 25.144517780671436 ], [ 157.529533046313446, 25.142748041689032 ], [ 157.531449107691088, 25.135662875042158 ], [ 157.531925182701713, 25.133891940860707 ], [ 157.532872247956817, 25.130347929413915 ], [ 157.533342855088932, 25.128576295559895 ], [ 157.537089526960614, 25.114385312032937 ], [ 157.537554715678112, 25.112612502765018 ], [ 157.538480252961818, 25.109063805850383 ], [ 157.538940222913453, 25.107289362514479 ], [ 157.540770342377783, 25.100185473781039 ], [ 157.54122493798107, 25.098409887406746 ], [ 157.542129023735953, 25.094856623734756 ], [ 157.542578147864077, 25.093080394345122 ], [ 157.546152765038784, 25.078852818303204 ], [ 157.546596463556881, 25.077075466559904 ], [ 157.547478988065649, 25.073517732357914 ], [ 157.547917451629502, 25.071738798706861 ], [ 157.549661482592256, 25.064617045840322 ], [ 157.550094563713884, 25.062837022211198 ], [ 157.550955598922627, 25.059274936189667 ], [ 157.551383203172946, 25.057494324403933 ], [ 157.554785486861675, 25.043231874451749 ], [ 157.555207661004971, 25.041450195170654 ], [ 157.556047102592316, 25.037883853557446 ], [ 157.556464027393218, 25.036100643630078 ], [ 157.558121834955301, 25.028961885482971 ], [ 157.558533368320724, 25.02717764043598 ], [ 157.559351286433781, 25.023607161042037 ], [ 157.559757340229709, 25.021822381797818 ], [ 157.562987031427298, 25.007526779237793 ], [ 157.56338764882176, 25.005740986457653 ], [ 157.564183945433598, 25.002166467309166 ], [ 157.564579298196492, 25.000379196942703 ], [ 157.566150760049851, 24.99322429416614 ], [ 157.56654071508288, 24.991436042639549 ], [ 157.567315455844238, 24.987857601547489 ], [ 157.567699927710038, 24.986068869782912 ], [ 157.570756789894659, 24.971741836816591 ], [ 157.571135821761544, 24.969952145475503 ], [ 157.571888914941979, 24.966369880466004 ], [ 157.572262667788692, 24.964578764598741 ], [ 157.573747670618815, 24.957408580541937 ], [ 157.574116019439685, 24.955616536574297 ], [ 157.574847527092089, 24.95203056366006 ], [ 157.575210390947319, 24.950238095212171 ], [ 157.578094208281328, 24.935881357638976 ], [ 157.578451627641385, 24.93408798447328 ], [ 157.579161465230101, 24.930498403478879 ], [ 157.579513592978657, 24.928703657947835 ], [ 157.580912033364285, 24.921519055060742 ], [ 157.581258749892214, 24.919723435388505 ], [ 157.581946975872853, 24.916130363226017 ], [ 157.582288206535878, 24.914334373033199 ], [ 157.584998784766896, 24.89994965845051 ], [ 157.585116490734009, 24.899323151142795 ], [ 157.585334568236277, 24.898152817498925 ], [ 157.58600110256944, 24.894556353992897 ], [ 157.586333098094457, 24.892749870510727 ], [ 157.587690176860889, 24.885302586445647 ], [ 157.588034553352742, 24.883395583939432 ], [ 157.588634518069313, 24.880042940130011 ], [ 157.588933616393916, 24.878357974841208 ], [ 157.591501092701748, 24.863774553253279 ], [ 157.591590470024613, 24.86326557294808 ], [ 157.591769140134176, 24.862245570876638 ], [ 157.591858237768321, 24.861735654377412 ], [ 157.592195506018726, 24.859800138865808 ], [ 157.592421392333705, 24.858498594135312 ], [ 157.593113020450261, 24.854496766612812 ], [ 157.59345006926597, 24.852527191077428 ], [ 157.594117792502942, 24.848586616379691 ], [ 157.59444833382409, 24.846616407721513 ], [ 157.595757974251484, 24.83873116551149 ], [ 157.596081990991507, 24.836760339918186 ], [ 157.59672373641186, 24.832816744397633 ], [ 157.597041247456247, 24.83084532165455 ], [ 157.598952549621146, 24.818852744358878 ], [ 157.599189345612587, 24.817354914498196 ], [ 157.599659466212103, 24.814357141369442 ], [ 157.599892597465697, 24.812858417582333 ], [ 157.600818141944529, 24.806859321700671 ], [ 157.601047506838, 24.805360292144172 ], [ 157.601502629443559, 24.802360947000551 ], [ 157.601728151533536, 24.800862201629712 ], [ 157.60428629197898, 24.783715536843033 ], [ 157.604601931534859, 24.781573706961211 ], [ 157.605225943222905, 24.777286797947681 ], [ 157.605534058151221, 24.775143463500513 ], [ 157.606751909273754, 24.766563706350439 ], [ 157.607052392554493, 24.764419468084384 ], [ 157.607645905534952, 24.760128950091399 ], [ 157.607938695114996, 24.75798441684779 ], [ 157.610252483465871, 24.7408088379579 ], [ 157.610537608125043, 24.738663443163887 ], [ 157.611100546853123, 24.734369488861006 ], [ 157.611378131596126, 24.732222677634809 ], [ 157.612473784637842, 24.723629187837275 ], [ 157.612743732338032, 24.721481564522975 ], [ 157.613276151673773, 24.717184361869442 ], [ 157.613538408371284, 24.715036533509561 ], [ 157.615607710628211, 24.697834932736441 ], [ 157.615735822650805, 24.696761861671007 ], [ 157.615990422520696, 24.694613196042468 ], [ 157.616116735898942, 24.693539061079377 ], [ 157.616618581882818, 24.689238653241631 ], [ 157.616743021073859, 24.688164039839194 ], [ 157.616990061242888, 24.686014047710415 ], [ 157.617112562395761, 24.684939544025269 ], [ 157.618085961598155, 24.67633350149012 ], [ 157.618206555289277, 24.675258750491366 ], [ 157.618445967408121, 24.67310790490626 ], [ 157.618564688710336, 24.672032684461215 ], [ 157.619036008105496, 24.667729124499942 ], [ 157.619152803059734, 24.666653891464534 ], [ 157.61938454935833, 24.664502668164062 ], [ 157.619499372998263, 24.663427877594984 ], [ 157.62091504889068, 24.650063846769626 ], [ 157.621346836787581, 24.645848234209097 ], [ 157.622181327607137, 24.637412773281369 ], [ 157.622583829980528, 24.633194977166767 ], [ 157.624135771149696, 24.616313214883377 ], [ 157.624508904363012, 24.612093852149883 ], [ 157.625226102903213, 24.603650752380673 ], [ 157.625569884942848, 24.599430453453095 ], [ 157.628204717774139, 24.565634402206314 ], [ 157.628519077594007, 24.561413094239327 ], [ 157.629118885828376, 24.552964148876782 ], [ 157.629404083332389, 24.548739952287292 ], [ 157.630486870673423, 24.531831166275765 ], [ 157.630742720600352, 24.527606538011753 ], [ 157.631225312098678, 24.519153583471422 ], [ 157.631451751498076, 24.514930994869786 ], [ 157.634845207441259, 24.447257568482314 ], [ 157.635042324444072, 24.443033610213377 ], [ 157.635407776548476, 24.43457544590035 ], [ 157.635575841852102, 24.430346980229388 ], [ 157.636190113883032, 24.413417872237318 ], [ 157.636328978200055, 24.409187357910554 ], [ 157.636577538223634, 24.400723303937667 ], [ 157.636687142198781, 24.396493212292171 ], [ 157.637447810368741, 24.362616814714556 ], [ 157.637528207960969, 24.358385023350479 ], [ 157.637659854319764, 24.349916456579706 ], [ 157.637711044629356, 24.345683128274118 ], [ 157.637857429077741, 24.328740510666393 ], [ 157.637879397716375, 24.324505852263883 ], [ 157.637894105229094, 24.316034185529617 ], [ 157.637886836908393, 24.311798412866864 ], [ 157.637879389622668, 24.310366787497514 ], [ 157.63787501891764, 24.309639277331257 ], [ 157.637863097504265, 24.307842046973292 ], [ 157.637856481192586, 24.306943679108144 ], [ 157.637827376432739, 24.303349081695075 ], [ 157.637819447110388, 24.302450923371907 ], [ 157.637802270059325, 24.300654129185205 ], [ 157.637793003444727, 24.299753931199376 ], [ 157.637712305478914, 24.292434931826932 ], [ 157.637701030678528, 24.291479701627566 ], [ 157.637680064783382, 24.289813219205001 ], [ 157.637668948264292, 24.28897517156733 ], [ 157.637618832643312, 24.285381649743755 ], [ 157.637605653079191, 24.284483744129716 ], [ 157.637577974644188, 24.282687461657531 ], [ 157.637563494659872, 24.281790309675671 ], [ 157.637315369009713, 24.267085478712374 ], [ 157.637289958665207, 24.265645423098249 ], [ 157.637249213081333, 24.263433375050852 ] ] ] ] } }
]
}
